run,dataset,id,task,expected,predicted,confidence
jev-v2,business-test,biz-application_missing-3,route,clarify,tool,0.71
jev-v2,business-test,biz-application_missing-3,tool,none,queryMyApplications,0.96
jev-v2,business-test,biz-ui_disagree-1,route,human,tool,0.65
jev-v2,business-test,biz-ui_disagree-1,tool,none,queryMyApplications,0.61
jev-v2,business-test,biz-ui_disagree-1,needs_human,yes,no,
jev-v2,business-test,biz-angry_complaint-3,intent,handoff,payment_dispute,0.61
jev-v2,business-test,biz-repay_change-2,intent,repayment,handoff,0.48
jev-v2,business-test,biz-application_other-1,intent,application_detail,security,0.91
jev-v2,business-test,biz-application_other-2,intent,application_detail,security,0.9
jev-v2,business-test,biz-application_other-3,intent,application_detail,security,0.75
jev-v2,crosswoz-test,crosswoz-11293-14,intent,attraction,hotel,0.74
jev-v2,crosswoz-test,crosswoz-9746-16,intent,attraction,restaurant,0.93
jev-v2,crosswoz-test,crosswoz-7543-8,intent,attraction,restaurant,1.0
jev-v2,crosswoz-test,crosswoz-7383-14,intent,attraction,restaurant,0.86
jev-v2,crosswoz-test,crosswoz-5843-6,intent,attraction,hotel,0.85
jev-v2,crosswoz-test,crosswoz-1664-14,intent,attraction,restaurant,1.0
jev-v2,crosswoz-test,crosswoz-9604-4,intent,attraction,hotel,1.0
jev-v2,crosswoz-test,crosswoz-11513-8,intent,attraction,restaurant,0.91
jev-v2,crosswoz-test,crosswoz-8490-2,intent,attraction,restaurant,0.97
jev-v2,crosswoz-test,crosswoz-8818-6,intent,attraction,hotel,0.55
jev-v2,crosswoz-test,crosswoz-221-4,intent,hotel,restaurant,0.98
jev-v2,crosswoz-test,crosswoz-12126-4,intent,hotel,attraction,0.93
jev-v2,crosswoz-test,crosswoz-1664-20,intent,hotel,attraction,0.96
jev-v2,crosswoz-test,crosswoz-10781-4,intent,hotel,attraction,0.99
jev-v2,crosswoz-test,crosswoz-11635-2,intent,hotel,restaurant,0.9
jev-v2,crosswoz-test,crosswoz-8404-2,intent,hotel,attraction,1.0
jev-v2,crosswoz-test,crosswoz-9298-12,intent,restaurant,hotel,0.98
jev-v2,crosswoz-test,crosswoz-8696-10,intent,restaurant,attraction,0.56
jev-v2,crosswoz-test,crosswoz-10430-2,intent,restaurant,hotel,0.99
jev-v2,crosswoz-test,crosswoz-3652-26,intent,restaurant,attraction,0.86
jev-v2,crosswoz-test,crosswoz-12101-0,intent,restaurant,attraction,0.64
jev-v2,crosswoz-test,crosswoz-9129-14,intent,restaurant,hotel,0.99
jev-v2,crosswoz-test,crosswoz-8128-4,intent,restaurant,attraction,0.96
jev-v2,crosswoz-test,crosswoz-12000-2,intent,restaurant,hotel,0.91
jev-v2,crosswoz-test,crosswoz-12230-8,intent,restaurant,hotel,0.97
jev-v2,crosswoz-test,crosswoz-1568-10,intent,restaurant,attraction,1.0
jev-v2,massive-test,massive-test-14,intent,iot_hue_lighton,general_quirky,0.46
jev-v2,massive-test,massive-test-31,intent,iot_cleaning,general_quirky,0.61
jev-v2,massive-test,massive-test-41,intent,general_quirky,qa_factoid,0.5700000000000001
jev-v2,massive-test,massive-test-46,intent,general_greet,general_quirky,0.8
jev-v2,massive-test,massive-test-47,intent,datetime_query,datetime_convert,0.54
jev-v2,massive-test,massive-test-281,intent,news_query,qa_currency,1.0
jev-v2,massive-test,massive-test-329,intent,play_music,general_quirky,0.83
jev-v2,massive-test,massive-test-379,intent,music_likeness,music_settings,0.3
jev-v2,massive-test,massive-test-451,intent,news_query,qa_stock,1.0
jev-v2,massive-test,massive-test-473,intent,play_music,general_quirky,0.65
jev-v2,massive-test,massive-test-486,intent,datetime_query,datetime_convert,0.54
jev-v2,massive-test,massive-test-512,intent,weather_query,general_quirky,0.46
jev-v2,massive-test,massive-test-525,intent,takeaway_query,takeaway_order,0.99
jev-v2,massive-test,massive-test-585,intent,news_query,social_query,0.49
jev-v2,massive-test,massive-test-608,intent,audio_volume_up,audio_volume_other,0.5
jev-v2,massive-test,massive-test-625,intent,play_music,play_radio,0.9
jev-v2,massive-test,massive-test-631,intent,news_query,alarm_set,0.36
jev-v2,massive-test,massive-test-680,intent,news_query,qa_stock,1.0
jev-v2,massive-test,massive-test-738,intent,weather_query,general_quirky,0.8
jev-v2,massive-test,massive-test-861,intent,alarm_query,alarm_set,0.76
jev-v2,massive-test,massive-test-862,intent,alarm_query,alarm_set,1.0
jev-v2,massive-test,massive-test-870,intent,music_likeness,lists_createoradd,0.73
jev-v2,massive-test,massive-test-1014,intent,datetime_query,datetime_convert,0.54
jev-v2,massive-test,massive-test-1042,intent,takeaway_order,general_quirky,0.71
jev-v2,massive-test,massive-test-1071,intent,iot_hue_lightup,iot_hue_lighton,0.98
jev-v2,massive-test,massive-test-1084,intent,news_query,general_quirky,0.91
jev-v2,massive-test,massive-test-1120,intent,news_query,qa_factoid,0.5
jev-v2,massive-test,massive-test-1148,intent,datetime_query,datetime_convert,0.65
jev-v2,massive-test,massive-test-1249,intent,weather_query,general_quirky,0.7
jev-v2,massive-test,massive-test-1300,intent,audio_volume_up,transport_taxi,0.43
jev-v2,massive-test,massive-test-1336,intent,music_likeness,play_music,0.98
jev-v2,massive-test,massive-test-1372,intent,general_joke,qa_definition,0.47000000000000003
jev-v2,massive-test,massive-test-1400,intent,weather_query,general_quirky,0.89
jev-v2,massive-test,massive-test-1401,intent,weather_query,general_quirky,0.91
jev-v2,massive-test,massive-test-1423,intent,news_query,general_quirky,0.46
jev-v2,massive-test,massive-test-1617,intent,news_query,alarm_set,0.74
jev-v2,massive-test,massive-test-1744,intent,music_likeness,general_quirky,0.98
jev-v2,massive-test,massive-test-1808,intent,music_query,general_quirky,0.6900000000000001
jev-v2,massive-test,massive-test-1830,intent,takeaway_order,general_quirky,0.32
jev-v2,massive-test,massive-test-1833,intent,play_music,music_settings,0.73
jev-v2,massive-test,massive-test-1872,intent,music_likeness,music_query,0.97
jev-v2,massive-test,massive-test-1874,intent,music_likeness,lists_createoradd,0.87
jev-v2,massive-test,massive-test-1904,intent,news_query,recommendation_events,0.39
jev-v2,massive-test,massive-test-1993,intent,iot_hue_lightup,iot_hue_lighton,1.0
jev-v2,massive-test,massive-test-2057,intent,music_likeness,lists_createoradd,0.74
jev-v2,massive-test,massive-test-2075,intent,iot_hue_lightup,iot_hue_lighton,0.61
jev-v2,massive-test,massive-test-2160,intent,iot_hue_lightoff,general_quirky,0.75
jev-v2,massive-test,massive-test-2164,intent,takeaway_query,datetime_query,0.81
jev-v2,massive-test,massive-test-2165,intent,takeaway_query,cooking_query,0.79
jev-v2,massive-test,massive-test-2207,intent,audio_volume_mute,audio_volume_down,1.0
jev-v2,massive-test,massive-test-2234,intent,iot_hue_lightup,iot_hue_lighton,0.91
jev-v2,massive-test,massive-test-2255,intent,takeaway_order,takeaway_query,0.88
jev-v2,massive-test,massive-test-2263,intent,iot_hue_lightdim,iot_hue_lightchange,0.5
jev-v2,massive-test,massive-test-2264,intent,iot_hue_lightup,iot_hue_lightchange,0.59
jev-v2,massive-test,massive-test-2288,intent,iot_coffee,general_quirky,0.48
jev-v2,massive-test,massive-test-2309,intent,datetime_convert,datetime_query,0.92
jev-v2,massive-test,massive-test-2330,intent,datetime_query,datetime_convert,0.67
jev-v2,massive-test,massive-test-2408,intent,play_music,music_query,0.59
jev-v2,massive-test,massive-test-2412,intent,datetime_query,datetime_convert,0.51
jev-v2,massive-test,massive-test-2451,intent,datetime_convert,datetime_query,0.65
jev-v2,massive-test,massive-test-2472,intent,datetime_query,datetime_convert,0.52
jev-v2,massive-test,massive-test-2610,intent,takeaway_query,takeaway_order,0.92
jev-v2,massive-test,massive-test-2647,intent,music_settings,play_music,0.58
jev-v2,massive-test,massive-test-2780,intent,music_likeness,music_query,0.44
jev-v2,massive-test,massive-test-2796,intent,audio_volume_mute,audio_volume_down,0.8200000000000001
jev-v2,massive-test,massive-test-2816,intent,iot_hue_lightchange,iot_hue_lightdim,0.99
jev-v2,massive-test,massive-test-2850,intent,takeaway_query,takeaway_order,0.5700000000000001
jev-v2,massive-test,massive-test-2906,intent,iot_hue_lightchange,iot_hue_lightup,0.8
jev-v2,massive-test,massive-test-2927,intent,datetime_query,datetime_convert,0.67
jev-v2,massive-test,massive-test-3008,intent,iot_hue_lightup,iot_hue_lighton,1.0
jev-v2,massive-test,massive-test-3011,intent,iot_hue_lightup,iot_hue_lighton,0.79
jev-v2,massive-test,massive-test-3021,intent,takeaway_query,takeaway_order,0.93
jev-v2,massive-test,massive-test-3080,intent,takeaway_order,general_quirky,0.92
jev-v2,massive-test,massive-test-3091,intent,datetime_query,datetime_convert,0.53
jev-v2,massive-test,massive-test-3101,intent,news_query,play_radio,1.0
jev-v2,massive-test,massive-test-3103,intent,music_dislikeness,music_settings,0.5
jev-v2,massive-test,massive-test-3114,intent,music_likeness,lists_createoradd,0.47
jev-v2,massive-test,massive-test-3127,intent,general_quirky,weather_query,0.87
jev-v2,massive-test,massive-test-3128,intent,general_quirky,weather_query,0.6
jev-v2,massive-test,massive-test-3184,intent,iot_wemo_on,general_quirky,0.73
jev-v2,massive-test,massive-test-3193,intent,music_likeness,general_quirky,0.32
jev-v2,massive-test,massive-test-3204,intent,music_likeness,music_settings,0.59
jev-v2,massive-test,massive-test-3212,intent,calendar_set,alarm_set,0.72
jev-v2,massive-test,massive-test-3337,intent,weather_query,qa_maths,0.54
jev-v2,massive-test,massive-test-3349,intent,audio_volume_up,transport_query,0.67
jev-v2,massive-test,massive-test-3364,intent,general_joke,general_greet,0.54
jev-v2,massive-test,massive-test-3386,intent,iot_hue_lightoff,iot_hue_lightdim,0.86
jev-v2,massive-test,massive-test-3433,intent,play_music,music_query,0.58
jev-v2,massive-test,massive-test-3434,intent,play_music,music_query,0.83
jev-v2,massive-test,massive-test-3600,intent,calendar_set,alarm_set,1.0
jev-v2,massive-test,massive-test-3654,intent,music_query,general_quirky,0.45
jev-v2,massive-test,massive-test-3669,intent,datetime_convert,datetime_query,0.54
jev-v2,massive-test,massive-test-3674,intent,iot_hue_lightchange,general_quirky,0.52
jev-v2,massive-test,massive-test-3683,intent,music_likeness,lists_createoradd,0.56
jev-v2,massive-test,massive-test-3700,intent,iot_hue_lightchange,iot_hue_lightdim,0.88
jev-v2,massive-test,massive-test-3822,intent,news_query,qa_factoid,0.73
jev-v2,massive-test,massive-test-3859,intent,play_music,lists_createoradd,0.75
jev-v2,massive-test,massive-test-3883,intent,iot_hue_lightup,iot_hue_lighton,0.98
jev-v2,massive-test,massive-test-3894,intent,play_audiobook,play_music,0.37
jev-v2,massive-test,massive-test-4001,intent,news_query,qa_factoid,0.85
jev-v2,massive-test,massive-test-4125,intent,takeaway_query,recommendation_locations,1.0
jev-v2,massive-test,massive-test-4166,intent,audio_volume_other,audio_volume_up,0.53
jev-v2,massive-test,massive-test-4201,intent,iot_wemo_on,iot_cleaning,1.0
jev-v2,massive-test,massive-test-4212,intent,weather_query,general_quirky,0.4
jev-v2,massive-test,massive-test-4254,intent,datetime_query,datetime_convert,0.66
jev-v2,massive-test,massive-test-4268,intent,music_settings,lists_createoradd,0.79
jev-v2,massive-test,massive-test-4436,intent,weather_query,general_quirky,0.8
jev-v2,massive-test,massive-test-4461,intent,takeaway_query,recommendation_locations,0.35000000000000003
jev-v2,massive-test,massive-test-4482,intent,weather_query,transport_traffic,0.61
jev-v2,massive-test,massive-test-4492,intent,news_query,qa_factoid,0.62
jev-v2,massive-test,massive-test-4550,intent,music_likeness,play_music,0.7
jev-v2,massive-test,massive-test-4606,intent,news_query,qa_stock,1.0
jev-v2,massive-test,massive-test-4680,intent,weather_query,general_quirky,0.94
jev-v2,massive-test,massive-test-4702,intent,audio_volume_up,play_music,0.72
jev-v2,massive-test,massive-test-4772,intent,datetime_query,datetime_convert,0.92
jev-v2,massive-test,massive-test-4798,intent,iot_coffee,general_quirky,0.91
jev-v2,massive-test,massive-test-4813,intent,datetime_query,datetime_convert,0.95
jev-v2,massive-test,massive-test-4833,intent,audio_volume_mute,lists_remove,0.46
jev-v2,massive-test,massive-test-4837,intent,news_query,email_query,0.49
jev-v2,massive-test,massive-test-4874,intent,music_likeness,general_quirky,0.6900000000000001
jev-v2,massive-test,massive-test-4887,intent,music_likeness,lists_createoradd,0.37
jev-v2,massive-test,massive-test-4890,intent,calendar_set,alarm_set,0.74
jev-v2,massive-test,massive-test-4955,intent,iot_hue_lightchange,general_quirky,0.92
jev-v2,massive-test,massive-test-4985,intent,music_likeness,lists_createoradd,0.42
jev-v2,massive-test,massive-test-5010,intent,iot_coffee,play_music,0.36
jev-v2,massive-test,massive-test-5016,intent,news_query,qa_stock,1.0
jev-v2,massive-test,massive-test-5037,intent,weather_query,general_quirky,0.59
jev-v2,massive-test,massive-test-5047,intent,iot_hue_lightdim,iot_hue_lightoff,1.0
jev-v2,massive-test,massive-test-5118,intent,play_music,general_quirky,0.83
jev-v2,massive-test,massive-test-5127,intent,news_query,general_quirky,0.55
jev-v2,massive-test,massive-test-5131,intent,datetime_query,datetime_convert,0.56
jev-v2,massive-test,massive-test-5152,intent,music_settings,play_music,0.88
jev-v2,massive-test,massive-test-5221,intent,audio_volume_mute,music_settings,0.64
jev-v2,massive-test,massive-test-5258,intent,music_likeness,lists_createoradd,0.87
jev-v2,massive-test,massive-test-5339,intent,weather_query,audio_volume_down,0.47000000000000003
jev-v2,massive-test,massive-test-5341,intent,datetime_query,alarm_set,0.99
jev-v2,massive-test,massive-test-5378,intent,play_music,general_quirky,0.62
jev-v2,massive-test,massive-test-5465,intent,weather_query,general_quirky,0.62
jev-v2,massive-test,massive-test-5468,intent,weather_query,qa_factoid,0.8
jev-v2,massive-test,massive-test-5501,intent,iot_hue_lightup,iot_hue_lighton,1.0
jev-v2,massive-test,massive-test-5529,intent,weather_query,general_quirky,0.4
jev-v2,massive-test,massive-test-5531,intent,music_likeness,music_query,0.91
jev-v2,massive-test,massive-test-5574,intent,iot_hue_lightup,iot_hue_lighton,0.99
jev-v2,massive-test,massive-test-5577,intent,weather_query,general_quirky,0.46
jev-v2,massive-test,massive-test-5578,intent,weather_query,general_quirky,0.95
jev-v2,massive-test,massive-test-5614,intent,music_query,play_radio,0.76
jev-v2,massive-test,massive-test-5671,intent,datetime_query,datetime_convert,0.55
jev-v2,massive-test,massive-test-5691,intent,music_likeness,play_music,0.46
jev-v2,massive-test,massive-test-5727,intent,iot_hue_lightup,iot_hue_lighton,0.97
jev-v2,massive-test,massive-test-5732,intent,weather_query,qa_factoid,0.77
jev-v2,massive-test,massive-test-5812,intent,audio_volume_other,music_settings,0.86
jev-v2,massive-test,massive-test-5911,intent,music_settings,play_music,1.0
jev-v2,massive-test,massive-test-5912,intent,music_settings,lists_remove,0.41000000000000003
jev-v2,massive-test,massive-test-5953,intent,weather_query,qa_factoid,0.75
jev-v2,massive-test,massive-test-5955,intent,weather_query,qa_factoid,0.98
jev-v2,massive-test,massive-test-5997,intent,datetime_query,datetime_convert,0.64
jev-v2,massive-test,massive-test-6013,intent,music_query,qa_factoid,0.41000000000000003
jev-v2,massive-test,massive-test-6023,intent,weather_query,general_quirky,0.64
jev-v2,massive-test,massive-test-6024,intent,weather_query,general_quirky,0.48
jev-v2,massive-test,massive-test-6025,intent,weather_query,qa_factoid,0.7
jev-v2,massive-test,massive-test-6045,intent,play_music,music_query,0.48
jev-v2,massive-test,massive-test-6050,intent,weather_query,qa_factoid,0.51
jev-v2,massive-test,massive-test-6055,intent,iot_hue_lightoff,iot_hue_lighton,0.48
jev-v2,massive-test,massive-test-6093,intent,weather_query,qa_factoid,0.53
jev-v2,massive-test,massive-test-6109,intent,music_likeness,general_quirky,0.31
jev-v2,massive-test,massive-test-6127,intent,weather_query,general_quirky,0.43
jev-v2,massive-test,massive-test-6178,intent,weather_query,general_quirky,0.42
jev-v2,massive-test,massive-test-6213,intent,general_quirky,calendar_query,1.0
jev-v2,massive-test,massive-test-6214,intent,general_quirky,datetime_query,0.58
jev-v2,massive-test,massive-test-6241,intent,general_quirky,social_post,0.53
jev-v2,massive-test,massive-test-6243,intent,general_quirky,social_post,0.53
jev-v2,massive-test,massive-test-6295,intent,general_quirky,transport_traffic,0.9400000000000001
jev-v2,massive-test,massive-test-6301,intent,general_quirky,news_query,0.75
jev-v2,massive-test,massive-test-6304,intent,general_quirky,general_greet,0.6
jev-v2,massive-test,massive-test-6305,intent,general_quirky,datetime_query,0.65
jev-v2,massive-test,massive-test-6319,intent,general_quirky,recommendation_events,0.85
jev-v2,massive-test,massive-test-6322,intent,general_quirky,play_game,0.54
jev-v2,massive-test,massive-test-6353,intent,general_quirky,recommendation_locations,0.36
jev-v2,massive-test,massive-test-6370,intent,calendar_query,general_quirky,0.65
jev-v2,massive-test,massive-test-6371,intent,general_quirky,qa_definition,0.43
jev-v2,massive-test,massive-test-6378,intent,general_quirky,qa_factoid,0.47000000000000003
jev-v2,massive-test,massive-test-6382,intent,general_quirky,news_query,0.73
jev-v2,massive-test,massive-test-6385,intent,general_quirky,qa_factoid,0.8
jev-v2,massive-test,massive-test-6402,intent,general_quirky,qa_factoid,0.5
jev-v2,massive-test,massive-test-6405,intent,general_quirky,qa_factoid,0.83
jev-v2,massive-test,massive-test-6417,intent,general_quirky,lists_createoradd,0.97
jev-v2,massive-test,massive-test-6424,intent,general_quirky,general_greet,0.95
jev-v2,massive-test,massive-test-6426,intent,general_quirky,news_query,0.5
jev-v2,massive-test,massive-test-6431,intent,general_quirky,calendar_set,0.51
jev-v2,massive-test,massive-test-6432,intent,general_quirky,calendar_query,1.0
jev-v2,massive-test,massive-test-6433,intent,general_quirky,calendar_set,0.97
jev-v2,massive-test,massive-test-6439,intent,general_quirky,music_query,0.8
jev-v2,massive-test,massive-test-6446,intent,general_quirky,recommendation_locations,0.83
jev-v2,massive-test,massive-test-6448,intent,general_quirky,news_query,0.49
jev-v2,massive-test,massive-test-6477,intent,general_quirky,qa_factoid,0.5
jev-v2,massive-test,massive-test-6489,intent,general_quirky,qa_factoid,0.6
jev-v2,massive-test,massive-test-6500,intent,social_query,social_post,0.55
jev-v2,massive-test,massive-test-6506,intent,general_quirky,qa_factoid,0.67
jev-v2,massive-test,massive-test-6515,intent,general_quirky,general_greet,0.66
jev-v2,massive-test,massive-test-6516,intent,general_quirky,general_greet,0.66
jev-v2,massive-test,massive-test-6539,intent,calendar_set,general_quirky,0.46
jev-v2,massive-test,massive-test-6542,intent,cooking_recipe,qa_factoid,0.43
jev-v2,massive-test,massive-test-6550,intent,general_quirky,social_post,0.6
jev-v2,massive-test,massive-test-6557,intent,general_quirky,play_music,0.91
jev-v2,massive-test,massive-test-6561,intent,general_quirky,qa_factoid,0.72
jev-v2,massive-test,massive-test-6562,intent,general_quirky,qa_maths,0.95
jev-v2,massive-test,massive-test-6575,intent,general_quirky,qa_definition,0.41000000000000003
jev-v2,massive-test,massive-test-6582,intent,general_quirky,general_greet,1.0
jev-v2,massive-test,massive-test-6621,intent,general_quirky,recommendation_movies,0.86
jev-v2,massive-test,massive-test-6643,intent,general_quirky,qa_factoid,0.9
jev-v2,massive-test,massive-test-6645,intent,general_quirky,qa_factoid,0.61
jev-v2,massive-test,massive-test-6646,intent,general_quirky,qa_factoid,0.61
jev-v2,massive-test,massive-test-6663,intent,general_quirky,recommendation_locations,0.98
jev-v2,massive-test,massive-test-6682,intent,news_query,general_quirky,0.6
jev-v2,massive-test,massive-test-6683,intent,news_query,qa_stock,0.36
jev-v2,massive-test,massive-test-6694,intent,general_quirky,recommendation_movies,0.51
jev-v2,massive-test,massive-test-6708,intent,general_quirky,social_query,0.79
jev-v2,massive-test,massive-test-6720,intent,general_quirky,qa_factoid,0.66
jev-v2,massive-test,massive-test-6722,intent,calendar_query,general_quirky,0.5
jev-v2,massive-test,massive-test-6725,intent,calendar_set,calendar_query,0.99
jev-v2,massive-test,massive-test-6729,intent,calendar_remove,takeaway_order,0.34
jev-v2,massive-test,massive-test-6737,intent,general_quirky,calendar_set,0.6
jev-v2,massive-test,massive-test-6747,intent,calendar_query,alarm_query,0.9400000000000001
jev-v2,massive-test,massive-test-6764,intent,calendar_set,lists_createoradd,0.47000000000000003
jev-v2,massive-test,massive-test-6785,intent,calendar_query,general_quirky,0.87
jev-v2,massive-test,massive-test-6815,intent,calendar_set,alarm_set,0.32
jev-v2,massive-test,massive-test-6819,intent,calendar_set,music_likeness,0.49
jev-v2,massive-test,massive-test-6860,intent,calendar_query,recommendation_events,0.5
jev-v2,massive-test,massive-test-6891,intent,calendar_query,play_radio,0.58
jev-v2,massive-test,massive-test-6892,intent,calendar_query,recommendation_events,0.33
jev-v2,massive-test,massive-test-6897,intent,calendar_set,alarm_set,0.57
jev-v2,massive-test,massive-test-6901,intent,calendar_set,alarm_set,0.7
jev-v2,massive-test,massive-test-6923,intent,calendar_set,alarm_set,0.77
jev-v2,massive-test,massive-test-6926,intent,calendar_query,datetime_query,1.0
jev-v2,massive-test,massive-test-6928,intent,calendar_remove,lists_remove,0.95
jev-v2,massive-test,massive-test-6936,intent,calendar_set,alarm_set,0.94
jev-v2,massive-test,massive-test-6937,intent,calendar_set,alarm_set,0.79
jev-v2,massive-test,massive-test-6962,intent,calendar_set,calendar_query,1.0
jev-v2,massive-test,massive-test-6964,intent,calendar_set,alarm_set,0.95
jev-v2,massive-test,massive-test-6967,intent,calendar_query,qa_factoid,0.99
jev-v2,massive-test,massive-test-6973,intent,calendar_set,alarm_set,0.51
jev-v2,massive-test,massive-test-6980,intent,calendar_query,lists_query,0.95
jev-v2,massive-test,massive-test-6994,intent,calendar_set,alarm_set,0.95
jev-v2,massive-test,massive-test-6997,intent,calendar_remove,general_quirky,0.35000000000000003
jev-v2,massive-test,massive-test-7013,intent,calendar_query,datetime_query,0.85
jev-v2,massive-test,massive-test-7044,intent,calendar_set,alarm_set,0.89
jev-v2,massive-test,massive-test-7061,intent,calendar_set,alarm_set,0.64
jev-v2,massive-test,massive-test-7073,intent,calendar_set,calendar_query,0.84
jev-v2,massive-test,massive-test-7087,intent,calendar_remove,calendar_query,0.99
jev-v2,massive-test,massive-test-7100,intent,calendar_set,alarm_set,0.89
jev-v2,massive-test,massive-test-7113,intent,calendar_query,recommendation_events,0.98
jev-v2,massive-test,massive-test-7122,intent,calendar_set,general_quirky,0.53
jev-v2,massive-test,massive-test-7140,intent,calendar_set,alarm_set,0.93
jev-v2,massive-test,massive-test-7151,intent,calendar_set,alarm_set,0.65
jev-v2,massive-test,massive-test-7161,intent,calendar_set,alarm_set,0.67
jev-v2,massive-test,massive-test-7168,intent,general_quirky,qa_factoid,0.93
jev-v2,massive-test,massive-test-7181,intent,calendar_set,alarm_set,1.0
jev-v2,massive-test,massive-test-7199,intent,calendar_set,alarm_set,0.9400000000000001
jev-v2,massive-test,massive-test-7209,intent,calendar_set,alarm_set,0.55
jev-v2,massive-test,massive-test-7216,intent,general_quirky,general_greet,0.5700000000000001
jev-v2,massive-test,massive-test-7224,intent,calendar_query,qa_factoid,0.73
jev-v2,massive-test,massive-test-7232,intent,calendar_query,recommendation_events,0.5700000000000001
jev-v2,massive-test,massive-test-7257,intent,calendar_set,alarm_set,0.95
jev-v2,massive-test,massive-test-7258,intent,calendar_set,alarm_set,0.52
jev-v2,massive-test,massive-test-7266,intent,calendar_query,lists_query,0.93
jev-v2,massive-test,massive-test-7289,intent,calendar_remove,lists_remove,0.93
jev-v2,massive-test,massive-test-7295,intent,calendar_remove,lists_remove,0.81
jev-v2,massive-test,massive-test-7314,intent,calendar_query,general_quirky,0.33
jev-v2,massive-test,massive-test-7353,intent,email_query,weather_query,1.0
jev-v2,massive-test,massive-test-7355,intent,calendar_set,alarm_set,0.95
jev-v2,massive-test,massive-test-7467,intent,calendar_query,datetime_query,0.58
jev-v2,massive-test,massive-test-7503,intent,calendar_query,calendar_set,0.99
jev-v2,massive-test,massive-test-7520,intent,calendar_set,alarm_set,0.95
jev-v2,massive-test,massive-test-7524,intent,calendar_query,qa_factoid,0.92
jev-v2,massive-test,massive-test-7528,intent,calendar_set,qa_factoid,0.56
jev-v2,massive-test,massive-test-7539,intent,calendar_query,general_quirky,0.62
jev-v2,massive-test,massive-test-7542,intent,calendar_set,alarm_set,0.79
jev-v2,massive-test,massive-test-7559,intent,calendar_set,alarm_set,0.74
jev-v2,massive-test,massive-test-7563,intent,calendar_set,alarm_set,0.53
jev-v2,massive-test,massive-test-7567,intent,calendar_set,general_quirky,0.42
jev-v2,massive-test,massive-test-7569,intent,calendar_query,calendar_set,0.67
jev-v2,massive-test,massive-test-7628,intent,calendar_set,alarm_set,0.9
jev-v2,massive-test,massive-test-7686,intent,calendar_set,calendar_query,0.18000000000000002
jev-v2,massive-test,massive-test-7697,intent,calendar_set,alarm_set,0.96
jev-v2,massive-test,massive-test-7711,intent,calendar_set,calendar_remove,1.0
jev-v2,massive-test,massive-test-7712,intent,calendar_set,calendar_remove,1.0
jev-v2,massive-test,massive-test-7718,intent,calendar_set,email_sendemail,0.54
jev-v2,massive-test,massive-test-7726,intent,calendar_set,alarm_set,0.65
jev-v2,massive-test,massive-test-7751,intent,calendar_set,alarm_set,0.48
jev-v2,massive-test,massive-test-7762,intent,calendar_query,alarm_query,0.85
jev-v2,massive-test,massive-test-7778,intent,calendar_set,calendar_query,0.96
jev-v2,massive-test,massive-test-7817,intent,calendar_query,datetime_query,0.9400000000000001
jev-v2,massive-test,massive-test-7843,intent,calendar_set,alarm_set,0.87
jev-v2,massive-test,massive-test-7844,intent,calendar_query,alarm_query,0.96
jev-v2,massive-test,massive-test-7847,intent,calendar_set,alarm_set,0.95
jev-v2,massive-test,massive-test-7863,intent,calendar_set,alarm_set,0.81
jev-v2,massive-test,massive-test-7879,intent,calendar_query,lists_query,0.52
jev-v2,massive-test,massive-test-7889,intent,calendar_query,datetime_query,0.86
jev-v2,massive-test,massive-test-7894,intent,calendar_set,alarm_set,0.55
jev-v2,massive-test,massive-test-7916,intent,calendar_set,alarm_set,0.77
jev-v2,massive-test,massive-test-7946,intent,calendar_query,recommendation_events,0.56
jev-v2,massive-test,massive-test-7966,intent,calendar_query,alarm_query,0.54
jev-v2,massive-test,massive-test-7970,intent,calendar_set,alarm_set,0.51
jev-v2,massive-test,massive-test-7971,intent,calendar_set,alarm_set,0.63
jev-v2,massive-test,massive-test-7975,intent,calendar_query,qa_factoid,0.72
jev-v2,massive-test,massive-test-7980,intent,calendar_set,recommendation_events,0.51
jev-v2,massive-test,massive-test-8029,intent,calendar_query,recommendation_events,0.62
jev-v2,massive-test,massive-test-8035,intent,calendar_set,alarm_set,0.71
jev-v2,massive-test,massive-test-8037,intent,calendar_set,alarm_set,0.96
jev-v2,massive-test,massive-test-8079,intent,calendar_set,alarm_set,1.0
jev-v2,massive-test,massive-test-8119,intent,calendar_query,qa_factoid,0.45
jev-v2,massive-test,massive-test-8129,intent,calendar_query,alarm_query,0.85
jev-v2,massive-test,massive-test-8140,intent,calendar_set,alarm_set,0.6
jev-v2,massive-test,massive-test-8148,intent,calendar_query,alarm_query,0.6
jev-v2,massive-test,massive-test-8188,intent,calendar_query,datetime_query,1.0
jev-v2,massive-test,massive-test-8204,intent,calendar_set,alarm_set,0.66
jev-v2,massive-test,massive-test-8206,intent,calendar_set,lists_createoradd,0.52
jev-v2,massive-test,massive-test-8230,intent,calendar_query,calendar_set,0.36
jev-v2,massive-test,massive-test-8245,intent,calendar_set,alarm_set,0.53
jev-v2,massive-test,massive-test-8260,intent,calendar_set,alarm_set,0.74
jev-v2,massive-test,massive-test-8261,intent,calendar_set,alarm_set,0.67
jev-v2,massive-test,massive-test-8269,intent,calendar_set,alarm_set,0.68
jev-v2,massive-test,massive-test-8280,intent,calendar_set,alarm_set,0.65
jev-v2,massive-test,massive-test-8290,intent,calendar_set,calendar_query,0.45
jev-v2,massive-test,massive-test-8308,intent,news_query,qa_factoid,0.51
jev-v2,massive-test,massive-test-8320,intent,general_quirky,recommendation_events,0.64
jev-v2,massive-test,massive-test-8322,intent,general_quirky,recommendation_events,0.73
jev-v2,massive-test,massive-test-8345,intent,calendar_set,calendar_query,0.93
jev-v2,massive-test,massive-test-8347,intent,calendar_query,qa_factoid,0.64
jev-v2,massive-test,massive-test-8358,intent,calendar_set,alarm_set,0.8
jev-v2,massive-test,massive-test-8387,intent,calendar_set,alarm_set,0.93
jev-v2,massive-test,massive-test-8388,intent,calendar_set,alarm_set,0.86
jev-v2,massive-test,massive-test-8390,intent,calendar_set,calendar_query,0.44
jev-v2,massive-test,massive-test-8394,intent,calendar_set,alarm_set,0.98
jev-v2,massive-test,massive-test-8402,intent,general_quirky,calendar_query,0.46
jev-v2,massive-test,massive-test-8404,intent,calendar_query,qa_factoid,0.79
jev-v2,massive-test,massive-test-8413,intent,calendar_set,alarm_set,0.96
jev-v2,massive-test,massive-test-8426,intent,calendar_query,news_query,1.0
jev-v2,massive-test,massive-test-8460,intent,calendar_query,social_query,0.73
jev-v2,massive-test,massive-test-8466,intent,calendar_set,alarm_set,0.58
jev-v2,massive-test,massive-test-8498,intent,calendar_query,alarm_query,0.72
jev-v2,massive-test,massive-test-8525,intent,calendar_query,calendar_set,0.75
jev-v2,massive-test,massive-test-8539,intent,calendar_set,alarm_set,0.77
jev-v2,massive-test,massive-test-8541,intent,calendar_set,alarm_set,0.95
jev-v2,massive-test,massive-test-8598,intent,calendar_set,alarm_set,0.56
jev-v2,massive-test,massive-test-8618,intent,calendar_set,alarm_set,0.49
jev-v2,massive-test,massive-test-8635,intent,calendar_set,alarm_set,0.45
jev-v2,massive-test,massive-test-8672,intent,calendar_query,qa_factoid,0.45
jev-v2,massive-test,massive-test-8679,intent,calendar_query,datetime_query,0.59
jev-v2,massive-test,massive-test-8694,intent,calendar_set,social_post,0.6
jev-v2,massive-test,massive-test-8767,intent,calendar_query,qa_factoid,0.85
jev-v2,massive-test,massive-test-8791,intent,calendar_query,recommendation_events,0.41000000000000003
jev-v2,massive-test,massive-test-8795,intent,calendar_query,alarm_set,0.6
jev-v2,massive-test,massive-test-8822,intent,recommendation_events,calendar_query,0.6900000000000001
jev-v2,massive-test,massive-test-8868,intent,calendar_set,alarm_set,0.53
jev-v2,massive-test,massive-test-8888,intent,calendar_remove,lists_remove,0.77
jev-v2,massive-test,massive-test-8900,intent,calendar_set,alarm_set,0.76
jev-v2,massive-test,massive-test-8904,intent,calendar_query,news_query,0.91
jev-v2,massive-test,massive-test-8907,intent,calendar_set,calendar_query,0.74
jev-v2,massive-test,massive-test-8949,intent,calendar_remove,alarm_remove,0.98
jev-v2,massive-test,massive-test-8960,intent,calendar_set,alarm_set,1.0
jev-v2,massive-test,massive-test-8967,intent,calendar_set,alarm_set,0.72
jev-v2,massive-test,massive-test-8968,intent,calendar_set,calendar_query,0.71
jev-v2,massive-test,massive-test-8977,intent,calendar_set,alarm_set,0.93
jev-v2,massive-test,massive-test-8978,intent,calendar_set,calendar_query,0.5
jev-v2,massive-test,massive-test-8990,intent,calendar_set,general_quirky,0.35000000000000003
jev-v2,massive-test,massive-test-8992,intent,calendar_set,calendar_query,1.0
jev-v2,massive-test,massive-test-9011,intent,calendar_query,datetime_query,0.51
jev-v2,massive-test,massive-test-9014,intent,calendar_set,alarm_set,0.55
jev-v2,massive-test,massive-test-9019,intent,calendar_query,calendar_set,0.47000000000000003
jev-v2,massive-test,massive-test-9035,intent,calendar_query,calendar_set,0.71
jev-v2,massive-test,massive-test-9043,intent,calendar_set,calendar_query,1.0
jev-v2,massive-test,massive-test-9054,intent,calendar_set,alarm_set,0.55
jev-v2,massive-test,massive-test-9059,intent,calendar_set,alarm_set,0.75
jev-v2,massive-test,massive-test-9061,intent,calendar_query,alarm_query,0.9400000000000001
jev-v2,massive-test,massive-test-9107,intent,calendar_query,datetime_query,0.45
jev-v2,massive-test,massive-test-9116,intent,calendar_query,calendar_set,0.9
jev-v2,massive-test,massive-test-9124,intent,calendar_set,calendar_query,1.0
jev-v2,massive-test,massive-test-9137,intent,calendar_query,qa_factoid,0.8
jev-v2,massive-test,massive-test-9138,intent,qa_factoid,datetime_query,0.77
jev-v2,massive-test,massive-test-9149,intent,calendar_query,qa_factoid,0.79
jev-v2,massive-test,massive-test-9156,intent,calendar_set,alarm_set,0.84
jev-v2,massive-test,massive-test-9187,intent,calendar_set,calendar_query,0.5700000000000001
jev-v2,massive-test,massive-test-9198,intent,calendar_query,alarm_query,0.85
jev-v2,massive-test,massive-test-9233,intent,play_radio,play_podcasts,0.81
jev-v2,massive-test,massive-test-9284,intent,play_radio,play_music,1.0
jev-v2,massive-test,massive-test-9291,intent,play_radio,play_music,1.0
jev-v2,massive-test,massive-test-9301,intent,play_radio,play_music,1.0
jev-v2,massive-test,massive-test-9305,intent,play_radio,play_music,1.0
jev-v2,massive-test,massive-test-9323,intent,play_radio,play_music,0.5700000000000001
jev-v2,massive-test,massive-test-9330,intent,play_radio,play_music,1.0
jev-v2,massive-test,massive-test-9363,intent,play_radio,play_music,0.52
jev-v2,massive-test,massive-test-9364,intent,play_radio,play_music,0.99
jev-v2,massive-test,massive-test-9406,intent,play_radio,play_music,0.81
jev-v2,massive-test,massive-test-9438,intent,play_radio,play_music,0.85
jev-v2,massive-test,massive-test-9562,intent,play_radio,play_music,0.66
jev-v2,massive-test,massive-test-9565,intent,play_radio,play_music,0.99
jev-v2,massive-test,massive-test-9568,intent,play_radio,music_query,0.64
jev-v2,massive-test,massive-test-9569,intent,play_radio,play_music,0.78
jev-v2,massive-test,massive-test-9619,intent,play_radio,play_music,0.51
jev-v2,massive-test,massive-test-9630,intent,play_radio,play_music,0.97
jev-v2,massive-test,massive-test-9637,intent,play_radio,play_music,0.53
jev-v2,massive-test,massive-test-9640,intent,play_radio,play_music,1.0
jev-v2,massive-test,massive-test-9651,intent,play_radio,play_music,1.0
jev-v2,massive-test,massive-test-9678,intent,play_audiobook,play_music,0.85
jev-v2,massive-test,massive-test-9694,intent,play_audiobook,play_music,0.7
jev-v2,massive-test,massive-test-9746,intent,play_audiobook,play_music,0.79
jev-v2,massive-test,massive-test-9760,intent,play_audiobook,play_music,0.79
jev-v2,massive-test,massive-test-9761,intent,play_audiobook,alarm_set,0.29000000000000004
jev-v2,massive-test,massive-test-9827,intent,play_audiobook,play_music,0.8
jev-v2,massive-test,massive-test-9851,intent,play_audiobook,play_game,0.98
jev-v2,massive-test,massive-test-9856,intent,play_audiobook,play_music,0.76
jev-v2,massive-test,massive-test-9857,intent,play_audiobook,play_music,0.93
jev-v2,massive-test,massive-test-9885,intent,play_audiobook,play_music,0.98
jev-v2,massive-test,massive-test-9895,intent,play_audiobook,play_music,0.98
jev-v2,massive-test,massive-test-9912,intent,cooking_recipe,cooking_query,0.99
jev-v2,massive-test,massive-test-9923,intent,cooking_recipe,cooking_query,0.98
jev-v2,massive-test,massive-test-9930,intent,cooking_recipe,cooking_query,0.98
jev-v2,massive-test,massive-test-9931,intent,cooking_recipe,cooking_query,0.98
jev-v2,massive-test,massive-test-9943,intent,cooking_recipe,cooking_query,0.68
jev-v2,massive-test,massive-test-9956,intent,cooking_recipe,cooking_query,0.97
jev-v2,massive-test,massive-test-9961,intent,cooking_recipe,cooking_query,0.97
jev-v2,massive-test,massive-test-9962,intent,cooking_recipe,cooking_query,0.81
jev-v2,massive-test,massive-test-9964,intent,cooking_recipe,cooking_query,0.44
jev-v2,massive-test,massive-test-9969,intent,cooking_recipe,cooking_query,0.95
jev-v2,massive-test,massive-test-9971,intent,cooking_recipe,cooking_query,0.7
jev-v2,massive-test,massive-test-9979,intent,cooking_recipe,cooking_query,0.73
jev-v2,massive-test,massive-test-9980,intent,cooking_recipe,general_quirky,0.38
jev-v2,massive-test,massive-test-9986,intent,cooking_recipe,cooking_query,0.38
jev-v2,massive-test,massive-test-10038,intent,cooking_recipe,cooking_query,0.6900000000000001
jev-v2,massive-test,massive-test-10061,intent,cooking_recipe,cooking_query,0.67
jev-v2,massive-test,massive-test-10072,intent,cooking_recipe,cooking_query,0.92
jev-v2,massive-test,massive-test-10076,intent,cooking_recipe,cooking_query,0.92
jev-v2,massive-test,massive-test-10078,intent,cooking_recipe,cooking_query,0.93
jev-v2,massive-test,massive-test-10080,intent,cooking_recipe,cooking_query,0.37
jev-v2,massive-test,massive-test-10097,intent,cooking_recipe,takeaway_order,0.6
jev-v2,massive-test,massive-test-10105,intent,cooking_recipe,cooking_query,0.93
jev-v2,massive-test,massive-test-10119,intent,cooking_recipe,general_quirky,0.6900000000000001
jev-v2,massive-test,massive-test-10125,intent,cooking_recipe,cooking_query,0.76
jev-v2,massive-test,massive-test-10132,intent,cooking_recipe,cooking_query,0.96
jev-v2,massive-test,massive-test-10164,intent,cooking_recipe,cooking_query,0.8200000000000001
jev-v2,massive-test,massive-test-10216,intent,cooking_recipe,cooking_query,0.62
jev-v2,massive-test,massive-test-10224,intent,cooking_recipe,general_quirky,0.7
jev-v2,massive-test,massive-test-10256,intent,play_game,play_music,0.54
jev-v2,massive-test,massive-test-10319,intent,play_game,general_quirky,0.73
jev-v2,massive-test,massive-test-10349,intent,play_game,general_quirky,0.42
jev-v2,massive-test,massive-test-10353,intent,play_game,play_audiobook,0.77
jev-v2,massive-test,massive-test-10426,intent,lists_query,general_quirky,0.5700000000000001
jev-v2,massive-test,massive-test-10451,intent,lists_query,calendar_query,0.81
jev-v2,massive-test,massive-test-10497,intent,qa_factoid,recommendation_locations,0.97
jev-v2,massive-test,massive-test-10525,intent,lists_remove,calendar_remove,0.66
jev-v2,massive-test,massive-test-10571,intent,lists_query,general_quirky,0.54
jev-v2,massive-test,massive-test-10608,intent,lists_createoradd,calendar_query,0.37
jev-v2,massive-test,massive-test-10655,intent,lists_remove,lists_query,0.48
jev-v2,massive-test,massive-test-10687,intent,lists_remove,calendar_remove,0.97
jev-v2,massive-test,massive-test-10696,intent,lists_remove,qa_definition,0.75
jev-v2,massive-test,massive-test-10853,intent,lists_remove,general_quirky,0.73
jev-v2,massive-test,massive-test-10931,intent,lists_query,music_query,0.61
jev-v2,massive-test,massive-test-10956,intent,lists_query,email_querycontact,0.5700000000000001
jev-v2,massive-test,massive-test-10996,intent,lists_createoradd,email_addcontact,0.64
jev-v2,massive-test,massive-test-11124,intent,lists_query,lists_createoradd,1.0
jev-v2,massive-test,massive-test-11125,intent,lists_query,qa_factoid,0.6900000000000001
jev-v2,massive-test,massive-test-11166,intent,lists_query,general_quirky,0.68
jev-v2,massive-test,massive-test-11180,intent,calendar_query,calendar_set,0.77
jev-v2,massive-test,massive-test-11204,intent,lists_query,general_quirky,0.61
jev-v2,massive-test,massive-test-11257,intent,play_podcasts,play_music,0.64
jev-v2,massive-test,massive-test-11261,intent,play_podcasts,general_quirky,0.56
jev-v2,massive-test,massive-test-11265,intent,play_podcasts,play_music,1.0
jev-v2,massive-test,massive-test-11272,intent,play_podcasts,play_music,0.99
jev-v2,massive-test,massive-test-11322,intent,play_podcasts,datetime_query,0.78
jev-v2,massive-test,massive-test-11340,intent,play_podcasts,qa_factoid,0.44
jev-v2,massive-test,massive-test-11343,intent,play_podcasts,play_audiobook,0.8
jev-v2,massive-test,massive-test-11366,intent,play_podcasts,play_music,0.59
jev-v2,massive-test,massive-test-11423,intent,play_podcasts,play_music,0.72
jev-v2,massive-test,massive-test-11424,intent,play_podcasts,play_music,0.46
jev-v2,massive-test,massive-test-11427,intent,play_podcasts,general_quirky,0.62
jev-v2,massive-test,massive-test-11455,intent,play_podcasts,play_music,0.54
jev-v2,massive-test,massive-test-11502,intent,play_podcasts,general_quirky,0.86
jev-v2,massive-test,massive-test-11546,intent,play_podcasts,play_music,0.5700000000000001
jev-v2,massive-test,massive-test-11570,intent,recommendation_events,news_query,0.67
jev-v2,massive-test,massive-test-11600,intent,recommendation_events,recommendation_movies,0.96
jev-v2,massive-test,massive-test-11633,intent,recommendation_movies,qa_factoid,0.42
jev-v2,massive-test,massive-test-11643,intent,recommendation_events,calendar_query,0.64
jev-v2,massive-test,massive-test-11650,intent,recommendation_events,qa_factoid,0.62
jev-v2,massive-test,massive-test-11685,intent,recommendation_events,news_query,0.65
jev-v2,massive-test,massive-test-11720,intent,recommendation_events,general_quirky,0.85
jev-v2,massive-test,massive-test-11764,intent,recommendation_movies,qa_factoid,0.54
jev-v2,massive-test,massive-test-11798,intent,recommendation_events,calendar_query,0.63
jev-v2,massive-test,massive-test-11827,intent,recommendation_events,recommendation_locations,0.9400000000000001
jev-v2,massive-test,massive-test-11867,intent,recommendation_events,calendar_query,0.46
jev-v2,massive-test,massive-test-11904,intent,recommendation_events,calendar_query,0.34
jev-v2,massive-test,massive-test-11914,intent,iot_coffee,general_quirky,0.71
jev-v2,massive-test,massive-test-11915,intent,iot_coffee,takeaway_order,0.53
jev-v2,massive-test,massive-test-11916,intent,recommendation_events,recommendation_locations,0.98
jev-v2,massive-test,massive-test-11932,intent,recommendation_movies,recommendation_events,0.5
jev-v2,massive-test,massive-test-12054,intent,recommendation_events,news_query,0.8200000000000001
jev-v2,massive-test,massive-test-12070,intent,recommendation_events,qa_factoid,0.73
jev-v2,massive-test,massive-test-12160,intent,transport_taxi,transport_ticket,0.88
jev-v2,massive-test,massive-test-12182,intent,transport_traffic,general_quirky,0.29000000000000004
jev-v2,massive-test,massive-test-12189,intent,transport_query,transport_ticket,0.79
jev-v2,massive-test,massive-test-12240,intent,transport_query,transport_traffic,1.0
jev-v2,massive-test,massive-test-12256,intent,transport_traffic,recommendation_locations,0.26
jev-v2,massive-test,massive-test-12263,intent,transport_query,weather_query,0.47000000000000003
jev-v2,massive-test,massive-test-12264,intent,transport_query,qa_factoid,0.29000000000000004
jev-v2,massive-test,massive-test-12289,intent,transport_traffic,audio_volume_mute,0.5
jev-v2,massive-test,massive-test-12310,intent,transport_query,transport_ticket,0.71
jev-v2,massive-test,massive-test-12392,intent,transport_query,weather_query,0.4
jev-v2,massive-test,massive-test-12604,intent,transport_query,transport_ticket,1.0
jev-v2,massive-test,massive-test-12618,intent,transport_query,transport_ticket,0.89
jev-v2,massive-test,massive-test-12800,intent,transport_query,recommendation_locations,0.67
jev-v2,massive-test,massive-test-12813,intent,transport_ticket,transport_query,0.73
jev-v2,massive-test,massive-test-12818,intent,transport_query,transport_ticket,0.86
jev-v2,massive-test,massive-test-12930,intent,transport_query,recommendation_locations,1.0
jev-v2,massive-test,massive-test-13043,intent,lists_createoradd,takeaway_order,0.52
jev-v2,massive-test,massive-test-13044,intent,general_quirky,recommendation_events,0.43
jev-v2,massive-test,massive-test-13064,intent,general_quirky,qa_definition,0.95
jev-v2,massive-test,massive-test-13067,intent,general_quirky,lists_createoradd,0.81
jev-v2,massive-test,massive-test-13074,intent,qa_factoid,general_quirky,0.98
jev-v2,massive-test,massive-test-13083,intent,general_quirky,transport_query,0.3
jev-v2,massive-test,massive-test-13140,intent,qa_definition,qa_factoid,0.86
jev-v2,massive-test,massive-test-13175,intent,general_quirky,recommendation_locations,0.53
jev-v2,massive-test,massive-test-13177,intent,calendar_set,alarm_set,0.75
jev-v2,massive-test,massive-test-13178,intent,calendar_set,alarm_set,0.75
jev-v2,massive-test,massive-test-13181,intent,recommendation_movies,recommendation_events,0.34
jev-v2,massive-test,massive-test-13199,intent,qa_maths,general_quirky,0.89
jev-v2,massive-test,massive-test-13206,intent,qa_definition,recommendation_locations,0.84
jev-v2,massive-test,massive-test-13221,intent,general_quirky,qa_factoid,0.68
jev-v2,massive-test,massive-test-13222,intent,general_quirky,qa_factoid,0.92
jev-v2,massive-test,massive-test-13242,intent,general_quirky,cooking_recipe,1.0
jev-v2,massive-test,massive-test-13303,intent,general_quirky,cooking_query,0.62
jev-v2,massive-test,massive-test-13340,intent,general_quirky,qa_maths,0.72
jev-v2,massive-test,massive-test-13341,intent,general_quirky,music_settings,0.64
jev-v2,massive-test,massive-test-13342,intent,general_quirky,calendar_query,0.35000000000000003
jev-v2,massive-test,massive-test-13372,intent,general_quirky,datetime_query,0.78
jev-v2,massive-test,massive-test-13404,intent,general_quirky,recommendation_locations,0.83
jev-v2,massive-test,massive-test-13407,intent,general_quirky,qa_factoid,1.0
jev-v2,massive-test,massive-test-13457,intent,calendar_set,datetime_query,0.43
jev-v2,massive-test,massive-test-13486,intent,general_quirky,lists_query,0.78
jev-v2,massive-test,massive-test-13491,intent,general_quirky,qa_factoid,0.66
jev-v2,massive-test,massive-test-13521,intent,general_quirky,qa_factoid,0.86
jev-v2,massive-test,massive-test-13547,intent,general_quirky,qa_factoid,0.43
jev-v2,massive-test,massive-test-13616,intent,qa_factoid,general_quirky,0.44
jev-v2,massive-test,massive-test-13618,intent,general_quirky,recommendation_events,0.75
jev-v2,massive-test,massive-test-13625,intent,qa_definition,qa_factoid,0.63
jev-v2,massive-test,massive-test-13683,intent,qa_factoid,general_quirky,0.81
jev-v2,massive-test,massive-test-13694,intent,general_quirky,qa_factoid,0.5
jev-v2,massive-test,massive-test-13744,intent,general_quirky,qa_factoid,0.76
jev-v2,massive-test,massive-test-13761,intent,qa_factoid,qa_definition,0.98
jev-v2,massive-test,massive-test-13858,intent,qa_stock,qa_factoid,0.54
jev-v2,massive-test,massive-test-13888,intent,qa_factoid,weather_query,1.0
jev-v2,massive-test,massive-test-13907,intent,qa_definition,general_quirky,0.89
jev-v2,massive-test,massive-test-13929,intent,general_quirky,weather_query,0.85
jev-v2,massive-test,massive-test-13983,intent,qa_definition,general_quirky,0.77
jev-v2,massive-test,massive-test-13984,intent,qa_definition,qa_factoid,0.4
jev-v2,massive-test,massive-test-13986,intent,general_quirky,qa_factoid,0.81
jev-v2,massive-test,massive-test-14000,intent,qa_definition,qa_factoid,0.49
jev-v2,massive-test,massive-test-14023,intent,qa_definition,general_quirky,0.4
jev-v2,massive-test,massive-test-14101,intent,general_quirky,social_query,0.49
jev-v2,massive-test,massive-test-14115,intent,qa_definition,qa_factoid,0.89
jev-v2,massive-test,massive-test-14126,intent,qa_factoid,music_query,0.88
jev-v2,massive-test,massive-test-14163,intent,qa_factoid,recommendation_locations,0.89
jev-v2,massive-test,massive-test-14170,intent,qa_factoid,general_quirky,0.56
jev-v2,massive-test,massive-test-14243,intent,qa_factoid,email_querycontact,0.36
jev-v2,massive-test,massive-test-14246,intent,general_quirky,qa_factoid,0.58
jev-v2,massive-test,massive-test-14339,intent,general_quirky,qa_factoid,0.97
jev-v2,massive-test,massive-test-14348,intent,general_quirky,qa_factoid,0.93
jev-v2,massive-test,massive-test-14354,intent,qa_factoid,general_quirky,0.98
jev-v2,massive-test,massive-test-14355,intent,qa_factoid,general_quirky,0.71
jev-v2,massive-test,massive-test-14368,intent,general_quirky,qa_factoid,0.87
jev-v2,massive-test,massive-test-14412,intent,general_quirky,qa_factoid,0.93
jev-v2,massive-test,massive-test-14418,intent,general_quirky,qa_factoid,0.64
jev-v2,massive-test,massive-test-14457,intent,qa_factoid,transport_query,1.0
jev-v2,massive-test,massive-test-14461,intent,general_quirky,qa_factoid,1.0
jev-v2,massive-test,massive-test-14530,intent,qa_currency,alarm_set,0.88
jev-v2,massive-test,massive-test-14549,intent,lists_createoradd,music_query,0.63
jev-v2,massive-test,massive-test-14553,intent,general_quirky,qa_factoid,0.99
jev-v2,massive-test,massive-test-14585,intent,qa_factoid,transport_query,0.86
jev-v2,massive-test,massive-test-14591,intent,qa_definition,qa_factoid,0.88
jev-v2,massive-test,massive-test-14592,intent,qa_definition,qa_factoid,0.91
jev-v2,massive-test,massive-test-14673,intent,general_quirky,qa_factoid,0.92
jev-v2,massive-test,massive-test-14794,intent,qa_factoid,general_quirky,0.63
jev-v2,massive-test,massive-test-14822,intent,qa_factoid,general_quirky,0.68
jev-v2,massive-test,massive-test-14838,intent,qa_factoid,qa_definition,0.6
jev-v2,massive-test,massive-test-14877,intent,qa_factoid,weather_query,1.0
jev-v2,massive-test,massive-test-14889,intent,qa_definition,qa_factoid,0.46
jev-v2,massive-test,massive-test-14917,intent,qa_factoid,music_query,0.99
jev-v2,massive-test,massive-test-14981,intent,qa_definition,qa_factoid,0.96
jev-v2,massive-test,massive-test-15092,intent,qa_definition,qa_factoid,0.95
jev-v2,massive-test,massive-test-15113,intent,general_quirky,qa_factoid,0.98
jev-v2,massive-test,massive-test-15185,intent,social_post,general_quirky,0.87
jev-v2,massive-test,massive-test-15186,intent,social_post,general_greet,0.61
jev-v2,massive-test,massive-test-15199,intent,social_query,general_quirky,0.5700000000000001
jev-v2,massive-test,massive-test-15203,intent,social_query,news_query,0.7
jev-v2,massive-test,massive-test-15205,intent,social_query,social_post,0.75
jev-v2,massive-test,massive-test-15213,intent,news_query,general_quirky,0.68
jev-v2,massive-test,massive-test-15225,intent,social_query,email_query,0.45
jev-v2,massive-test,massive-test-15280,intent,social_query,social_post,0.5700000000000001
jev-v2,massive-test,massive-test-15305,intent,calendar_query,social_query,1.0
jev-v2,massive-test,massive-test-15311,intent,social_query,qa_definition,0.63
jev-v2,massive-test,massive-test-15333,intent,social_query,qa_factoid,0.77
jev-v2,massive-test,massive-test-15350,intent,social_post,general_quirky,0.83
jev-v2,massive-test,massive-test-15364,intent,social_post,general_quirky,0.67
jev-v2,massive-test,massive-test-15382,intent,social_post,email_sendemail,0.58
jev-v2,massive-test,massive-test-15399,intent,social_post,email_sendemail,0.33
jev-v2,massive-test,massive-test-15413,intent,social_post,transport_taxi,0.61
jev-v2,massive-test,massive-test-15444,intent,social_post,general_quirky,0.47000000000000003
jev-v2,massive-test,massive-test-15565,intent,social_post,general_quirky,0.45
jev-v2,massive-test,massive-test-15598,intent,social_post,general_quirky,0.33
jev-v2,massive-test,massive-test-15651,intent,social_post,email_sendemail,1.0
jev-v2,massive-test,massive-test-15652,intent,social_post,general_quirky,0.58
jev-v2,massive-test,massive-test-15686,intent,social_post,general_quirky,0.51
jev-v2,massive-test,massive-test-15700,intent,social_post,news_query,0.67
jev-v2,massive-test,massive-test-15708,intent,social_post,general_quirky,0.41000000000000003
jev-v2,massive-test,massive-test-15794,intent,email_querycontact,qa_factoid,0.92
jev-v2,massive-test,massive-test-15815,intent,email_querycontact,qa_factoid,0.6
jev-v2,massive-test,massive-test-15828,intent,email_sendemail,email_addcontact,1.0
jev-v2,massive-test,massive-test-15829,intent,email_sendemail,email_addcontact,1.0
jev-v2,massive-test,massive-test-15839,intent,email_query,general_quirky,0.55
jev-v2,massive-test,massive-test-15845,intent,email_sendemail,qa_factoid,0.77
jev-v2,massive-test,massive-test-15847,intent,email_sendemail,qa_factoid,0.95
jev-v2,massive-test,massive-test-15966,intent,email_query,email_sendemail,0.97
jev-v2,massive-test,massive-test-16050,intent,email_query,social_query,0.91
jev-v2,massive-test,massive-test-16131,intent,email_sendemail,email_addcontact,1.0
jev-v2,massive-test,massive-test-16158,intent,email_addcontact,lists_createoradd,0.6
jev-v2,massive-test,massive-test-16165,intent,email_query,social_query,0.65
jev-v2,massive-test,massive-test-16166,intent,email_sendemail,calendar_set,0.4
jev-v2,massive-test,massive-test-16222,intent,email_querycontact,qa_factoid,0.58
jev-v2,massive-test,massive-test-16225,intent,email_addcontact,email_querycontact,0.5700000000000001
jev-v2,massive-test,massive-test-16228,intent,email_querycontact,calendar_query,0.78
jev-v2,massive-test,massive-test-16229,intent,email_querycontact,general_quirky,0.73
jev-v2,massive-test,massive-test-16282,intent,email_sendemail,calendar_remove,0.64
jev-v2,massive-test,massive-test-16455,intent,email_addcontact,email_sendemail,0.96
jev-v2,massive-test,massive-test-16518,intent,email_sendemail,email_addcontact,1.0
jev-v2,massive-test,massive-test-16519,intent,email_sendemail,email_addcontact,1.0
jev-v2,massive-test,massive-test-16532,intent,email_querycontact,general_quirky,0.55
jev-v2,massive-test,massive-test-16583,intent,email_querycontact,qa_factoid,0.48
jev-v2,massive-test,massive-test-16589,intent,email_querycontact,qa_factoid,0.51
jev-v2,massive-test,massive-test-16593,intent,email_sendemail,email_query,0.52
jev-v2,massive-test,massive-test-16613,intent,email_sendemail,general_quirky,0.43
jev-v2,massive-test,massive-test-16672,intent,email_query,social_query,0.53
jev-v2,massive-test,massive-test-16813,intent,email_query,alarm_set,0.33
jev-v2,massive-test,massive-test-16846,intent,email_addcontact,email_sendemail,0.97
jev-v2,massive-test,massive-test-16907,intent,email_querycontact,qa_factoid,0.48
jev-v2,massive-test,massive-test-16914,intent,email_query,email_querycontact,0.81
jev-v2,massive-test,massive-test-16916,intent,email_sendemail,email_query,0.97
jev-v2,massive-test,massive-test-16961,intent,email_sendemail,general_greet,0.53
jev-v2,massive-test,massive-test-17015,intent,email_sendemail,general_greet,0.85
jev-v2,massive-test,massive-test-17051,intent,email_query,email_sendemail,0.7
jev-v2,massive-test,massive-test-17052,intent,email_query,email_querycontact,0.97
jev-v2,massive-test,massive-test-17123,intent,email_sendemail,email_query,0.49
jev-v2,massive-test,massive-test-17148,intent,email_sendemail,general_greet,0.62
jev-v2,massive-test,massive-test-17170,intent,email_query,alarm_set,0.3
qwen-bf16-v2,business-test,biz-product_terms-0,route,tool,llm,0.9943194389343262
qwen-bf16-v2,business-test,biz-product_terms-0,tool,queryLoanProducts,none,
qwen-bf16-v2,business-test,biz-product_terms-1,route,tool,llm,0.6682208776473999
qwen-bf16-v2,business-test,biz-product_terms-1,tool,queryLoanProducts,none,
qwen-bf16-v2,business-test,biz-product_terms-2,route,tool,llm,0.45049118995666504
qwen-bf16-v2,business-test,biz-product_terms-2,tool,queryLoanProducts,none,
qwen-bf16-v2,business-test,biz-product_terms-3,route,tool,llm,0.8129428625106812
qwen-bf16-v2,business-test,biz-product_terms-3,tool,queryLoanProducts,none,
qwen-bf16-v2,business-test,biz-product_login-1,route,clarify,llm,0.7100999355316162
qwen-bf16-v2,business-test,biz-product_login-3,intent,products,security,0.4491713345050812
qwen-bf16-v2,business-test,biz-applications_list-0,route,tool,llm,0.6120675802230835
qwen-bf16-v2,business-test,biz-applications_list-0,tool,queryMyApplications,none,
qwen-bf16-v2,business-test,biz-applications_list-1,route,tool,human,0.6431564092636108
qwen-bf16-v2,business-test,biz-applications_list-1,tool,queryMyApplications,none,
qwen-bf16-v2,business-test,biz-applications_list-1,needs_human,no,yes,
qwen-bf16-v2,business-test,biz-applications_list-2,route,tool,human,0.9948208332061768
qwen-bf16-v2,business-test,biz-applications_list-2,tool,queryMyApplications,none,
qwen-bf16-v2,business-test,biz-applications_list-2,needs_human,no,yes,
qwen-bf16-v2,business-test,biz-applications_list-3,route,tool,human,0.9133003354072571
qwen-bf16-v2,business-test,biz-applications_list-3,tool,queryMyApplications,none,
qwen-bf16-v2,business-test,biz-applications_list-3,needs_human,no,yes,
qwen-bf16-v2,business-test,biz-application_missing-0,route,clarify,human,0.8768435716629028
qwen-bf16-v2,business-test,biz-application_missing-0,needs_human,no,yes,
qwen-bf16-v2,business-test,biz-application_missing-1,route,clarify,human,0.8761534690856934
qwen-bf16-v2,business-test,biz-application_missing-1,needs_human,no,yes,
qwen-bf16-v2,business-test,biz-application_missing-2,route,clarify,tool,0.664287269115448
qwen-bf16-v2,business-test,biz-application_missing-2,tool,none,queryApplicationDetail,0.9995935559272766
qwen-bf16-v2,business-test,biz-application_missing-3,route,clarify,human,0.7392101287841797
qwen-bf16-v2,business-test,biz-application_missing-3,needs_human,no,yes,
qwen-bf16-v2,business-test,biz-status_reject-0,route,tool,human,0.9991994500160217
qwen-bf16-v2,business-test,biz-status_reject-0,tool,explainApplicationStatus,none,
qwen-bf16-v2,business-test,biz-status_reject-0,needs_human,no,yes,
qwen-bf16-v2,business-test,biz-status_reject-1,route,tool,human,0.7628854513168335
qwen-bf16-v2,business-test,biz-status_reject-1,tool,explainApplicationStatus,none,
qwen-bf16-v2,business-test,biz-status_reject-1,needs_human,no,yes,
qwen-bf16-v2,business-test,biz-status_reject-2,route,tool,human,0.917656660079956
qwen-bf16-v2,business-test,biz-status_reject-2,tool,explainApplicationStatus,none,
qwen-bf16-v2,business-test,biz-status_reject-2,needs_human,no,yes,
qwen-bf16-v2,business-test,biz-status_reject-3,route,tool,human,0.635306715965271
qwen-bf16-v2,business-test,biz-status_reject-3,tool,explainApplicationStatus,none,
qwen-bf16-v2,business-test,biz-status_reject-3,needs_human,no,yes,
qwen-bf16-v2,business-test,biz-status_approved-0,route,tool,llm,0.4817831516265869
qwen-bf16-v2,business-test,biz-status_approved-0,tool,explainApplicationStatus,none,
qwen-bf16-v2,business-test,biz-status_approved-1,route,tool,human,0.9921522736549377
qwen-bf16-v2,business-test,biz-status_approved-1,tool,explainApplicationStatus,none,
qwen-bf16-v2,business-test,biz-status_approved-1,needs_human,no,yes,
qwen-bf16-v2,business-test,biz-status_approved-2,route,tool,human,0.9453583359718323
qwen-bf16-v2,business-test,biz-status_approved-2,tool,explainApplicationStatus,none,
qwen-bf16-v2,business-test,biz-status_approved-2,needs_human,no,yes,
qwen-bf16-v2,business-test,biz-status_approved-3,route,tool,human,0.9803709983825684
qwen-bf16-v2,business-test,biz-status_approved-3,tool,explainApplicationStatus,none,
qwen-bf16-v2,business-test,biz-status_approved-3,needs_human,no,yes,
qwen-bf16-v2,business-test,biz-ui_unlisted-0,route,llm,human,0.9994226694107056
qwen-bf16-v2,business-test,biz-ui_unlisted-0,intent,ui_issue,application_detail,0.9999872446060181
qwen-bf16-v2,business-test,biz-ui_unlisted-0,needs_human,no,yes,
qwen-bf16-v2,business-test,biz-ui_unlisted-1,route,llm,human,0.9984845519065857
qwen-bf16-v2,business-test,biz-ui_unlisted-1,needs_human,no,yes,
qwen-bf16-v2,business-test,biz-ui_unlisted-2,route,llm,human,0.9966977834701538
qwen-bf16-v2,business-test,biz-ui_unlisted-2,needs_human,no,yes,
qwen-bf16-v2,business-test,biz-ui_unlisted-3,route,llm,human,0.9998352527618408
qwen-bf16-v2,business-test,biz-ui_unlisted-3,intent,ui_issue,application_detail,0.9402735233306885
qwen-bf16-v2,business-test,biz-ui_unlisted-3,needs_human,no,yes,
qwen-bf16-v2,business-test,biz-ui_pending-0,route,llm,human,0.9999860525131226
qwen-bf16-v2,business-test,biz-ui_pending-0,intent,ui_issue,application_detail,0.9985841512680054
qwen-bf16-v2,business-test,biz-ui_pending-0,needs_human,no,yes,
qwen-bf16-v2,business-test,biz-ui_pending-1,route,llm,human,0.9999526739120483
qwen-bf16-v2,business-test,biz-ui_pending-1,intent,ui_issue,application_detail,0.9310619831085205
qwen-bf16-v2,business-test,biz-ui_pending-1,needs_human,no,yes,
qwen-bf16-v2,business-test,biz-ui_pending-2,route,llm,human,0.9999910593032837
qwen-bf16-v2,business-test,biz-ui_pending-2,intent,ui_issue,application_detail,0.9992604851722717
qwen-bf16-v2,business-test,biz-ui_pending-2,needs_human,no,yes,
qwen-bf16-v2,business-test,biz-ui_pending-3,route,llm,human,0.9999092817306519
qwen-bf16-v2,business-test,biz-ui_pending-3,intent,ui_issue,application_detail,0.9951907396316528
qwen-bf16-v2,business-test,biz-ui_pending-3,needs_human,no,yes,
qwen-bf16-v2,business-test,biz-ui_disagree-1,intent,ui_issue,application_detail,0.9508261680603027
qwen-bf16-v2,business-test,biz-ui_disagree-2,intent,ui_issue,status_code,0.37356218695640564
qwen-bf16-v2,business-test,biz-ui_disagree-3,intent,ui_issue,handoff,0.3390364646911621
qwen-bf16-v2,business-test,biz-repay_early-0,intent,repayment,application_detail,0.7238144874572754
qwen-bf16-v2,business-test,biz-repay_early-1,intent,repayment,application_detail,0.9953385591506958
qwen-bf16-v2,business-test,biz-repay_early-3,intent,repayment,application_detail,0.8483029007911682
qwen-bf16-v2,business-test,biz-general_unclear-0,route,clarify,human,0.9702272415161133
qwen-bf16-v2,business-test,biz-general_unclear-0,intent,general,handoff,0.39405885338783264
qwen-bf16-v2,business-test,biz-general_unclear-0,needs_human,no,yes,
qwen-bf16-v2,business-test,biz-general_unclear-1,route,clarify,human,0.9996618032455444
qwen-bf16-v2,business-test,biz-general_unclear-1,intent,general,handoff,0.4222767949104309
qwen-bf16-v2,business-test,biz-general_unclear-1,needs_human,no,yes,
qwen-bf16-v2,business-test,biz-general_unclear-2,route,clarify,human,0.9917523264884949
qwen-bf16-v2,business-test,biz-general_unclear-2,intent,general,application_detail,0.466356486082077
qwen-bf16-v2,business-test,biz-general_unclear-2,needs_human,no,yes,
qwen-bf16-v2,business-test,biz-general_unclear-3,route,clarify,llm,0.7738109230995178
qwen-bf16-v2,business-test,biz-general_unclear-3,intent,general,applications,0.6078954935073853
qwen-bf16-v2,business-test,biz-product_typo-0,route,tool,llm,0.4873965382575989
qwen-bf16-v2,business-test,biz-product_typo-0,tool,queryLoanProducts,none,
qwen-bf16-v2,business-test,biz-product_typo-1,route,tool,llm,0.5736600756645203
qwen-bf16-v2,business-test,biz-product_typo-1,tool,queryLoanProducts,none,
qwen-bf16-v2,business-test,biz-product_typo-2,route,tool,llm,0.9975111484527588
qwen-bf16-v2,business-test,biz-product_typo-2,tool,queryLoanProducts,none,
qwen-bf16-v2,business-test,biz-product_typo-3,route,tool,llm,0.6892895102500916
qwen-bf16-v2,business-test,biz-product_typo-3,tool,queryLoanProducts,none,
qwen-bf16-v2,business-test,biz-ui_amount-0,route,llm,human,0.9932115077972412
qwen-bf16-v2,business-test,biz-ui_amount-0,intent,ui_issue,application_detail,0.9172247052192688
qwen-bf16-v2,business-test,biz-ui_amount-0,needs_human,no,yes,
qwen-bf16-v2,business-test,biz-ui_amount-1,route,llm,human,0.9697390198707581
qwen-bf16-v2,business-test,biz-ui_amount-1,needs_human,no,yes,
qwen-bf16-v2,business-test,biz-ui_amount-2,route,llm,human,0.9974632263183594
qwen-bf16-v2,business-test,biz-ui_amount-2,intent,ui_issue,application_detail,0.9999943971633911
qwen-bf16-v2,business-test,biz-ui_amount-2,needs_human,no,yes,
qwen-bf16-v2,business-test,biz-ui_amount-3,route,llm,human,0.9996556043624878
qwen-bf16-v2,business-test,biz-ui_amount-3,intent,ui_issue,application_detail,0.49446356296539307
qwen-bf16-v2,business-test,biz-ui_amount-3,needs_human,no,yes,
qwen-bf16-v2,business-test,biz-ui_empty-0,route,llm,human,0.9948049187660217
qwen-bf16-v2,business-test,biz-ui_empty-0,needs_human,no,yes,
qwen-bf16-v2,business-test,biz-ui_empty-1,route,llm,human,0.9945675134658813
qwen-bf16-v2,business-test,biz-ui_empty-1,intent,ui_issue,application_detail,0.999737560749054
qwen-bf16-v2,business-test,biz-ui_empty-1,needs_human,no,yes,
qwen-bf16-v2,business-test,biz-ui_empty-2,route,llm,human,0.9971538782119751
qwen-bf16-v2,business-test,biz-ui_empty-2,needs_human,no,yes,
qwen-bf16-v2,business-test,biz-ui_empty-3,route,llm,human,0.9999179840087891
qwen-bf16-v2,business-test,biz-ui_empty-3,intent,ui_issue,application_detail,0.990972638130188
qwen-bf16-v2,business-test,biz-ui_empty-3,needs_human,no,yes,
qwen-bf16-v2,business-test,biz-repay_change-0,intent,repayment,handoff,0.9999080896377563
qwen-bf16-v2,business-test,biz-repay_change-1,intent,repayment,handoff,0.7036430835723877
qwen-bf16-v2,business-test,biz-repay_change-2,intent,repayment,handoff,0.9911037683486938
qwen-bf16-v2,business-test,biz-repay_change-3,intent,repayment,handoff,0.9745914936065674
qwen-bf16-v2,business-test,biz-application_other-1,intent,application_detail,handoff,0.44792309403419495
qwen-bf16-v2,business-test,biz-application_other-2,intent,application_detail,security,0.9998149275779724
qwen-bf16-v2,business-test,biz-application_other-3,intent,application_detail,security,0.46088871359825134
qwen-bf16-v2,crosswoz-test,crosswoz-8017-12,intent,taxi,restaurant,0.999795138835907
qwen-bf16-v2,crosswoz-test,crosswoz-11801-8,intent,taxi,restaurant,0.9999815225601196
qwen-bf16-v2,crosswoz-test,crosswoz-7805-12,intent,taxi,restaurant,0.9999819993972778
qwen-bf16-v2,crosswoz-test,crosswoz-10606-12,intent,taxi,restaurant,0.9999784231185913
qwen-bf16-v2,crosswoz-test,crosswoz-4433-20,intent,taxi,restaurant,0.9999960660934448
qwen-bf16-v2,crosswoz-test,crosswoz-11949-20,intent,taxi,restaurant,0.9980721473693848
qwen-bf16-v2,crosswoz-test,crosswoz-8328-20,intent,taxi,hotel,0.9990772008895874
qwen-bf16-v2,crosswoz-test,crosswoz-9144-12,intent,taxi,restaurant,0.924117386341095
qwen-bf16-v2,crosswoz-test,crosswoz-10540-10,intent,taxi,attraction,0.6791762113571167
qwen-bf16-v2,crosswoz-test,crosswoz-4738-10,intent,taxi,attraction,0.9997696280479431
qwen-bf16-v2,crosswoz-test,crosswoz-11114-20,intent,taxi,restaurant,0.9955282807350159
qwen-bf16-v2,crosswoz-test,crosswoz-4960-6,intent,metro,attraction,0.9999412298202515
qwen-bf16-v2,crosswoz-test,crosswoz-7675-16,intent,metro,restaurant,0.9999990463256836
qwen-bf16-v2,crosswoz-test,crosswoz-253-6,intent,metro,attraction,0.952547550201416
qwen-bf16-v2,crosswoz-test,crosswoz-1791-8,intent,metro,attraction,0.9980732202529907
qwen-bf16-v2,crosswoz-test,crosswoz-11409-8,intent,metro,attraction,0.9942300319671631
qwen-bf16-v2,crosswoz-test,crosswoz-12061-16,intent,metro,attraction,0.9999982118606567
qwen-bf16-v2,crosswoz-test,crosswoz-6867-10,intent,metro,restaurant,0.9999920129776001
qwen-bf16-v2,crosswoz-test,crosswoz-12480-12,intent,metro,attraction,0.9992902278900146
qwen-bf16-v2,crosswoz-test,crosswoz-10416-8,intent,metro,hotel,0.9998983144760132
qwen-bf16-v2,crosswoz-test,crosswoz-132-16,intent,metro,attraction,0.9971925616264343
qwen-bf16-v2,crosswoz-test,crosswoz-6877-22,intent,metro,hotel,0.9692157506942749
qwen-bf16-v2,crosswoz-test,crosswoz-7585-18,intent,metro,restaurant,0.9999927282333374
qwen-bf16-v2,crosswoz-test,crosswoz-1820-12,intent,metro,hotel,0.9910845756530762
qwen-bf16-v2,crosswoz-test,crosswoz-8723-14,intent,metro,restaurant,0.7287955284118652
qwen-bf16-v2,crosswoz-test,crosswoz-10023-12,intent,metro,restaurant,0.9999876022338867
qwen-bf16-v2,crosswoz-test,crosswoz-3184-18,intent,metro,restaurant,0.5495997667312622
qwen-bf16-v2,crosswoz-test,crosswoz-6058-12,intent,metro,restaurant,0.9999997615814209
qwen-bf16-v2,crosswoz-test,crosswoz-12035-12,intent,metro,hotel,0.9816899299621582
qwen-bf16-v2,crosswoz-test,crosswoz-12114-12,intent,metro,attraction,0.9999921321868896
qwen-bf16-v2,crosswoz-test,crosswoz-12207-10,intent,metro,hotel,0.9045548439025879
qwen-bf16-v2,crosswoz-test,crosswoz-10496-16,intent,metro,attraction,0.9999376535415649
qwen-bf16-v2,crosswoz-test,crosswoz-2424-20,intent,metro,hotel,0.5303936004638672
qwen-bf16-v2,crosswoz-test,crosswoz-8490-8,intent,metro,restaurant,0.9959012866020203
qwen-bf16-v2,crosswoz-test,crosswoz-11292-12,intent,metro,attraction,1.0
qwen-bf16-v2,crosswoz-test,crosswoz-11293-14,intent,attraction,hotel,0.9999926090240479
qwen-bf16-v2,crosswoz-test,crosswoz-7543-8,intent,attraction,restaurant,0.9626730680465698
qwen-bf16-v2,crosswoz-test,crosswoz-9301-4,intent,attraction,restaurant,0.9999920129776001
qwen-bf16-v2,crosswoz-test,crosswoz-9186-8,intent,attraction,restaurant,0.999997615814209
qwen-bf16-v2,crosswoz-test,crosswoz-8524-10,intent,attraction,restaurant,0.9999985694885254
qwen-bf16-v2,crosswoz-test,crosswoz-9921-6,intent,hotel,restaurant,0.9998761415481567
qwen-bf16-v2,crosswoz-test,crosswoz-221-4,intent,hotel,restaurant,0.7772772908210754
qwen-bf16-v2,crosswoz-test,crosswoz-12126-4,intent,hotel,attraction,0.9947768449783325
qwen-bf16-v2,crosswoz-test,crosswoz-8181-10,intent,hotel,attraction,0.9999039173126221
qwen-bf16-v2,crosswoz-test,crosswoz-11034-12,intent,hotel,attraction,0.9912620782852173
qwen-bf16-v2,crosswoz-test,crosswoz-8226-8,intent,hotel,attraction,0.6212226748466492
qwen-bf16-v2,crosswoz-test,crosswoz-8404-2,intent,hotel,attraction,0.6791770458221436
qwen-bf16-v2,crosswoz-test,crosswoz-8696-10,intent,restaurant,attraction,0.9626110792160034
qwen-bf16-v2,massive-test,massive-test-14,intent,iot_hue_lighton,iot_hue_lightdim,0.9643451571464539
qwen-bf16-v2,massive-test,massive-test-27,intent,iot_cleaning,music_dislikeness,0.992354154586792
qwen-bf16-v2,massive-test,massive-test-31,intent,iot_cleaning,play_audiobook,0.4052260220050812
qwen-bf16-v2,massive-test,massive-test-41,intent,general_quirky,iot_hue_lightdim,0.9626557230949402
qwen-bf16-v2,massive-test,massive-test-47,intent,datetime_query,datetime_convert,0.9984569549560547
qwen-bf16-v2,massive-test,massive-test-89,intent,takeaway_order,cooking_recipe,0.7086910009384155
qwen-bf16-v2,massive-test,massive-test-151,intent,play_music,music_dislikeness,0.999932050704956
qwen-bf16-v2,massive-test,massive-test-168,intent,takeaway_query,calendar_remove,0.5345397591590881
qwen-bf16-v2,massive-test,massive-test-169,intent,takeaway_query,takeaway_order,0.9677553772926331
qwen-bf16-v2,massive-test,massive-test-170,intent,takeaway_query,takeaway_order,0.7701037526130676
qwen-bf16-v2,massive-test,massive-test-171,intent,takeaway_query,takeaway_order,0.8775468468666077
qwen-bf16-v2,massive-test,massive-test-250,intent,play_music,music_likeness,0.9980512857437134
qwen-bf16-v2,massive-test,massive-test-254,intent,play_music,music_likeness,0.8197329044342041
qwen-bf16-v2,massive-test,massive-test-258,intent,audio_volume_up,iot_wemo_on,0.8779324889183044
qwen-bf16-v2,massive-test,massive-test-261,intent,audio_volume_up,iot_wemo_on,0.9706831574440002
qwen-bf16-v2,massive-test,massive-test-281,intent,news_query,qa_currency,0.9999920129776001
qwen-bf16-v2,massive-test,massive-test-315,intent,audio_volume_mute,audio_volume_down,0.8437548279762268
qwen-bf16-v2,massive-test,massive-test-317,intent,audio_volume_mute,general_greet,0.9999986886978149
qwen-bf16-v2,massive-test,massive-test-329,intent,play_music,general_greet,0.9971204996109009
qwen-bf16-v2,massive-test,massive-test-366,intent,news_query,general_greet,0.9020293951034546
qwen-bf16-v2,massive-test,massive-test-379,intent,music_likeness,play_music,0.9988278746604919
qwen-bf16-v2,massive-test,massive-test-385,intent,news_query,alarm_remove,0.36782190203666687
qwen-bf16-v2,massive-test,massive-test-399,intent,alarm_remove,lists_remove,0.9999423027038574
qwen-bf16-v2,massive-test,massive-test-437,intent,play_music,play_audiobook,0.4793378412723541
qwen-bf16-v2,massive-test,massive-test-451,intent,news_query,qa_stock,0.9999994039535522
qwen-bf16-v2,massive-test,massive-test-473,intent,play_music,alarm_remove,0.7502617239952087
qwen-bf16-v2,massive-test,massive-test-475,intent,general_quirky,alarm_query,0.5582758784294128
qwen-bf16-v2,massive-test,massive-test-486,intent,datetime_query,datetime_convert,0.7308762073516846
qwen-bf16-v2,massive-test,massive-test-506,intent,play_music,music_likeness,0.8148366212844849
qwen-bf16-v2,massive-test,massive-test-512,intent,weather_query,alarm_query,0.5645738840103149
qwen-bf16-v2,massive-test,massive-test-525,intent,takeaway_query,takeaway_order,0.9961275458335876
qwen-bf16-v2,massive-test,massive-test-585,intent,news_query,alarm_query,0.6953189373016357
qwen-bf16-v2,massive-test,massive-test-608,intent,audio_volume_up,audio_volume_mute,0.9998413324356079
qwen-bf16-v2,massive-test,massive-test-631,intent,news_query,alarm_set,0.9981837868690491
qwen-bf16-v2,massive-test,massive-test-680,intent,news_query,qa_stock,0.9999996423721313
qwen-bf16-v2,massive-test,massive-test-751,intent,audio_volume_mute,general_greet,0.9982526898384094
qwen-bf16-v2,massive-test,massive-test-767,intent,news_query,recommendation_locations,0.999713122844696
qwen-bf16-v2,massive-test,massive-test-779,intent,play_music,music_likeness,0.9966627955436707
qwen-bf16-v2,massive-test,massive-test-796,intent,alarm_query,alarm_set,0.9984970092773438
qwen-bf16-v2,massive-test,massive-test-837,intent,news_query,play_radio,0.9999619722366333
qwen-bf16-v2,massive-test,massive-test-861,intent,alarm_query,alarm_set,0.9996639490127563
qwen-bf16-v2,massive-test,massive-test-862,intent,alarm_query,alarm_set,0.9999713897705078
qwen-bf16-v2,massive-test,massive-test-870,intent,music_likeness,alarm_set,0.32294803857803345
qwen-bf16-v2,massive-test,massive-test-940,intent,alarm_set,alarm_query,0.9999582767486572
qwen-bf16-v2,massive-test,massive-test-967,intent,takeaway_query,takeaway_order,0.9234578609466553
qwen-bf16-v2,massive-test,massive-test-1014,intent,datetime_query,datetime_convert,0.9992241859436035
qwen-bf16-v2,massive-test,massive-test-1042,intent,takeaway_order,alarm_query,0.4869571328163147
qwen-bf16-v2,massive-test,massive-test-1047,intent,play_music,music_likeness,0.9000883102416992
qwen-bf16-v2,massive-test,massive-test-1048,intent,audio_volume_down,iot_wemo_on,0.5621595978736877
qwen-bf16-v2,massive-test,massive-test-1071,intent,iot_hue_lightup,iot_hue_lighton,0.9999985694885254
qwen-bf16-v2,massive-test,massive-test-1084,intent,news_query,alarm_query,0.7532876133918762
qwen-bf16-v2,massive-test,massive-test-1108,intent,play_music,music_likeness,0.9041451215744019
qwen-bf16-v2,massive-test,massive-test-1115,intent,play_music,music_likeness,0.8501214385032654
qwen-bf16-v2,massive-test,massive-test-1120,intent,news_query,general_quirky,0.9998471736907959
qwen-bf16-v2,massive-test,massive-test-1124,intent,play_music,music_settings,0.8656586408615112
qwen-bf16-v2,massive-test,massive-test-1148,intent,datetime_query,datetime_convert,0.9999072551727295
qwen-bf16-v2,massive-test,massive-test-1156,intent,news_query,cooking_recipe,0.6688625812530518
qwen-bf16-v2,massive-test,massive-test-1202,intent,datetime_query,datetime_convert,0.9624086618423462
qwen-bf16-v2,massive-test,massive-test-1238,intent,play_music,alarm_query,0.44411635398864746
qwen-bf16-v2,massive-test,massive-test-1247,intent,takeaway_query,takeaway_order,0.6207646727561951
qwen-bf16-v2,massive-test,massive-test-1249,intent,weather_query,alarm_remove,0.5916364789009094
qwen-bf16-v2,massive-test,massive-test-1294,intent,news_query,alarm_remove,0.35643547773361206
qwen-bf16-v2,massive-test,massive-test-1300,intent,audio_volume_up,alarm_query,0.4404955208301544
qwen-bf16-v2,massive-test,massive-test-1400,intent,weather_query,alarm_remove,0.3562721312046051
qwen-bf16-v2,massive-test,massive-test-1401,intent,weather_query,alarm_query,0.5310266613960266
qwen-bf16-v2,massive-test,massive-test-1423,intent,news_query,general_quirky,0.9981968998908997
qwen-bf16-v2,massive-test,massive-test-1440,intent,play_music,music_likeness,0.9251089096069336
qwen-bf16-v2,massive-test,massive-test-1452,intent,alarm_remove,lists_remove,0.9993982315063477
qwen-bf16-v2,massive-test,massive-test-1537,intent,datetime_query,datetime_convert,0.7772765755653381
qwen-bf16-v2,massive-test,massive-test-1675,intent,alarm_remove,lists_remove,0.9998925924301147
qwen-bf16-v2,massive-test,massive-test-1677,intent,music_query,play_music,0.7693586945533752
qwen-bf16-v2,massive-test,massive-test-1692,intent,play_music,music_likeness,0.9815698862075806
qwen-bf16-v2,massive-test,massive-test-1710,intent,music_settings,play_music,0.9958194494247437
qwen-bf16-v2,massive-test,massive-test-1744,intent,music_likeness,general_greet,0.9999995231628418
qwen-bf16-v2,massive-test,massive-test-1759,intent,news_query,datetime_convert,0.6166560053825378
qwen-bf16-v2,massive-test,massive-test-1777,intent,play_music,music_likeness,0.6757234334945679
qwen-bf16-v2,massive-test,massive-test-1794,intent,news_query,qa_factoid,0.9999899864196777
qwen-bf16-v2,massive-test,massive-test-1803,intent,news_query,calendar_query,0.7094762325286865
qwen-bf16-v2,massive-test,massive-test-1804,intent,iot_hue_lightup,iot_hue_lightoff,0.8698918223381042
qwen-bf16-v2,massive-test,massive-test-1807,intent,music_query,music_likeness,0.4738229513168335
qwen-bf16-v2,massive-test,massive-test-1808,intent,music_query,alarm_query,0.9681639075279236
qwen-bf16-v2,massive-test,massive-test-1830,intent,takeaway_order,cooking_recipe,0.9609792828559875
qwen-bf16-v2,massive-test,massive-test-1831,intent,takeaway_order,calendar_remove,0.7014973759651184
qwen-bf16-v2,massive-test,massive-test-1874,intent,music_likeness,play_music,0.9998713731765747
qwen-bf16-v2,massive-test,massive-test-1904,intent,news_query,audio_volume_other,0.6258889436721802
qwen-bf16-v2,massive-test,massive-test-1913,intent,alarm_set,alarm_query,0.5416436791419983
qwen-bf16-v2,massive-test,massive-test-1993,intent,iot_hue_lightup,iot_hue_lighton,0.9999977350234985
qwen-bf16-v2,massive-test,massive-test-1994,intent,play_music,music_dislikeness,0.45613306760787964
qwen-bf16-v2,massive-test,massive-test-2030,intent,music_query,play_music,0.5354325175285339
qwen-bf16-v2,massive-test,massive-test-2035,intent,takeaway_query,cooking_recipe,0.9989377856254578
qwen-bf16-v2,massive-test,massive-test-2062,intent,play_music,music_likeness,0.997511625289917
qwen-bf16-v2,massive-test,massive-test-2075,intent,iot_hue_lightup,iot_hue_lightoff,0.9944235682487488
qwen-bf16-v2,massive-test,massive-test-2085,intent,play_music,music_settings,0.9999182224273682
qwen-bf16-v2,massive-test,massive-test-2093,intent,music_query,play_music,0.5685009360313416
qwen-bf16-v2,massive-test,massive-test-2134,intent,alarm_set,general_greet,0.9176236391067505
qwen-bf16-v2,massive-test,massive-test-2160,intent,iot_hue_lightoff,general_greet,0.9998362064361572
qwen-bf16-v2,massive-test,massive-test-2163,intent,takeaway_query,takeaway_order,0.9874078035354614
qwen-bf16-v2,massive-test,massive-test-2164,intent,takeaway_query,cooking_query,0.9928350448608398
qwen-bf16-v2,massive-test,massive-test-2165,intent,takeaway_query,cooking_query,0.9969918727874756
qwen-bf16-v2,massive-test,massive-test-2167,intent,alarm_set,alarm_query,0.9267272353172302
qwen-bf16-v2,massive-test,massive-test-2174,intent,music_query,general_quirky,0.46315664052963257
qwen-bf16-v2,massive-test,massive-test-2207,intent,audio_volume_mute,iot_wemo_on,0.8807963132858276
qwen-bf16-v2,massive-test,massive-test-2208,intent,general_quirky,general_greet,0.9998936653137207
qwen-bf16-v2,massive-test,massive-test-2234,intent,iot_hue_lightup,iot_hue_lightoff,0.8130565285682678
qwen-bf16-v2,massive-test,massive-test-2258,intent,weather_query,general_greet,0.9331604838371277
qwen-bf16-v2,massive-test,massive-test-2263,intent,iot_hue_lightdim,iot_hue_lightchange,0.9982941746711731
qwen-bf16-v2,massive-test,massive-test-2264,intent,iot_hue_lightup,iot_hue_lightchange,0.999987006187439
qwen-bf16-v2,massive-test,massive-test-2296,intent,news_query,datetime_query,0.6719809770584106
qwen-bf16-v2,massive-test,massive-test-2309,intent,datetime_convert,datetime_query,0.9046427011489868
qwen-bf16-v2,massive-test,massive-test-2311,intent,iot_hue_lightdim,iot_hue_lightoff,0.9928334951400757
qwen-bf16-v2,massive-test,massive-test-2330,intent,datetime_query,datetime_convert,0.9999951124191284
qwen-bf16-v2,massive-test,massive-test-2365,intent,music_query,play_radio,0.9999805688858032
qwen-bf16-v2,massive-test,massive-test-2386,intent,news_query,general_greet,0.9733662009239197
qwen-bf16-v2,massive-test,massive-test-2400,intent,music_likeness,music_dislikeness,0.9999992847442627
qwen-bf16-v2,massive-test,massive-test-2403,intent,iot_hue_lightup,iot_hue_lightchange,0.9239193201065063
qwen-bf16-v2,massive-test,massive-test-2408,intent,play_music,music_query,0.8798747658729553
qwen-bf16-v2,massive-test,massive-test-2412,intent,datetime_query,datetime_convert,0.9999638795852661
qwen-bf16-v2,massive-test,massive-test-2414,intent,takeaway_order,cooking_recipe,0.588824450969696
qwen-bf16-v2,massive-test,massive-test-2432,intent,takeaway_query,alarm_remove,0.798809289932251
qwen-bf16-v2,massive-test,massive-test-2447,intent,takeaway_order,cooking_recipe,0.7069271802902222
qwen-bf16-v2,massive-test,massive-test-2451,intent,datetime_convert,weather_query,0.9021636247634888
qwen-bf16-v2,massive-test,massive-test-2605,intent,play_music,music_likeness,0.731054425239563
qwen-bf16-v2,massive-test,massive-test-2610,intent,takeaway_query,social_post,0.9985969662666321
qwen-bf16-v2,massive-test,massive-test-2615,intent,weather_query,datetime_query,0.99903404712677
qwen-bf16-v2,massive-test,massive-test-2647,intent,music_settings,music_likeness,0.9980637431144714
qwen-bf16-v2,massive-test,massive-test-2673,intent,alarm_query,alarm_set,0.9999819993972778
qwen-bf16-v2,massive-test,massive-test-2684,intent,takeaway_query,general_greet,0.9624524116516113
qwen-bf16-v2,massive-test,massive-test-2704,intent,play_music,music_likeness,0.9999655485153198
qwen-bf16-v2,massive-test,massive-test-2708,intent,play_music,music_likeness,0.7769514322280884
qwen-bf16-v2,massive-test,massive-test-2709,intent,play_music,music_likeness,0.9954388737678528
qwen-bf16-v2,massive-test,massive-test-2717,intent,play_music,music_likeness,0.9706703424453735
qwen-bf16-v2,massive-test,massive-test-2773,intent,takeaway_query,alarm_remove,0.7820416688919067
qwen-bf16-v2,massive-test,massive-test-2780,intent,music_likeness,music_query,0.9573672413825989
qwen-bf16-v2,massive-test,massive-test-2796,intent,audio_volume_mute,audio_volume_down,0.880767285823822
qwen-bf16-v2,massive-test,massive-test-2798,intent,play_music,music_dislikeness,0.9990436434745789
qwen-bf16-v2,massive-test,massive-test-2801,intent,datetime_query,datetime_convert,0.9946911931037903
qwen-bf16-v2,massive-test,massive-test-2816,intent,iot_hue_lightchange,iot_hue_lightdim,0.9999951124191284
qwen-bf16-v2,massive-test,massive-test-2850,intent,takeaway_query,alarm_remove,0.7090652585029602
qwen-bf16-v2,massive-test,massive-test-2859,intent,datetime_query,datetime_convert,0.9951902627944946
qwen-bf16-v2,massive-test,massive-test-2887,intent,news_query,weather_query,0.9998419284820557
qwen-bf16-v2,massive-test,massive-test-2898,intent,news_query,calendar_query,0.8825058341026306
qwen-bf16-v2,massive-test,massive-test-2908,intent,takeaway_query,takeaway_order,0.7768675684928894
qwen-bf16-v2,massive-test,massive-test-2927,intent,datetime_query,datetime_convert,0.9944472312927246
qwen-bf16-v2,massive-test,massive-test-2931,intent,play_music,play_audiobook,0.7745266556739807
qwen-bf16-v2,massive-test,massive-test-2957,intent,alarm_query,alarm_set,0.8175713419914246
qwen-bf16-v2,massive-test,massive-test-2983,intent,alarm_remove,lists_remove,0.9966247081756592
qwen-bf16-v2,massive-test,massive-test-3008,intent,iot_hue_lightup,iot_hue_lighton,0.9999980926513672
qwen-bf16-v2,massive-test,massive-test-3011,intent,iot_hue_lightup,iot_hue_lightoff,0.9889692068099976
qwen-bf16-v2,massive-test,massive-test-3021,intent,takeaway_query,cooking_recipe,0.38144344091415405
qwen-bf16-v2,massive-test,massive-test-3060,intent,news_query,play_audiobook,0.30283161997795105
qwen-bf16-v2,massive-test,massive-test-3080,intent,takeaway_order,alarm_remove,0.5385702252388
qwen-bf16-v2,massive-test,massive-test-3091,intent,datetime_query,datetime_convert,0.999984860420227
qwen-bf16-v2,massive-test,massive-test-3101,intent,news_query,play_radio,0.9999908208847046
qwen-bf16-v2,massive-test,massive-test-3116,intent,play_music,music_likeness,0.8519431352615356
qwen-bf16-v2,massive-test,massive-test-3118,intent,datetime_query,datetime_convert,0.9999995231628418
qwen-bf16-v2,massive-test,massive-test-3127,intent,general_quirky,weather_query,0.9996042847633362
qwen-bf16-v2,massive-test,massive-test-3128,intent,general_quirky,weather_query,0.9990891218185425
qwen-bf16-v2,massive-test,massive-test-3175,intent,audio_volume_mute,audio_volume_down,0.9914650321006775
qwen-bf16-v2,massive-test,massive-test-3184,intent,iot_wemo_on,alarm_remove,0.42277488112449646
qwen-bf16-v2,massive-test,massive-test-3193,intent,music_likeness,lists_query,0.42573994398117065
qwen-bf16-v2,massive-test,massive-test-3204,intent,music_likeness,music_dislikeness,0.9999908208847046
qwen-bf16-v2,massive-test,massive-test-3212,intent,calendar_set,alarm_query,0.5662186741828918
qwen-bf16-v2,massive-test,massive-test-3276,intent,takeaway_query,takeaway_order,0.9076817631721497
qwen-bf16-v2,massive-test,massive-test-3295,intent,takeaway_query,takeaway_order,0.9502723217010498
qwen-bf16-v2,massive-test,massive-test-3305,intent,weather_query,calendar_query,0.49824923276901245
qwen-bf16-v2,massive-test,massive-test-3337,intent,weather_query,alarm_query,0.2786005139350891
qwen-bf16-v2,massive-test,massive-test-3349,intent,audio_volume_up,calendar_query,0.60609370470047
qwen-bf16-v2,massive-test,massive-test-3364,intent,general_joke,alarm_query,0.39898160099983215
qwen-bf16-v2,massive-test,massive-test-3386,intent,iot_hue_lightoff,iot_hue_lightdim,0.9946816563606262
qwen-bf16-v2,massive-test,massive-test-3413,intent,takeaway_query,takeaway_order,0.9880881905555725
qwen-bf16-v2,massive-test,massive-test-3433,intent,play_music,music_likeness,0.9889515042304993
qwen-bf16-v2,massive-test,massive-test-3434,intent,play_music,music_likeness,0.5612606406211853
qwen-bf16-v2,massive-test,massive-test-3435,intent,alarm_remove,lists_remove,0.9999438524246216
qwen-bf16-v2,massive-test,massive-test-3444,intent,datetime_query,alarm_query,0.8650608062744141
qwen-bf16-v2,massive-test,massive-test-3474,intent,audio_volume_down,iot_wemo_on,0.962626576423645
qwen-bf16-v2,massive-test,massive-test-3486,intent,audio_volume_down,iot_wemo_on,0.8585140705108643
qwen-bf16-v2,massive-test,massive-test-3546,intent,play_music,music_likeness,0.999875545501709
qwen-bf16-v2,massive-test,massive-test-3562,intent,play_music,alarm_query,0.5183172225952148
qwen-bf16-v2,massive-test,massive-test-3598,intent,general_quirky,general_greet,0.9999996423721313
qwen-bf16-v2,massive-test,massive-test-3600,intent,calendar_set,alarm_set,0.999954342842102
qwen-bf16-v2,massive-test,massive-test-3606,intent,datetime_query,datetime_convert,0.9999866485595703
qwen-bf16-v2,massive-test,massive-test-3623,intent,news_query,alarm_remove,0.5180087089538574
qwen-bf16-v2,massive-test,massive-test-3654,intent,music_query,music_likeness,0.6222272515296936
qwen-bf16-v2,massive-test,massive-test-3669,intent,datetime_convert,datetime_query,0.6223925352096558
qwen-bf16-v2,massive-test,massive-test-3671,intent,takeaway_query,takeaway_order,0.9913525581359863
qwen-bf16-v2,massive-test,massive-test-3700,intent,iot_hue_lightchange,iot_hue_lightdim,0.8170637488365173
qwen-bf16-v2,massive-test,massive-test-3723,intent,play_music,music_likeness,0.8510973453521729
qwen-bf16-v2,massive-test,massive-test-3750,intent,news_query,calendar_query,0.9419702887535095
qwen-bf16-v2,massive-test,massive-test-3761,intent,alarm_set,alarm_query,0.9877879023551941
qwen-bf16-v2,massive-test,massive-test-3762,intent,iot_hue_lightup,iot_hue_lightoff,0.9438122510910034
qwen-bf16-v2,massive-test,massive-test-3809,intent,audio_volume_down,iot_wemo_on,0.5621595978736877
qwen-bf16-v2,massive-test,massive-test-3819,intent,music_likeness,music_dislikeness,0.9992874264717102
qwen-bf16-v2,massive-test,massive-test-3822,intent,news_query,play_audiobook,0.38203099370002747
qwen-bf16-v2,massive-test,massive-test-3883,intent,iot_hue_lightup,recommendation_locations,0.5135934948921204
qwen-bf16-v2,massive-test,massive-test-3894,intent,play_audiobook,alarm_remove,0.4915594756603241
qwen-bf16-v2,massive-test,massive-test-3911,intent,play_music,music_query,0.9706868529319763
qwen-bf16-v2,massive-test,massive-test-3912,intent,play_music,music_likeness,0.9943403005599976
qwen-bf16-v2,massive-test,massive-test-3960,intent,datetime_query,alarm_query,0.7071700692176819
qwen-bf16-v2,massive-test,massive-test-3967,intent,play_music,music_likeness,0.9612115025520325
qwen-bf16-v2,massive-test,massive-test-3982,intent,play_music,music_likeness,0.9040536284446716
qwen-bf16-v2,massive-test,massive-test-4001,intent,news_query,alarm_remove,0.7693455815315247
qwen-bf16-v2,massive-test,massive-test-4024,intent,iot_wemo_off,iot_hue_lightoff,0.9281527400016785
qwen-bf16-v2,massive-test,massive-test-4026,intent,iot_wemo_off,iot_hue_lightoff,0.5336939096450806
qwen-bf16-v2,massive-test,massive-test-4040,intent,play_music,music_likeness,0.7770644426345825
qwen-bf16-v2,massive-test,massive-test-4048,intent,takeaway_query,takeaway_order,0.8772793412208557
qwen-bf16-v2,massive-test,massive-test-4119,intent,news_query,qa_factoid,0.9977117776870728
qwen-bf16-v2,massive-test,massive-test-4125,intent,takeaway_query,cooking_recipe,0.9973680377006531
qwen-bf16-v2,massive-test,massive-test-4136,intent,play_music,music_likeness,0.7158492803573608
qwen-bf16-v2,massive-test,massive-test-4137,intent,takeaway_query,takeaway_order,0.5590407848358154
qwen-bf16-v2,massive-test,massive-test-4152,intent,play_music,music_dislikeness,0.9998975992202759
qwen-bf16-v2,massive-test,massive-test-4154,intent,iot_wemo_off,iot_hue_lightoff,0.9859557151794434
qwen-bf16-v2,massive-test,massive-test-4155,intent,audio_volume_other,audio_volume_down,0.8806432485580444
qwen-bf16-v2,massive-test,massive-test-4178,intent,news_query,calendar_query,0.4768713116645813
qwen-bf16-v2,massive-test,massive-test-4183,intent,datetime_query,datetime_convert,0.6784915924072266
qwen-bf16-v2,massive-test,massive-test-4186,intent,datetime_query,general_greet,0.8133090734481812
qwen-bf16-v2,massive-test,massive-test-4189,intent,music_query,music_dislikeness,0.9948891401290894
qwen-bf16-v2,massive-test,massive-test-4201,intent,iot_wemo_on,iot_cleaning,0.9999724626541138
qwen-bf16-v2,massive-test,massive-test-4205,intent,play_music,music_likeness,0.9997859597206116
qwen-bf16-v2,massive-test,massive-test-4212,intent,weather_query,iot_cleaning,0.9906084537506104
qwen-bf16-v2,massive-test,massive-test-4224,intent,takeaway_query,takeaway_order,0.9897392392158508
qwen-bf16-v2,massive-test,massive-test-4236,intent,datetime_query,general_greet,0.9999738931655884
qwen-bf16-v2,massive-test,massive-test-4253,intent,datetime_query,datetime_convert,0.999736487865448
qwen-bf16-v2,massive-test,massive-test-4254,intent,datetime_query,datetime_convert,0.9999009370803833
qwen-bf16-v2,massive-test,massive-test-4258,intent,news_query,calendar_query,0.5936189293861389
qwen-bf16-v2,massive-test,massive-test-4268,intent,music_settings,music_dislikeness,0.7113726735115051
qwen-bf16-v2,massive-test,massive-test-4290,intent,weather_query,datetime_query,0.7204150557518005
qwen-bf16-v2,massive-test,massive-test-4334,intent,social_query,social_post,0.9996639490127563
qwen-bf16-v2,massive-test,massive-test-4361,intent,play_music,music_likeness,0.9997765421867371
qwen-bf16-v2,massive-test,massive-test-4436,intent,weather_query,alarm_remove,0.4628954529762268
qwen-bf16-v2,massive-test,massive-test-4461,intent,takeaway_query,cooking_query,0.9597925543785095
qwen-bf16-v2,massive-test,massive-test-4482,intent,weather_query,alarm_query,0.3029037415981293
qwen-bf16-v2,massive-test,massive-test-4492,intent,news_query,weather_query,0.7351464629173279
qwen-bf16-v2,massive-test,massive-test-4554,intent,iot_coffee,cooking_query,0.6791226267814636
qwen-bf16-v2,massive-test,massive-test-4580,intent,datetime_query,datetime_convert,0.5410330891609192
qwen-bf16-v2,massive-test,massive-test-4587,intent,play_music,music_likeness,0.8175730109214783
qwen-bf16-v2,massive-test,massive-test-4589,intent,calendar_set,alarm_set,0.998130738735199
qwen-bf16-v2,massive-test,massive-test-4601,intent,alarm_set,datetime_query,0.4116710126399994
qwen-bf16-v2,massive-test,massive-test-4606,intent,news_query,qa_stock,0.9999995231628418
qwen-bf16-v2,massive-test,massive-test-4659,intent,audio_volume_mute,alarm_query,0.2470344752073288
qwen-bf16-v2,massive-test,massive-test-4680,intent,weather_query,general_quirky,0.9743889570236206
qwen-bf16-v2,massive-test,massive-test-4702,intent,audio_volume_up,play_music,0.9937264919281006
qwen-bf16-v2,massive-test,massive-test-4712,intent,alarm_remove,general_greet,0.9729753136634827
qwen-bf16-v2,massive-test,massive-test-4767,intent,news_query,cooking_recipe,0.8996573090553284
qwen-bf16-v2,massive-test,massive-test-4772,intent,datetime_query,datetime_convert,0.9999760389328003
qwen-bf16-v2,massive-test,massive-test-4784,intent,weather_query,alarm_query,0.40294286608695984
qwen-bf16-v2,massive-test,massive-test-4799,intent,iot_wemo_on,iot_wemo_off,0.9770222902297974
qwen-bf16-v2,massive-test,massive-test-4813,intent,datetime_query,datetime_convert,0.9999969005584717
qwen-bf16-v2,massive-test,massive-test-4833,intent,audio_volume_mute,alarm_remove,0.9997344613075256
qwen-bf16-v2,massive-test,massive-test-4837,intent,news_query,general_greet,0.9999998807907104
qwen-bf16-v2,massive-test,massive-test-4874,intent,music_likeness,play_audiobook,0.42891284823417664
qwen-bf16-v2,massive-test,massive-test-4881,intent,datetime_query,datetime_convert,0.9999246597290039
qwen-bf16-v2,massive-test,massive-test-4890,intent,calendar_set,weather_query,0.9997802376747131
qwen-bf16-v2,massive-test,massive-test-4930,intent,alarm_set,alarm_query,0.9859326481819153
qwen-bf16-v2,massive-test,massive-test-4955,intent,iot_hue_lightchange,general_greet,0.9999399185180664
qwen-bf16-v2,massive-test,massive-test-4960,intent,play_music,music_likeness,0.7310130000114441
qwen-bf16-v2,massive-test,massive-test-5009,intent,weather_query,calendar_query,0.9354720711708069
qwen-bf16-v2,massive-test,massive-test-5010,intent,iot_coffee,alarm_remove,0.5132014155387878
qwen-bf16-v2,massive-test,massive-test-5016,intent,news_query,qa_stock,0.9999991655349731
qwen-bf16-v2,massive-test,massive-test-5017,intent,iot_coffee,cooking_query,0.9819748997688293
qwen-bf16-v2,massive-test,massive-test-5026,intent,iot_hue_lightchange,iot_hue_lightoff,0.7777789235115051
qwen-bf16-v2,massive-test,massive-test-5047,intent,iot_hue_lightdim,iot_hue_lightoff,0.9999251365661621
qwen-bf16-v2,massive-test,massive-test-5050,intent,iot_wemo_off,iot_hue_lightoff,0.9969460368156433
qwen-bf16-v2,massive-test,massive-test-5082,intent,alarm_set,alarm_query,0.8519505262374878
qwen-bf16-v2,massive-test,massive-test-5116,intent,alarm_remove,music_dislikeness,0.5999068021774292
qwen-bf16-v2,massive-test,massive-test-5118,intent,play_music,general_greet,0.9971204996109009
qwen-bf16-v2,massive-test,massive-test-5127,intent,news_query,qa_factoid,0.6890274286270142
qwen-bf16-v2,massive-test,massive-test-5128,intent,transport_ticket,lists_query,0.2909412384033203
qwen-bf16-v2,massive-test,massive-test-5131,intent,datetime_query,datetime_convert,0.9999984502792358
qwen-bf16-v2,massive-test,massive-test-5152,intent,music_settings,music_dislikeness,0.9999936819076538
qwen-bf16-v2,massive-test,massive-test-5158,intent,play_music,music_query,0.9751808643341064
qwen-bf16-v2,massive-test,massive-test-5196,intent,news_query,cooking_recipe,0.9120286703109741
qwen-bf16-v2,massive-test,massive-test-5219,intent,audio_volume_down,iot_wemo_on,0.817572832107544
qwen-bf16-v2,massive-test,massive-test-5258,intent,music_likeness,play_music,0.9913525581359863
qwen-bf16-v2,massive-test,massive-test-5278,intent,play_music,music_dislikeness,0.9953159093856812
qwen-bf16-v2,massive-test,massive-test-5279,intent,play_music,music_dislikeness,0.9523389339447021
qwen-bf16-v2,massive-test,massive-test-5324,intent,takeaway_query,takeaway_order,0.9371222853660583
qwen-bf16-v2,massive-test,massive-test-5328,intent,play_music,music_likeness,0.9045951962471008
qwen-bf16-v2,massive-test,massive-test-5339,intent,weather_query,alarm_remove,0.7712316513061523
qwen-bf16-v2,massive-test,massive-test-5341,intent,datetime_query,alarm_query,0.9999353885650635
qwen-bf16-v2,massive-test,massive-test-5370,intent,news_query,calendar_query,0.9880087375640869
qwen-bf16-v2,massive-test,massive-test-5378,intent,play_music,qa_definition,0.9988284707069397
qwen-bf16-v2,massive-test,massive-test-5427,intent,datetime_query,datetime_convert,0.999962329864502
qwen-bf16-v2,massive-test,massive-test-5439,intent,weather_query,calendar_query,0.8129403591156006
qwen-bf16-v2,massive-test,massive-test-5465,intent,weather_query,general_greet,0.9975698590278625
qwen-bf16-v2,massive-test,massive-test-5468,intent,weather_query,calendar_query,0.691283106803894
qwen-bf16-v2,massive-test,massive-test-5475,intent,alarm_set,transport_traffic,0.811742901802063
qwen-bf16-v2,massive-test,massive-test-5501,intent,iot_hue_lightup,iot_hue_lighton,0.9999973773956299
qwen-bf16-v2,massive-test,massive-test-5523,intent,datetime_convert,datetime_query,0.6780920624732971
qwen-bf16-v2,massive-test,massive-test-5529,intent,weather_query,general_quirky,0.9991803765296936
qwen-bf16-v2,massive-test,massive-test-5531,intent,music_likeness,music_query,0.9750450253486633
qwen-bf16-v2,massive-test,massive-test-5557,intent,play_music,music_likeness,0.9999629259109497
qwen-bf16-v2,massive-test,massive-test-5570,intent,takeaway_order,calendar_remove,0.8996930122375488
qwen-bf16-v2,massive-test,massive-test-5573,intent,iot_hue_lightup,iot_hue_lightchange,0.9978898167610168
qwen-bf16-v2,massive-test,massive-test-5574,intent,iot_hue_lightup,iot_hue_lighton,0.7634773254394531
qwen-bf16-v2,massive-test,massive-test-5579,intent,audio_volume_other,audio_volume_down,0.6726630926132202
qwen-bf16-v2,massive-test,massive-test-5590,intent,weather_query,iot_hue_lighton,0.5126906633377075
qwen-bf16-v2,massive-test,massive-test-5600,intent,takeaway_query,cooking_recipe,0.999026894569397
qwen-bf16-v2,massive-test,massive-test-5611,intent,audio_volume_down,iot_wemo_on,0.7310581207275391
qwen-bf16-v2,massive-test,massive-test-5614,intent,music_query,play_radio,0.9999949932098389
qwen-bf16-v2,massive-test,massive-test-5623,intent,alarm_set,alarm_query,0.9999716281890869
qwen-bf16-v2,massive-test,massive-test-5671,intent,datetime_query,datetime_convert,0.4999379515647888
qwen-bf16-v2,massive-test,massive-test-5707,intent,play_music,music_likeness,0.9999984502792358
qwen-bf16-v2,massive-test,massive-test-5727,intent,iot_hue_lightup,iot_hue_lightoff,0.9215790629386902
qwen-bf16-v2,massive-test,massive-test-5732,intent,weather_query,calendar_query,0.3402007818222046
qwen-bf16-v2,massive-test,massive-test-5757,intent,datetime_query,alarm_query,0.7639526724815369
qwen-bf16-v2,massive-test,massive-test-5774,intent,datetime_query,datetime_convert,0.9650884866714478
qwen-bf16-v2,massive-test,massive-test-5812,intent,audio_volume_other,music_settings,0.9959153532981873
qwen-bf16-v2,massive-test,massive-test-5813,intent,play_music,lists_createoradd,0.9312188029289246
qwen-bf16-v2,massive-test,massive-test-5820,intent,play_music,alarm_remove,0.5517320036888123
qwen-bf16-v2,massive-test,massive-test-5823,intent,audio_volume_down,iot_wemo_on,0.5621764659881592
qwen-bf16-v2,massive-test,massive-test-5840,intent,takeaway_order,cooking_recipe,0.997990608215332
qwen-bf16-v2,massive-test,massive-test-5886,intent,news_query,cooking_recipe,0.8825509548187256
qwen-bf16-v2,massive-test,massive-test-5888,intent,iot_wemo_off,iot_hue_lightoff,0.9975478053092957
qwen-bf16-v2,massive-test,massive-test-5911,intent,music_settings,play_music,0.9872936010360718
qwen-bf16-v2,massive-test,massive-test-5912,intent,music_settings,music_dislikeness,0.9996339082717896
qwen-bf16-v2,massive-test,massive-test-5919,intent,news_query,recommendation_locations,0.9081019163131714
qwen-bf16-v2,massive-test,massive-test-5953,intent,weather_query,general_quirky,0.6231788396835327
qwen-bf16-v2,massive-test,massive-test-5955,intent,weather_query,play_audiobook,0.5297152996063232
qwen-bf16-v2,massive-test,massive-test-5958,intent,audio_volume_mute,general_greet,0.999338686466217
qwen-bf16-v2,massive-test,massive-test-5966,intent,takeaway_order,cooking_recipe,0.9879526495933533
qwen-bf16-v2,massive-test,massive-test-5997,intent,datetime_query,datetime_convert,0.9992873072624207
qwen-bf16-v2,massive-test,massive-test-6013,intent,music_query,play_radio,0.9999986886978149
qwen-bf16-v2,massive-test,massive-test-6014,intent,music_query,alarm_query,0.19692543148994446
qwen-bf16-v2,massive-test,massive-test-6023,intent,weather_query,music_dislikeness,0.366402804851532
qwen-bf16-v2,massive-test,massive-test-6024,intent,weather_query,calendar_query,0.9227067828178406
qwen-bf16-v2,massive-test,massive-test-6025,intent,weather_query,calendar_query,0.6938493847846985
qwen-bf16-v2,massive-test,massive-test-6027,intent,play_music,music_likeness,0.9999988079071045
qwen-bf16-v2,massive-test,massive-test-6045,intent,play_music,music_likeness,0.9495061039924622
qwen-bf16-v2,massive-test,massive-test-6050,intent,weather_query,general_greet,0.9961494207382202
qwen-bf16-v2,massive-test,massive-test-6064,intent,audio_volume_mute,general_greet,0.999481737613678
qwen-bf16-v2,massive-test,massive-test-6072,intent,takeaway_query,takeaway_order,0.9733734130859375
qwen-bf16-v2,massive-test,massive-test-6093,intent,weather_query,iot_hue_lighton,0.9445971250534058
qwen-bf16-v2,massive-test,massive-test-6109,intent,music_likeness,music_dislikeness,0.9859225749969482
qwen-bf16-v2,massive-test,massive-test-6112,intent,takeaway_order,cooking_recipe,0.9936680197715759
qwen-bf16-v2,massive-test,massive-test-6118,intent,datetime_query,datetime_convert,0.9984917640686035
qwen-bf16-v2,massive-test,massive-test-6127,intent,weather_query,play_audiobook,0.8511742353439331
qwen-bf16-v2,massive-test,massive-test-6172,intent,weather_query,general_greet,0.9020034670829773
qwen-bf16-v2,massive-test,massive-test-6178,intent,weather_query,alarm_remove,0.5106907486915588
qwen-bf16-v2,massive-test,massive-test-6181,intent,general_quirky,general_greet,0.9999998807907104
qwen-bf16-v2,massive-test,massive-test-6195,intent,general_quirky,general_greet,0.9999947547912598
qwen-bf16-v2,massive-test,massive-test-6201,intent,general_quirky,general_greet,0.9850173592567444
qwen-bf16-v2,massive-test,massive-test-6213,intent,general_quirky,calendar_query,0.9999996423721313
qwen-bf16-v2,massive-test,massive-test-6220,intent,general_quirky,alarm_query,0.4501264989376068
qwen-bf16-v2,massive-test,massive-test-6227,intent,general_quirky,calendar_query,0.9814043641090393
qwen-bf16-v2,massive-test,massive-test-6229,intent,general_quirky,calendar_query,0.598025918006897
qwen-bf16-v2,massive-test,massive-test-6241,intent,general_quirky,general_greet,0.9993607401847839
qwen-bf16-v2,massive-test,massive-test-6243,intent,general_quirky,music_likeness,0.6788204312324524
qwen-bf16-v2,massive-test,massive-test-6248,intent,general_quirky,general_greet,0.998197615146637
qwen-bf16-v2,massive-test,massive-test-6267,intent,general_quirky,general_greet,0.999996542930603
qwen-bf16-v2,massive-test,massive-test-6282,intent,general_quirky,general_greet,0.9999996423721313
qwen-bf16-v2,massive-test,massive-test-6288,intent,general_quirky,general_greet,0.8000888824462891
qwen-bf16-v2,massive-test,massive-test-6290,intent,general_quirky,play_audiobook,0.4738157391548157
qwen-bf16-v2,massive-test,massive-test-6293,intent,general_quirky,general_greet,0.9526312947273254
qwen-bf16-v2,massive-test,massive-test-6294,intent,general_quirky,general_greet,0.9999568462371826
qwen-bf16-v2,massive-test,massive-test-6295,intent,general_quirky,music_dislikeness,0.9996333122253418
qwen-bf16-v2,massive-test,massive-test-6301,intent,general_quirky,general_greet,0.9996532201766968
qwen-bf16-v2,massive-test,massive-test-6304,intent,general_quirky,general_greet,0.9999997615814209
qwen-bf16-v2,massive-test,massive-test-6305,intent,general_quirky,general_greet,0.8804685473442078
qwen-bf16-v2,massive-test,massive-test-6313,intent,general_quirky,general_greet,0.9999833106994629
qwen-bf16-v2,massive-test,massive-test-6319,intent,general_quirky,calendar_query,0.9669044613838196
qwen-bf16-v2,massive-test,massive-test-6322,intent,general_quirky,play_game,0.9999977350234985
qwen-bf16-v2,massive-test,massive-test-6325,intent,general_quirky,music_dislikeness,0.9890025854110718
qwen-bf16-v2,massive-test,massive-test-6331,intent,general_quirky,social_post,0.9895492792129517
qwen-bf16-v2,massive-test,massive-test-6337,intent,general_quirky,general_greet,0.9999414682388306
qwen-bf16-v2,massive-test,massive-test-6352,intent,general_quirky,general_greet,0.5180120468139648
qwen-bf16-v2,massive-test,massive-test-6353,intent,general_quirky,play_audiobook,0.9391106963157654
qwen-bf16-v2,massive-test,massive-test-6370,intent,calendar_query,datetime_query,0.9995419979095459
qwen-bf16-v2,massive-test,massive-test-6371,intent,general_quirky,datetime_convert,0.597194492816925
qwen-bf16-v2,massive-test,massive-test-6378,intent,general_quirky,music_dislikeness,0.9705876111984253
qwen-bf16-v2,massive-test,massive-test-6382,intent,general_quirky,general_greet,0.43732649087905884
qwen-bf16-v2,massive-test,massive-test-6385,intent,general_quirky,alarm_query,0.45921948552131653
qwen-bf16-v2,massive-test,massive-test-6388,intent,general_quirky,general_greet,0.9999971389770508
qwen-bf16-v2,massive-test,massive-test-6402,intent,general_quirky,audio_volume_other,0.36787164211273193
qwen-bf16-v2,massive-test,massive-test-6403,intent,transport_query,alarm_query,0.44212469458580017
qwen-bf16-v2,massive-test,massive-test-6410,intent,news_query,cooking_recipe,0.6920425891876221
qwen-bf16-v2,massive-test,massive-test-6417,intent,general_quirky,lists_createoradd,0.9910807013511658
qwen-bf16-v2,massive-test,massive-test-6424,intent,general_quirky,general_greet,0.9999998807907104
qwen-bf16-v2,massive-test,massive-test-6426,intent,general_quirky,alarm_query,0.6003953218460083
qwen-bf16-v2,massive-test,massive-test-6431,intent,general_quirky,calendar_query,0.7309595942497253
qwen-bf16-v2,massive-test,massive-test-6432,intent,general_quirky,calendar_query,0.9999974966049194
qwen-bf16-v2,massive-test,massive-test-6433,intent,general_quirky,iot_hue_lightoff,0.5685247182846069
qwen-bf16-v2,massive-test,massive-test-6434,intent,general_quirky,general_greet,0.9970881342887878
qwen-bf16-v2,massive-test,massive-test-6438,intent,general_quirky,calendar_query,0.7169573903083801
qwen-bf16-v2,massive-test,massive-test-6439,intent,general_quirky,music_likeness,0.9947744011878967
qwen-bf16-v2,massive-test,massive-test-6446,intent,general_quirky,datetime_convert,0.5488759875297546
qwen-bf16-v2,massive-test,massive-test-6448,intent,general_quirky,alarm_query,0.47814682126045227
qwen-bf16-v2,massive-test,massive-test-6457,intent,general_quirky,general_greet,0.9999356269836426
qwen-bf16-v2,massive-test,massive-test-6469,intent,general_quirky,general_greet,0.9999947547912598
qwen-bf16-v2,massive-test,massive-test-6473,intent,general_quirky,weather_query,0.998542308807373
qwen-bf16-v2,massive-test,massive-test-6477,intent,general_quirky,alarm_remove,0.6868672966957092
qwen-bf16-v2,massive-test,massive-test-6485,intent,general_quirky,music_likeness,0.9999644756317139
qwen-bf16-v2,massive-test,massive-test-6489,intent,general_quirky,alarm_query,0.8906297087669373
qwen-bf16-v2,massive-test,massive-test-6495,intent,general_quirky,general_greet,0.9978559613227844
qwen-bf16-v2,massive-test,massive-test-6496,intent,general_quirky,alarm_query,0.7962457537651062
qwen-bf16-v2,massive-test,massive-test-6500,intent,social_query,social_post,0.9999417066574097
qwen-bf16-v2,massive-test,massive-test-6503,intent,general_quirky,general_greet,0.8762786984443665
qwen-bf16-v2,massive-test,massive-test-6515,intent,general_quirky,general_greet,0.9999971389770508
qwen-bf16-v2,massive-test,massive-test-6516,intent,general_quirky,general_greet,0.9999632835388184
qwen-bf16-v2,massive-test,massive-test-6517,intent,general_quirky,alarm_query,0.6501991748809814
qwen-bf16-v2,massive-test,massive-test-6533,intent,general_quirky,general_greet,0.9999986886978149
qwen-bf16-v2,massive-test,massive-test-6539,intent,calendar_set,datetime_query,0.9817891716957092
qwen-bf16-v2,massive-test,massive-test-6550,intent,general_quirky,general_greet,0.9923827052116394
qwen-bf16-v2,massive-test,massive-test-6557,intent,general_quirky,play_music,0.5621272325515747
qwen-bf16-v2,massive-test,massive-test-6559,intent,general_quirky,general_greet,0.9999920129776001
qwen-bf16-v2,massive-test,massive-test-6561,intent,general_quirky,alarm_query,0.6161589622497559
qwen-bf16-v2,massive-test,massive-test-6562,intent,general_quirky,qa_maths,0.9999409914016724
qwen-bf16-v2,massive-test,massive-test-6575,intent,general_quirky,play_audiobook,0.7285189032554626
qwen-bf16-v2,massive-test,massive-test-6578,intent,general_quirky,general_greet,0.8478099703788757
qwen-bf16-v2,massive-test,massive-test-6582,intent,general_quirky,general_greet,0.9999997615814209
qwen-bf16-v2,massive-test,massive-test-6594,intent,general_quirky,calendar_query,0.9037507176399231
qwen-bf16-v2,massive-test,massive-test-6596,intent,general_quirky,general_greet,0.9996167421340942
qwen-bf16-v2,massive-test,massive-test-6600,intent,general_quirky,alarm_remove,0.2553008496761322
qwen-bf16-v2,massive-test,massive-test-6615,intent,general_quirky,alarm_remove,0.3573780059814453
qwen-bf16-v2,massive-test,massive-test-6616,intent,general_quirky,general_greet,0.9994038343429565
qwen-bf16-v2,massive-test,massive-test-6621,intent,general_quirky,recommendation_movies,0.9999898672103882
qwen-bf16-v2,massive-test,massive-test-6623,intent,general_quirky,alarm_query,0.4567432701587677
qwen-bf16-v2,massive-test,massive-test-6643,intent,general_quirky,alarm_remove,0.45760130882263184
qwen-bf16-v2,massive-test,massive-test-6645,intent,general_quirky,general_greet,0.996565043926239
qwen-bf16-v2,massive-test,massive-test-6646,intent,general_quirky,alarm_remove,0.4861317574977875
qwen-bf16-v2,massive-test,massive-test-6650,intent,general_quirky,general_greet,0.9999992847442627
qwen-bf16-v2,massive-test,massive-test-6652,intent,general_quirky,lists_query,0.497659832239151
qwen-bf16-v2,massive-test,massive-test-6663,intent,general_quirky,recommendation_locations,0.9997944235801697
qwen-bf16-v2,massive-test,massive-test-6672,intent,general_quirky,general_greet,0.9999842643737793
qwen-bf16-v2,massive-test,massive-test-6682,intent,news_query,alarm_query,0.42536357045173645
qwen-bf16-v2,massive-test,massive-test-6683,intent,news_query,audio_volume_other,0.24523986876010895
qwen-bf16-v2,massive-test,massive-test-6694,intent,general_quirky,general_greet,0.9261146783828735
qwen-bf16-v2,massive-test,massive-test-6701,intent,general_quirky,alarm_remove,0.5344749093055725
qwen-bf16-v2,massive-test,massive-test-6708,intent,general_quirky,social_post,0.9999898672103882
qwen-bf16-v2,massive-test,massive-test-6710,intent,general_quirky,general_greet,0.9999980926513672
qwen-bf16-v2,massive-test,massive-test-6722,intent,calendar_query,general_greet,0.9999722242355347
qwen-bf16-v2,massive-test,massive-test-6725,intent,calendar_set,calendar_query,0.9999994039535522
qwen-bf16-v2,massive-test,massive-test-6729,intent,calendar_remove,alarm_remove,0.4112885296344757
qwen-bf16-v2,massive-test,massive-test-6737,intent,general_quirky,general_greet,0.9995360374450684
qwen-bf16-v2,massive-test,massive-test-6744,intent,calendar_set,calendar_query,0.9990843534469604
qwen-bf16-v2,massive-test,massive-test-6747,intent,calendar_query,alarm_query,0.9999955892562866
qwen-bf16-v2,massive-test,massive-test-6764,intent,calendar_set,iot_cleaning,0.9959288239479065
qwen-bf16-v2,massive-test,massive-test-6774,intent,calendar_set,alarm_set,0.9998732805252075
qwen-bf16-v2,massive-test,massive-test-6785,intent,calendar_query,alarm_query,0.8824239373207092
qwen-bf16-v2,massive-test,massive-test-6789,intent,calendar_set,calendar_query,0.9998961687088013
qwen-bf16-v2,massive-test,massive-test-6815,intent,calendar_set,alarm_set,0.9918103814125061
qwen-bf16-v2,massive-test,massive-test-6819,intent,calendar_set,music_likeness,0.9857757091522217
qwen-bf16-v2,massive-test,massive-test-6836,intent,calendar_set,alarm_set,0.6178569793701172
qwen-bf16-v2,massive-test,massive-test-6856,intent,calendar_set,calendar_query,0.9999918937683105
qwen-bf16-v2,massive-test,massive-test-6878,intent,calendar_set,calendar_query,0.999630331993103
qwen-bf16-v2,massive-test,massive-test-6892,intent,calendar_query,recommendation_movies,0.9999963045120239
qwen-bf16-v2,massive-test,massive-test-6897,intent,calendar_set,alarm_set,0.9857887625694275
qwen-bf16-v2,massive-test,massive-test-6901,intent,calendar_set,alarm_set,0.9999756813049316
qwen-bf16-v2,massive-test,massive-test-6902,intent,calendar_set,alarm_set,0.9999772310256958
qwen-bf16-v2,massive-test,massive-test-6909,intent,calendar_query,datetime_query,0.7763068675994873
qwen-bf16-v2,massive-test,massive-test-6923,intent,calendar_set,alarm_set,0.9998414516448975
qwen-bf16-v2,massive-test,massive-test-6926,intent,calendar_query,datetime_query,0.9999829530715942
qwen-bf16-v2,massive-test,massive-test-6928,intent,calendar_remove,alarm_remove,0.8415332436561584
qwen-bf16-v2,massive-test,massive-test-6936,intent,calendar_set,alarm_set,0.9990832805633545
qwen-bf16-v2,massive-test,massive-test-6937,intent,calendar_set,alarm_set,0.9999644756317139
qwen-bf16-v2,massive-test,massive-test-6958,intent,calendar_remove,calendar_query,0.9241386651992798
qwen-bf16-v2,massive-test,massive-test-6959,intent,calendar_set,alarm_set,0.9958655834197998
qwen-bf16-v2,massive-test,massive-test-6962,intent,calendar_set,calendar_query,0.9992528557777405
qwen-bf16-v2,massive-test,massive-test-6964,intent,calendar_set,alarm_set,0.9999719858169556
qwen-bf16-v2,massive-test,massive-test-6967,intent,calendar_query,qa_factoid,0.9999613761901855
qwen-bf16-v2,massive-test,massive-test-6973,intent,calendar_set,alarm_set,0.9999723434448242
qwen-bf16-v2,massive-test,massive-test-6974,intent,calendar_set,calendar_query,0.9999779462814331
qwen-bf16-v2,massive-test,massive-test-6980,intent,calendar_query,lists_createoradd,0.9979985356330872
qwen-bf16-v2,massive-test,massive-test-6994,intent,calendar_set,alarm_query,0.9960935711860657
qwen-bf16-v2,massive-test,massive-test-6997,intent,calendar_remove,alarm_query,0.5714640617370605
qwen-bf16-v2,massive-test,massive-test-7026,intent,recommendation_events,calendar_query,0.9963968396186829
qwen-bf16-v2,massive-test,massive-test-7039,intent,calendar_set,calendar_query,0.9979029893875122
qwen-bf16-v2,massive-test,massive-test-7044,intent,calendar_set,alarm_set,0.9999778270721436
qwen-bf16-v2,massive-test,massive-test-7055,intent,calendar_set,calendar_query,0.9705907106399536
qwen-bf16-v2,massive-test,massive-test-7061,intent,calendar_set,calendar_query,0.7050794363021851
qwen-bf16-v2,massive-test,massive-test-7073,intent,calendar_set,calendar_query,0.9999833106994629
qwen-bf16-v2,massive-test,massive-test-7087,intent,calendar_remove,calendar_query,0.9999960660934448
qwen-bf16-v2,massive-test,massive-test-7100,intent,calendar_set,alarm_set,0.9996340274810791
qwen-bf16-v2,massive-test,massive-test-7111,intent,calendar_query,datetime_query,0.9706841707229614
qwen-bf16-v2,massive-test,massive-test-7113,intent,calendar_query,recommendation_events,0.9973928928375244
qwen-bf16-v2,massive-test,massive-test-7122,intent,calendar_set,alarm_query,0.3545458912849426
qwen-bf16-v2,massive-test,massive-test-7140,intent,calendar_set,alarm_set,0.9999833106994629
qwen-bf16-v2,massive-test,massive-test-7151,intent,calendar_set,alarm_set,0.9999892711639404
qwen-bf16-v2,massive-test,massive-test-7152,intent,calendar_set,alarm_set,0.9999245405197144
qwen-bf16-v2,massive-test,massive-test-7161,intent,calendar_set,calendar_query,0.8700428605079651
qwen-bf16-v2,massive-test,massive-test-7168,intent,general_quirky,datetime_query,0.7734197378158569
qwen-bf16-v2,massive-test,massive-test-7170,intent,calendar_set,alarm_set,0.9997698664665222
qwen-bf16-v2,massive-test,massive-test-7181,intent,calendar_set,alarm_set,0.9934980869293213
qwen-bf16-v2,massive-test,massive-test-7194,intent,calendar_set,calendar_query,0.8795923590660095
qwen-bf16-v2,massive-test,massive-test-7196,intent,calendar_set,calendar_query,0.9991839528083801
qwen-bf16-v2,massive-test,massive-test-7199,intent,calendar_set,alarm_set,0.9995694756507874
qwen-bf16-v2,massive-test,massive-test-7209,intent,calendar_set,iot_cleaning,0.9920376539230347
qwen-bf16-v2,massive-test,massive-test-7216,intent,general_quirky,general_greet,0.9567633271217346
qwen-bf16-v2,massive-test,massive-test-7224,intent,calendar_query,recommendation_locations,0.8015941977500916
qwen-bf16-v2,massive-test,massive-test-7257,intent,calendar_set,alarm_set,0.9996582269668579
qwen-bf16-v2,massive-test,massive-test-7258,intent,calendar_set,email_sendemail,0.9999958276748657
qwen-bf16-v2,massive-test,massive-test-7262,intent,calendar_set,alarm_set,0.8519411683082581
qwen-bf16-v2,massive-test,massive-test-7278,intent,calendar_set,alarm_set,0.9973785877227783
qwen-bf16-v2,massive-test,massive-test-7287,intent,calendar_set,alarm_set,0.9998956918716431
qwen-bf16-v2,massive-test,massive-test-7289,intent,calendar_remove,lists_remove,0.7208918929100037
qwen-bf16-v2,massive-test,massive-test-7291,intent,calendar_set,alarm_set,0.9999371767044067
qwen-bf16-v2,massive-test,massive-test-7292,intent,calendar_set,calendar_query,0.9999516010284424
qwen-bf16-v2,massive-test,massive-test-7295,intent,calendar_remove,alarm_remove,0.9968223571777344
qwen-bf16-v2,massive-test,massive-test-7319,intent,calendar_query,datetime_query,0.9998968839645386
qwen-bf16-v2,massive-test,massive-test-7353,intent,email_query,weather_query,0.9999428987503052
qwen-bf16-v2,massive-test,massive-test-7355,intent,calendar_set,alarm_set,0.9924163818359375
qwen-bf16-v2,massive-test,massive-test-7449,intent,calendar_set,calendar_query,0.9998025298118591
qwen-bf16-v2,massive-test,massive-test-7450,intent,calendar_set,calendar_query,0.9995430707931519
qwen-bf16-v2,massive-test,massive-test-7455,intent,calendar_set,calendar_query,0.9999865293502808
qwen-bf16-v2,massive-test,massive-test-7463,intent,calendar_set,calendar_query,0.999862551689148
qwen-bf16-v2,massive-test,massive-test-7467,intent,calendar_query,datetime_query,0.904609739780426
qwen-bf16-v2,massive-test,massive-test-7477,intent,calendar_set,alarm_set,0.7534797787666321
qwen-bf16-v2,massive-test,massive-test-7520,intent,calendar_set,alarm_set,0.9999200105667114
qwen-bf16-v2,massive-test,massive-test-7524,intent,calendar_query,datetime_query,0.9979186654090881
qwen-bf16-v2,massive-test,massive-test-7528,intent,calendar_set,datetime_query,0.9996480941772461
qwen-bf16-v2,massive-test,massive-test-7531,intent,calendar_set,calendar_query,0.48275333642959595
qwen-bf16-v2,massive-test,massive-test-7539,intent,calendar_query,general_greet,0.9999986886978149
qwen-bf16-v2,massive-test,massive-test-7542,intent,calendar_set,calendar_query,0.6565369367599487
qwen-bf16-v2,massive-test,massive-test-7549,intent,calendar_set,calendar_query,0.9891575574874878
qwen-bf16-v2,massive-test,massive-test-7559,intent,calendar_set,alarm_set,0.9994367957115173
qwen-bf16-v2,massive-test,massive-test-7563,intent,calendar_set,calendar_query,0.5621329545974731
qwen-bf16-v2,massive-test,massive-test-7565,intent,calendar_set,calendar_query,0.9785593152046204
qwen-bf16-v2,massive-test,massive-test-7567,intent,calendar_set,alarm_remove,0.8438717126846313
qwen-bf16-v2,massive-test,massive-test-7596,intent,calendar_set,social_post,0.8679847121238708
qwen-bf16-v2,massive-test,massive-test-7598,intent,calendar_set,calendar_query,0.9994326233863831
qwen-bf16-v2,massive-test,massive-test-7606,intent,calendar_set,calendar_query,0.989759087562561
qwen-bf16-v2,massive-test,massive-test-7628,intent,calendar_set,alarm_set,0.7835125923156738
qwen-bf16-v2,massive-test,massive-test-7654,intent,calendar_set,social_post,0.7896430492401123
qwen-bf16-v2,massive-test,massive-test-7664,intent,calendar_set,cooking_recipe,0.6231210827827454
qwen-bf16-v2,massive-test,massive-test-7666,intent,calendar_set,iot_hue_lightoff,0.4947086274623871
qwen-bf16-v2,massive-test,massive-test-7686,intent,calendar_set,calendar_query,0.7185707688331604
qwen-bf16-v2,massive-test,massive-test-7693,intent,calendar_query,general_quirky,0.9965862035751343
qwen-bf16-v2,massive-test,massive-test-7697,intent,calendar_set,alarm_set,0.9999417066574097
qwen-bf16-v2,massive-test,massive-test-7711,intent,calendar_set,calendar_remove,0.9999523162841797
qwen-bf16-v2,massive-test,massive-test-7712,intent,calendar_set,calendar_remove,0.9999662637710571
qwen-bf16-v2,massive-test,massive-test-7718,intent,calendar_set,calendar_query,0.962209939956665
qwen-bf16-v2,massive-test,massive-test-7726,intent,calendar_set,alarm_set,0.9994465708732605
qwen-bf16-v2,massive-test,massive-test-7730,intent,calendar_set,datetime_query,0.6224218606948853
qwen-bf16-v2,massive-test,massive-test-7751,intent,calendar_set,alarm_set,0.9946768283843994
qwen-bf16-v2,massive-test,massive-test-7762,intent,calendar_query,alarm_query,0.9750330448150635
qwen-bf16-v2,massive-test,massive-test-7767,intent,calendar_set,datetime_query,0.995682954788208
qwen-bf16-v2,massive-test,massive-test-7768,intent,calendar_set,datetime_query,0.9958094358444214
qwen-bf16-v2,massive-test,massive-test-7778,intent,calendar_set,calendar_query,0.999995231628418
qwen-bf16-v2,massive-test,massive-test-7808,intent,calendar_set,calendar_query,0.8322679996490479
qwen-bf16-v2,massive-test,massive-test-7817,intent,calendar_query,datetime_query,0.9999958276748657
qwen-bf16-v2,massive-test,massive-test-7836,intent,calendar_remove,alarm_remove,0.9957513809204102
qwen-bf16-v2,massive-test,massive-test-7843,intent,calendar_set,alarm_set,0.9996637105941772
qwen-bf16-v2,massive-test,massive-test-7844,intent,calendar_query,alarm_set,0.9959277510643005
qwen-bf16-v2,massive-test,massive-test-7847,intent,calendar_set,alarm_query,0.7611697912216187
qwen-bf16-v2,massive-test,massive-test-7851,intent,calendar_set,calendar_query,0.9994397759437561
qwen-bf16-v2,massive-test,massive-test-7863,intent,calendar_set,alarm_set,0.9997953772544861
qwen-bf16-v2,massive-test,massive-test-7876,intent,news_query,calendar_query,0.9978799819946289
qwen-bf16-v2,massive-test,massive-test-7890,intent,calendar_remove,alarm_remove,0.33488017320632935
qwen-bf16-v2,massive-test,massive-test-7894,intent,calendar_set,alarm_remove,0.23270222544670105
qwen-bf16-v2,massive-test,massive-test-7916,intent,calendar_set,iot_cleaning,0.9823581576347351
qwen-bf16-v2,massive-test,massive-test-7918,intent,calendar_set,iot_hue_lightoff,0.5403980612754822
qwen-bf16-v2,massive-test,massive-test-7919,intent,calendar_set,social_post,0.9963575005531311
qwen-bf16-v2,massive-test,massive-test-7946,intent,calendar_query,music_query,0.9999806880950928
qwen-bf16-v2,massive-test,massive-test-7956,intent,calendar_set,alarm_query,0.83311527967453
qwen-bf16-v2,massive-test,massive-test-7970,intent,calendar_set,calendar_query,0.5291415452957153
qwen-bf16-v2,massive-test,massive-test-7971,intent,calendar_set,alarm_set,0.999987006187439
qwen-bf16-v2,massive-test,massive-test-7975,intent,calendar_query,iot_cleaning,0.9997678399085999
qwen-bf16-v2,massive-test,massive-test-7980,intent,calendar_set,calendar_query,0.9999114274978638
qwen-bf16-v2,massive-test,massive-test-7981,intent,calendar_set,alarm_set,0.9784961342811584
qwen-bf16-v2,massive-test,massive-test-8004,intent,calendar_set,social_post,0.9975236058235168
qwen-bf16-v2,massive-test,massive-test-8005,intent,calendar_set,calendar_query,0.49952492117881775
qwen-bf16-v2,massive-test,massive-test-8035,intent,calendar_set,alarm_remove,0.6892201900482178
qwen-bf16-v2,massive-test,massive-test-8037,intent,calendar_set,alarm_set,0.9980722665786743
qwen-bf16-v2,massive-test,massive-test-8073,intent,calendar_set,calendar_query,0.999258816242218
qwen-bf16-v2,massive-test,massive-test-8079,intent,calendar_set,alarm_set,0.9995694756507874
qwen-bf16-v2,massive-test,massive-test-8085,intent,calendar_set,alarm_set,0.9999923706054688
qwen-bf16-v2,massive-test,massive-test-8119,intent,calendar_query,recommendation_locations,0.9953672885894775
qwen-bf16-v2,massive-test,massive-test-8129,intent,calendar_query,general_greet,0.9905791878700256
qwen-bf16-v2,massive-test,massive-test-8148,intent,calendar_query,alarm_query,0.6906698942184448
qwen-bf16-v2,massive-test,massive-test-8188,intent,calendar_query,datetime_query,0.9999213218688965
qwen-bf16-v2,massive-test,massive-test-8204,intent,calendar_set,alarm_remove,0.2605019807815552
qwen-bf16-v2,massive-test,massive-test-8206,intent,calendar_set,social_post,0.9994223117828369
qwen-bf16-v2,massive-test,massive-test-8245,intent,calendar_set,datetime_query,0.9999614953994751
qwen-bf16-v2,massive-test,massive-test-8260,intent,calendar_set,alarm_set,0.9840596914291382
qwen-bf16-v2,massive-test,massive-test-8261,intent,calendar_set,alarm_set,0.9996383190155029
qwen-bf16-v2,massive-test,massive-test-8269,intent,calendar_set,datetime_query,0.902476966381073
qwen-bf16-v2,massive-test,massive-test-8280,intent,calendar_set,alarm_set,0.9999545812606812
qwen-bf16-v2,massive-test,massive-test-8289,intent,calendar_set,calendar_query,0.9945955872535706
qwen-bf16-v2,massive-test,massive-test-8290,intent,calendar_set,calendar_query,0.9999868869781494
qwen-bf16-v2,massive-test,massive-test-8300,intent,calendar_set,calendar_query,0.9603234529495239
qwen-bf16-v2,massive-test,massive-test-8308,intent,news_query,play_audiobook,0.6535273194313049
qwen-bf16-v2,massive-test,massive-test-8320,intent,general_quirky,calendar_query,0.9996179342269897
qwen-bf16-v2,massive-test,massive-test-8322,intent,general_quirky,calendar_query,0.9998236298561096
qwen-bf16-v2,massive-test,massive-test-8336,intent,calendar_query,cooking_query,0.8501340746879578
qwen-bf16-v2,massive-test,massive-test-8345,intent,calendar_set,calendar_query,0.9999978542327881
qwen-bf16-v2,massive-test,massive-test-8347,intent,calendar_query,datetime_query,0.9996376037597656
qwen-bf16-v2,massive-test,massive-test-8358,intent,calendar_set,alarm_query,0.9998762607574463
qwen-bf16-v2,massive-test,massive-test-8387,intent,calendar_set,alarm_set,0.9999545812606812
qwen-bf16-v2,massive-test,massive-test-8388,intent,calendar_set,iot_cleaning,0.636193573474884
qwen-bf16-v2,massive-test,massive-test-8390,intent,calendar_set,calendar_query,0.9998611211776733
qwen-bf16-v2,massive-test,massive-test-8394,intent,calendar_set,alarm_set,0.9996646642684937
qwen-bf16-v2,massive-test,massive-test-8402,intent,general_quirky,calendar_query,0.9968551397323608
qwen-bf16-v2,massive-test,massive-test-8413,intent,calendar_set,alarm_query,0.9954079985618591
qwen-bf16-v2,massive-test,massive-test-8414,intent,calendar_set,alarm_set,0.7757949829101562
qwen-bf16-v2,massive-test,massive-test-8415,intent,calendar_set,calendar_query,0.9980311989784241
qwen-bf16-v2,massive-test,massive-test-8426,intent,calendar_query,news_query,0.9998759031295776
qwen-bf16-v2,massive-test,massive-test-8430,intent,calendar_remove,calendar_query,0.6589565873146057
qwen-bf16-v2,massive-test,massive-test-8436,intent,calendar_set,calendar_query,0.9998791217803955
qwen-bf16-v2,massive-test,massive-test-8442,intent,calendar_set,calendar_query,0.9977339506149292
qwen-bf16-v2,massive-test,massive-test-8449,intent,calendar_set,alarm_set,0.9999724626541138
qwen-bf16-v2,massive-test,massive-test-8466,intent,calendar_set,calendar_query,0.9995394945144653
qwen-bf16-v2,massive-test,massive-test-8498,intent,calendar_query,alarm_query,0.9645389914512634
qwen-bf16-v2,massive-test,massive-test-8539,intent,calendar_set,alarm_query,0.9338185787200928
qwen-bf16-v2,massive-test,massive-test-8541,intent,calendar_set,alarm_query,0.9960935711860657
qwen-bf16-v2,massive-test,massive-test-8568,intent,calendar_set,social_post,0.999875545501709
qwen-bf16-v2,massive-test,massive-test-8570,intent,calendar_set,calendar_query,0.9999188184738159
qwen-bf16-v2,massive-test,massive-test-8585,intent,calendar_set,calendar_query,0.9998785257339478
qwen-bf16-v2,massive-test,massive-test-8598,intent,calendar_set,alarm_set,0.9998219609260559
qwen-bf16-v2,massive-test,massive-test-8618,intent,calendar_set,alarm_set,0.9681593775749207
qwen-bf16-v2,massive-test,massive-test-8635,intent,calendar_set,calendar_query,0.9498957395553589
qwen-bf16-v2,massive-test,massive-test-8651,intent,calendar_set,calendar_query,0.999975323677063
qwen-bf16-v2,massive-test,massive-test-8653,intent,calendar_set,alarm_set,0.970344066619873
qwen-bf16-v2,massive-test,massive-test-8667,intent,calendar_query,general_greet,0.9857082366943359
qwen-bf16-v2,massive-test,massive-test-8672,intent,calendar_query,general_joke,0.937913179397583
qwen-bf16-v2,massive-test,massive-test-8679,intent,calendar_query,datetime_query,0.9999676942825317
qwen-bf16-v2,massive-test,massive-test-8694,intent,calendar_set,social_post,0.9996185302734375
qwen-bf16-v2,massive-test,massive-test-8767,intent,calendar_query,datetime_query,0.5316925048828125
qwen-bf16-v2,massive-test,massive-test-8791,intent,calendar_query,alarm_query,0.9865614771842957
qwen-bf16-v2,massive-test,massive-test-8795,intent,calendar_query,alarm_query,0.8336129784584045
qwen-bf16-v2,massive-test,massive-test-8822,intent,recommendation_events,calendar_query,0.9989280104637146
qwen-bf16-v2,massive-test,massive-test-8825,intent,calendar_set,calendar_query,0.9989979863166809
qwen-bf16-v2,massive-test,massive-test-8846,intent,calendar_query,datetime_query,0.9932726621627808
qwen-bf16-v2,massive-test,massive-test-8853,intent,calendar_remove,alarm_remove,0.9999532699584961
qwen-bf16-v2,massive-test,massive-test-8857,intent,calendar_set,calendar_query,0.9999594688415527
qwen-bf16-v2,massive-test,massive-test-8868,intent,calendar_set,alarm_set,0.99944669008255
qwen-bf16-v2,massive-test,massive-test-8880,intent,calendar_set,alarm_set,0.9992873072624207
qwen-bf16-v2,massive-test,massive-test-8888,intent,calendar_remove,alarm_remove,0.9992875456809998
qwen-bf16-v2,massive-test,massive-test-8900,intent,calendar_set,alarm_set,0.9999995231628418
qwen-bf16-v2,massive-test,massive-test-8907,intent,calendar_set,calendar_query,0.9998737573623657
qwen-bf16-v2,massive-test,massive-test-8939,intent,calendar_set,alarm_remove,0.7696965336799622
qwen-bf16-v2,massive-test,massive-test-8949,intent,calendar_remove,alarm_remove,0.999987006187439
qwen-bf16-v2,massive-test,massive-test-8960,intent,calendar_set,alarm_set,0.9994471669197083
qwen-bf16-v2,massive-test,massive-test-8967,intent,calendar_set,alarm_set,0.9921567440032959
qwen-bf16-v2,massive-test,massive-test-8968,intent,calendar_set,calendar_query,0.9394587874412537
qwen-bf16-v2,massive-test,massive-test-8977,intent,calendar_set,alarm_set,0.9998169541358948
qwen-bf16-v2,massive-test,massive-test-8978,intent,calendar_set,calendar_query,0.9999843835830688
qwen-bf16-v2,massive-test,massive-test-8990,intent,calendar_set,alarm_query,0.9865614771842957
qwen-bf16-v2,massive-test,massive-test-8992,intent,calendar_set,calendar_query,0.9999138116836548
qwen-bf16-v2,massive-test,massive-test-9011,intent,calendar_query,datetime_query,0.9993910789489746
qwen-bf16-v2,massive-test,massive-test-9014,intent,calendar_set,alarm_set,0.9994277358055115
qwen-bf16-v2,massive-test,massive-test-9030,intent,calendar_remove,lists_remove,0.7729023694992065
qwen-bf16-v2,massive-test,massive-test-9043,intent,calendar_set,calendar_query,0.9999915361404419
qwen-bf16-v2,massive-test,massive-test-9054,intent,calendar_set,calendar_query,0.91258704662323
qwen-bf16-v2,massive-test,massive-test-9059,intent,calendar_set,alarm_set,0.9994283318519592
qwen-bf16-v2,massive-test,massive-test-9061,intent,calendar_query,alarm_query,0.9902742505073547
qwen-bf16-v2,massive-test,massive-test-9062,intent,calendar_set,datetime_query,0.6108527183532715
qwen-bf16-v2,massive-test,massive-test-9074,intent,calendar_remove,lists_remove,0.9999784231185913
qwen-bf16-v2,massive-test,massive-test-9107,intent,calendar_query,music_query,0.9994264841079712
qwen-bf16-v2,massive-test,massive-test-9110,intent,calendar_set,datetime_query,0.9999946355819702
qwen-bf16-v2,massive-test,massive-test-9124,intent,calendar_set,calendar_query,0.9999995231628418
qwen-bf16-v2,massive-test,massive-test-9137,intent,calendar_query,datetime_convert,0.5523817539215088
qwen-bf16-v2,massive-test,massive-test-9138,intent,qa_factoid,datetime_query,0.9970629811286926
qwen-bf16-v2,massive-test,massive-test-9156,intent,calendar_set,alarm_query,0.8946083188056946
qwen-bf16-v2,massive-test,massive-test-9182,intent,calendar_remove,calendar_query,0.7235419750213623
qwen-bf16-v2,massive-test,massive-test-9187,intent,calendar_set,calendar_query,0.9999228715896606
qwen-bf16-v2,massive-test,massive-test-9193,intent,calendar_set,alarm_set,0.9940476417541504
qwen-bf16-v2,massive-test,massive-test-9198,intent,calendar_query,alarm_query,0.9953920841217041
qwen-bf16-v2,massive-test,massive-test-9233,intent,play_radio,play_audiobook,0.5617117881774902
qwen-bf16-v2,massive-test,massive-test-9236,intent,play_radio,play_music,0.9524210095405579
qwen-bf16-v2,massive-test,massive-test-9284,intent,play_radio,music_dislikeness,0.9936234354972839
qwen-bf16-v2,massive-test,massive-test-9291,intent,play_radio,play_music,0.9990555644035339
qwen-bf16-v2,massive-test,massive-test-9301,intent,play_radio,play_music,0.7762572169303894
qwen-bf16-v2,massive-test,massive-test-9305,intent,play_radio,play_music,0.6223651766777039
qwen-bf16-v2,massive-test,massive-test-9323,intent,play_radio,alarm_query,0.5352932214736938
qwen-bf16-v2,massive-test,massive-test-9330,intent,play_radio,play_music,0.9990555644035339
qwen-bf16-v2,massive-test,massive-test-9353,intent,play_radio,play_music,0.9819902777671814
qwen-bf16-v2,massive-test,massive-test-9364,intent,play_radio,music_likeness,0.7769988775253296
qwen-bf16-v2,massive-test,massive-test-9406,intent,play_radio,play_music,0.9999873638153076
qwen-bf16-v2,massive-test,massive-test-9426,intent,play_radio,music_query,0.6764514446258545
qwen-bf16-v2,massive-test,massive-test-9457,intent,play_music,music_likeness,0.9746546745300293
qwen-bf16-v2,massive-test,massive-test-9494,intent,play_radio,play_podcasts,0.49946650862693787
qwen-bf16-v2,massive-test,massive-test-9519,intent,play_radio,play_music,0.9999805688858032
qwen-bf16-v2,massive-test,massive-test-9545,intent,play_radio,play_music,0.9988672733306885
qwen-bf16-v2,massive-test,massive-test-9554,intent,play_radio,music_query,0.4591248631477356
qwen-bf16-v2,massive-test,massive-test-9562,intent,play_radio,play_music,0.9999938011169434
qwen-bf16-v2,massive-test,massive-test-9565,intent,play_radio,music_dislikeness,0.9944506883621216
qwen-bf16-v2,massive-test,massive-test-9568,intent,play_radio,music_likeness,0.7303723096847534
qwen-bf16-v2,massive-test,massive-test-9569,intent,play_radio,play_music,0.9978875517845154
qwen-bf16-v2,massive-test,massive-test-9617,intent,play_radio,play_music,0.6715638041496277
qwen-bf16-v2,massive-test,massive-test-9630,intent,play_radio,play_music,0.9995654225349426
qwen-bf16-v2,massive-test,massive-test-9640,intent,play_radio,play_music,0.999993085861206
qwen-bf16-v2,massive-test,massive-test-9651,intent,play_radio,play_music,0.9911426305770874
qwen-bf16-v2,massive-test,massive-test-9669,intent,play_audiobook,music_query,0.9046493172645569
qwen-bf16-v2,massive-test,massive-test-9678,intent,play_audiobook,play_music,0.9999092817306519
qwen-bf16-v2,massive-test,massive-test-9680,intent,play_audiobook,play_music,0.9998056292533875
qwen-bf16-v2,massive-test,massive-test-9694,intent,play_audiobook,play_music,0.999858021736145
qwen-bf16-v2,massive-test,massive-test-9700,intent,play_audiobook,play_music,0.939899742603302
qwen-bf16-v2,massive-test,massive-test-9718,intent,play_audiobook,play_music,0.9996702671051025
qwen-bf16-v2,massive-test,massive-test-9720,intent,play_audiobook,play_music,0.9814757108688354
qwen-bf16-v2,massive-test,massive-test-9746,intent,play_audiobook,play_music,0.982008695602417
qwen-bf16-v2,massive-test,massive-test-9760,intent,play_audiobook,music_dislikeness,0.991407573223114
qwen-bf16-v2,massive-test,massive-test-9761,intent,play_audiobook,alarm_remove,0.7580869197845459
qwen-bf16-v2,massive-test,massive-test-9793,intent,play_music,music_likeness,0.9750263690948486
qwen-bf16-v2,massive-test,massive-test-9795,intent,play_music,music_dislikeness,0.9998157620429993
qwen-bf16-v2,massive-test,massive-test-9851,intent,play_audiobook,alarm_remove,0.3941841423511505
qwen-bf16-v2,massive-test,massive-test-9855,intent,play_audiobook,play_music,0.9997363686561584
qwen-bf16-v2,massive-test,massive-test-9856,intent,play_audiobook,play_music,0.9525665640830994
qwen-bf16-v2,massive-test,massive-test-9857,intent,play_audiobook,play_music,0.9999890327453613
qwen-bf16-v2,massive-test,massive-test-9871,intent,play_audiobook,music_likeness,0.9706864356994629
qwen-bf16-v2,massive-test,massive-test-9885,intent,play_audiobook,play_music,0.9999535083770752
qwen-bf16-v2,massive-test,massive-test-9895,intent,play_audiobook,play_music,0.9999048709869385
qwen-bf16-v2,massive-test,massive-test-9896,intent,play_audiobook,alarm_remove,0.619194746017456
qwen-bf16-v2,massive-test,massive-test-9897,intent,play_audiobook,alarm_query,0.19577009975910187
qwen-bf16-v2,massive-test,massive-test-9912,intent,cooking_recipe,cooking_query,0.9968260526657104
qwen-bf16-v2,massive-test,massive-test-9918,intent,cooking_recipe,cooking_query,0.8508423566818237
qwen-bf16-v2,massive-test,massive-test-9923,intent,cooking_recipe,cooking_query,0.9968245029449463
qwen-bf16-v2,massive-test,massive-test-9930,intent,cooking_recipe,cooking_query,0.9984980821609497
qwen-bf16-v2,massive-test,massive-test-9931,intent,cooking_recipe,cooking_query,0.9770210385322571
qwen-bf16-v2,massive-test,massive-test-9941,intent,cooking_recipe,cooking_query,0.9997510313987732
qwen-bf16-v2,massive-test,massive-test-9943,intent,cooking_recipe,cooking_query,0.49968770146369934
qwen-bf16-v2,massive-test,massive-test-9952,intent,cooking_recipe,cooking_query,0.9997454285621643
qwen-bf16-v2,massive-test,massive-test-9956,intent,cooking_recipe,cooking_query,0.9862383604049683
qwen-bf16-v2,massive-test,massive-test-9961,intent,cooking_recipe,cooking_query,0.9999415874481201
qwen-bf16-v2,massive-test,massive-test-9962,intent,cooking_recipe,cooking_query,0.4993499517440796
qwen-bf16-v2,massive-test,massive-test-9964,intent,cooking_recipe,cooking_query,0.997789740562439
qwen-bf16-v2,massive-test,massive-test-9969,intent,cooking_recipe,cooking_query,0.9999737739562988
qwen-bf16-v2,massive-test,massive-test-9971,intent,cooking_recipe,cooking_query,0.9999866485595703
qwen-bf16-v2,massive-test,massive-test-9977,intent,cooking_recipe,cooking_query,0.8172817826271057
qwen-bf16-v2,massive-test,massive-test-9979,intent,cooking_recipe,cooking_query,0.8140396475791931
qwen-bf16-v2,massive-test,massive-test-9980,intent,cooking_recipe,cooking_query,0.9914010167121887
qwen-bf16-v2,massive-test,massive-test-9986,intent,cooking_recipe,music_settings,0.4445325434207916
qwen-bf16-v2,massive-test,massive-test-10016,intent,cooking_recipe,cooking_query,0.5541211366653442
qwen-bf16-v2,massive-test,massive-test-10019,intent,cooking_recipe,cooking_query,0.8788563013076782
qwen-bf16-v2,massive-test,massive-test-10023,intent,cooking_recipe,cooking_query,0.5621103644371033
qwen-bf16-v2,massive-test,massive-test-10027,intent,cooking_recipe,cooking_query,0.9994460940361023
qwen-bf16-v2,massive-test,massive-test-10038,intent,cooking_recipe,cooking_query,0.9992903470993042
qwen-bf16-v2,massive-test,massive-test-10048,intent,cooking_recipe,cooking_query,0.9984012246131897
qwen-bf16-v2,massive-test,massive-test-10049,intent,cooking_recipe,cooking_query,0.7740674614906311
qwen-bf16-v2,massive-test,massive-test-10053,intent,cooking_recipe,cooking_query,0.9997665286064148
qwen-bf16-v2,massive-test,massive-test-10061,intent,cooking_recipe,cooking_query,0.9881454706192017
qwen-bf16-v2,massive-test,massive-test-10072,intent,cooking_recipe,cooking_query,0.99944669008255
qwen-bf16-v2,massive-test,massive-test-10076,intent,cooking_recipe,cooking_query,0.6772710084915161
qwen-bf16-v2,massive-test,massive-test-10078,intent,cooking_recipe,cooking_query,0.9946565628051758
qwen-bf16-v2,massive-test,massive-test-10080,intent,cooking_recipe,cooking_query,0.9903947710990906
qwen-bf16-v2,massive-test,massive-test-10081,intent,cooking_recipe,cooking_query,0.9853970408439636
qwen-bf16-v2,massive-test,massive-test-10093,intent,cooking_recipe,cooking_query,0.9908774495124817
qwen-bf16-v2,massive-test,massive-test-10105,intent,cooking_recipe,cooking_query,0.9998764991760254
qwen-bf16-v2,massive-test,massive-test-10119,intent,cooking_recipe,alarm_query,0.829971969127655
qwen-bf16-v2,massive-test,massive-test-10125,intent,cooking_recipe,cooking_query,0.999664306640625
qwen-bf16-v2,massive-test,massive-test-10132,intent,cooking_recipe,cooking_query,0.9999544620513916
qwen-bf16-v2,massive-test,massive-test-10164,intent,cooking_recipe,cooking_query,0.9998376369476318
qwen-bf16-v2,massive-test,massive-test-10177,intent,cooking_recipe,cooking_query,0.9768702983856201
qwen-bf16-v2,massive-test,massive-test-10206,intent,cooking_recipe,cooking_query,0.9983795881271362
qwen-bf16-v2,massive-test,massive-test-10220,intent,cooking_recipe,cooking_query,0.9615840315818787
qwen-bf16-v2,massive-test,massive-test-10256,intent,play_game,alarm_query,0.46802955865859985
qwen-bf16-v2,massive-test,massive-test-10319,intent,play_game,general_greet,0.9975904226303101
qwen-bf16-v2,massive-test,massive-test-10335,intent,play_game,alarm_query,0.4866236448287964
qwen-bf16-v2,massive-test,massive-test-10349,intent,play_game,alarm_query,0.6149471998214722
qwen-bf16-v2,massive-test,massive-test-10353,intent,play_game,alarm_query,0.698747456073761
qwen-bf16-v2,massive-test,massive-test-10355,intent,play_game,play_audiobook,0.8223778009414673
qwen-bf16-v2,massive-test,massive-test-10403,intent,play_game,alarm_query,0.6307494640350342
qwen-bf16-v2,massive-test,massive-test-10426,intent,lists_query,alarm_query,0.24035103619098663
qwen-bf16-v2,massive-test,massive-test-10440,intent,lists_query,lists_createoradd,0.8807418346405029
qwen-bf16-v2,massive-test,massive-test-10444,intent,lists_remove,alarm_remove,0.9489768743515015
qwen-bf16-v2,massive-test,massive-test-10451,intent,lists_query,calendar_query,0.9999904632568359
qwen-bf16-v2,massive-test,massive-test-10455,intent,lists_query,lists_createoradd,0.999081015586853
qwen-bf16-v2,massive-test,massive-test-10497,intent,qa_factoid,recommendation_locations,0.9997963309288025
qwen-bf16-v2,massive-test,massive-test-10503,intent,lists_createoradd,calendar_query,0.961558997631073
qwen-bf16-v2,massive-test,massive-test-10512,intent,lists_query,calendar_query,0.8318272233009338
qwen-bf16-v2,massive-test,massive-test-10525,intent,lists_remove,calendar_remove,0.99988853931427
qwen-bf16-v2,massive-test,massive-test-10534,intent,lists_query,general_greet,0.823728084564209
qwen-bf16-v2,massive-test,massive-test-10538,intent,lists_query,lists_createoradd,0.9998589754104614
qwen-bf16-v2,massive-test,massive-test-10568,intent,lists_remove,music_dislikeness,0.9622948169708252
qwen-bf16-v2,massive-test,massive-test-10570,intent,lists_query,lists_createoradd,0.9988203644752502
qwen-bf16-v2,massive-test,massive-test-10571,intent,lists_query,alarm_query,0.9505765438079834
qwen-bf16-v2,massive-test,massive-test-10577,intent,lists_query,lists_createoradd,0.9984949827194214
qwen-bf16-v2,massive-test,massive-test-10579,intent,lists_remove,lists_createoradd,0.9999269247055054
qwen-bf16-v2,massive-test,massive-test-10608,intent,lists_createoradd,alarm_query,0.9975634813308716
qwen-bf16-v2,massive-test,massive-test-10621,intent,lists_createoradd,cooking_recipe,0.9995877146720886
qwen-bf16-v2,massive-test,massive-test-10655,intent,lists_remove,lists_query,0.9846752285957336
qwen-bf16-v2,massive-test,massive-test-10667,intent,lists_query,calendar_query,0.5251539349555969
qwen-bf16-v2,massive-test,massive-test-10687,intent,lists_remove,calendar_remove,0.9984943866729736
qwen-bf16-v2,massive-test,massive-test-10696,intent,lists_remove,iot_hue_lighton,0.5752634406089783
qwen-bf16-v2,massive-test,massive-test-10731,intent,lists_query,lists_createoradd,0.9999232292175293
qwen-bf16-v2,massive-test,massive-test-10756,intent,lists_remove,lists_createoradd,0.6790114641189575
qwen-bf16-v2,massive-test,massive-test-10759,intent,lists_query,lists_createoradd,0.9990838766098022
qwen-bf16-v2,massive-test,massive-test-10776,intent,lists_query,lists_createoradd,0.8807889819145203
qwen-bf16-v2,massive-test,massive-test-10804,intent,lists_query,lists_createoradd,0.8519366383552551
qwen-bf16-v2,massive-test,massive-test-10816,intent,lists_createoradd,play_music,0.9999994039535522
qwen-bf16-v2,massive-test,massive-test-10828,intent,lists_remove,alarm_remove,0.9979617595672607
qwen-bf16-v2,massive-test,massive-test-10853,intent,lists_remove,iot_hue_lightup,0.343257874250412
qwen-bf16-v2,massive-test,massive-test-10855,intent,lists_query,lists_createoradd,0.9770212769508362
qwen-bf16-v2,massive-test,massive-test-10909,intent,lists_query,lists_createoradd,0.99940025806427
qwen-bf16-v2,massive-test,massive-test-10927,intent,lists_query,lists_createoradd,0.9999961853027344
qwen-bf16-v2,massive-test,massive-test-10936,intent,lists_remove,music_dislikeness,0.9997965693473816
qwen-bf16-v2,massive-test,massive-test-10956,intent,lists_query,email_querycontact,0.9991969466209412
qwen-bf16-v2,massive-test,massive-test-10979,intent,lists_query,lists_createoradd,0.999445378780365
qwen-bf16-v2,massive-test,massive-test-10981,intent,lists_query,lists_createoradd,0.9996598958969116
qwen-bf16-v2,massive-test,massive-test-10985,intent,lists_remove,calendar_remove,0.9816426634788513
qwen-bf16-v2,massive-test,massive-test-10996,intent,lists_createoradd,email_addcontact,0.9360735416412354
qwen-bf16-v2,massive-test,massive-test-10999,intent,lists_query,lists_createoradd,0.9994433522224426
qwen-bf16-v2,massive-test,massive-test-11098,intent,lists_remove,calendar_remove,0.471209317445755
qwen-bf16-v2,massive-test,massive-test-11124,intent,lists_query,lists_createoradd,0.9999977350234985
qwen-bf16-v2,massive-test,massive-test-11146,intent,lists_createoradd,email_addcontact,0.9999918937683105
qwen-bf16-v2,massive-test,massive-test-11154,intent,lists_query,lists_createoradd,0.6224567294120789
qwen-bf16-v2,massive-test,massive-test-11164,intent,lists_remove,lists_createoradd,0.8017018437385559
qwen-bf16-v2,massive-test,massive-test-11166,intent,lists_query,iot_hue_lighton,0.8100255727767944
qwen-bf16-v2,massive-test,massive-test-11172,intent,lists_query,lists_createoradd,0.7310536503791809
qwen-bf16-v2,massive-test,massive-test-11174,intent,lists_query,lists_createoradd,0.6224579811096191
qwen-bf16-v2,massive-test,massive-test-11186,intent,lists_query,lists_createoradd,0.9999755620956421
qwen-bf16-v2,massive-test,massive-test-11189,intent,lists_query,lists_createoradd,0.9992448091506958
qwen-bf16-v2,massive-test,massive-test-11204,intent,lists_query,alarm_remove,0.33501937985420227
qwen-bf16-v2,massive-test,massive-test-11215,intent,lists_query,lists_createoradd,0.9996516704559326
qwen-bf16-v2,massive-test,massive-test-11250,intent,lists_query,lists_createoradd,0.9997348189353943
qwen-bf16-v2,massive-test,massive-test-11257,intent,play_podcasts,play_music,0.9046287536621094
qwen-bf16-v2,massive-test,massive-test-11261,intent,play_podcasts,alarm_query,0.810169517993927
qwen-bf16-v2,massive-test,massive-test-11265,intent,play_podcasts,play_music,0.9999954700469971
qwen-bf16-v2,massive-test,massive-test-11272,intent,play_podcasts,play_music,0.9999469518661499
qwen-bf16-v2,massive-test,massive-test-11273,intent,play_audiobook,play_music,0.9984954595565796
qwen-bf16-v2,massive-test,massive-test-11306,intent,play_podcasts,play_music,0.9967875480651855
qwen-bf16-v2,massive-test,massive-test-11322,intent,play_podcasts,general_greet,0.8804685473442078
qwen-bf16-v2,massive-test,massive-test-11343,intent,play_podcasts,general_joke,0.9260907769203186
qwen-bf16-v2,massive-test,massive-test-11366,intent,play_podcasts,alarm_query,0.8736061453819275
qwen-bf16-v2,massive-test,massive-test-11417,intent,play_podcasts,alarm_query,0.5953360795974731
qwen-bf16-v2,massive-test,massive-test-11423,intent,play_podcasts,alarm_query,0.5424637198448181
qwen-bf16-v2,massive-test,massive-test-11424,intent,play_podcasts,alarm_query,0.6238945126533508
qwen-bf16-v2,massive-test,massive-test-11427,intent,play_podcasts,alarm_query,0.4217313230037689
qwen-bf16-v2,massive-test,massive-test-11455,intent,play_podcasts,alarm_query,0.5943437218666077
qwen-bf16-v2,massive-test,massive-test-11483,intent,play_podcasts,play_music,0.9999510049819946
qwen-bf16-v2,massive-test,massive-test-11502,intent,play_podcasts,alarm_set,0.5067230463027954
qwen-bf16-v2,massive-test,massive-test-11546,intent,play_podcasts,calendar_query,0.9435555338859558
qwen-bf16-v2,massive-test,massive-test-11563,intent,recommendation_events,calendar_query,0.9966394901275635
qwen-bf16-v2,massive-test,massive-test-11570,intent,recommendation_events,alarm_remove,0.6114394068717957
qwen-bf16-v2,massive-test,massive-test-11582,intent,recommendation_events,recommendation_locations,0.9999991655349731
qwen-bf16-v2,massive-test,massive-test-11585,intent,recommendation_events,iot_coffee,0.6770918369293213
qwen-bf16-v2,massive-test,massive-test-11598,intent,recommendation_events,iot_coffee,0.5594518184661865
qwen-bf16-v2,massive-test,massive-test-11600,intent,recommendation_events,recommendation_movies,0.9999982118606567
qwen-bf16-v2,massive-test,massive-test-11610,intent,recommendation_events,iot_coffee,0.7539653778076172
qwen-bf16-v2,massive-test,massive-test-11612,intent,recommendation_events,qa_factoid,0.7667431831359863
qwen-bf16-v2,massive-test,massive-test-11616,intent,recommendation_events,calendar_query,0.9325401186943054
qwen-bf16-v2,massive-test,massive-test-11643,intent,recommendation_events,calendar_query,0.7197005748748779
qwen-bf16-v2,massive-test,massive-test-11650,intent,recommendation_events,play_audiobook,0.6538843512535095
qwen-bf16-v2,massive-test,massive-test-11677,intent,recommendation_locations,cooking_recipe,0.9952554106712341
qwen-bf16-v2,massive-test,massive-test-11681,intent,recommendation_events,calendar_query,0.92963707447052
qwen-bf16-v2,massive-test,massive-test-11685,intent,recommendation_events,general_greet,0.9999285936355591
qwen-bf16-v2,massive-test,massive-test-11705,intent,recommendation_events,play_audiobook,0.6280585527420044
qwen-bf16-v2,massive-test,massive-test-11720,intent,recommendation_events,play_audiobook,0.4201091229915619
qwen-bf16-v2,massive-test,massive-test-11764,intent,recommendation_movies,alarm_query,0.38342222571372986
qwen-bf16-v2,massive-test,massive-test-11798,intent,recommendation_events,calendar_query,0.9516046047210693
qwen-bf16-v2,massive-test,massive-test-11827,intent,recommendation_events,recommendation_locations,0.9992862343788147
qwen-bf16-v2,massive-test,massive-test-11841,intent,recommendation_events,recommendation_locations,0.9999854564666748
qwen-bf16-v2,massive-test,massive-test-11844,intent,recommendation_events,recommendation_locations,0.9946987628936768
qwen-bf16-v2,massive-test,massive-test-11860,intent,recommendation_events,calendar_query,0.4026013910770416
qwen-bf16-v2,massive-test,massive-test-11867,intent,recommendation_events,weather_query,0.9241494536399841
qwen-bf16-v2,massive-test,massive-test-11875,intent,recommendation_events,cooking_query,0.9705640077590942
qwen-bf16-v2,massive-test,massive-test-11904,intent,recommendation_events,calendar_query,0.9995155334472656
qwen-bf16-v2,massive-test,massive-test-11905,intent,recommendation_events,calendar_query,0.6233060359954834
qwen-bf16-v2,massive-test,massive-test-11911,intent,recommendation_events,recommendation_locations,0.9932553768157959
qwen-bf16-v2,massive-test,massive-test-11914,intent,iot_coffee,general_greet,0.9960202574729919
qwen-bf16-v2,massive-test,massive-test-11916,intent,recommendation_events,recommendation_locations,0.9999785423278809
qwen-bf16-v2,massive-test,massive-test-11922,intent,recommendation_locations,cooking_recipe,0.729272723197937
qwen-bf16-v2,massive-test,massive-test-11932,intent,recommendation_movies,calendar_query,0.9999511241912842
qwen-bf16-v2,massive-test,massive-test-11954,intent,recommendation_locations,recommendation_movies,0.9999979734420776
qwen-bf16-v2,massive-test,massive-test-11969,intent,recommendation_events,general_quirky,0.9856875538825989
qwen-bf16-v2,massive-test,massive-test-11999,intent,recommendation_events,calendar_query,0.8447620272636414
qwen-bf16-v2,massive-test,massive-test-12054,intent,recommendation_events,alarm_remove,0.7151924967765808
qwen-bf16-v2,massive-test,massive-test-12070,intent,recommendation_events,datetime_convert,0.6101229786872864
qwen-bf16-v2,massive-test,massive-test-12073,intent,recommendation_events,calendar_query,0.9999535083770752
qwen-bf16-v2,massive-test,massive-test-12098,intent,recommendation_events,play_music,0.993668258190155
qwen-bf16-v2,massive-test,massive-test-12104,intent,recommendation_movies,alarm_remove,0.36793696880340576
qwen-bf16-v2,massive-test,massive-test-12127,intent,transport_ticket,datetime_query,0.9992684721946716
qwen-bf16-v2,massive-test,massive-test-12160,intent,transport_taxi,calendar_query,0.9997324347496033
qwen-bf16-v2,massive-test,massive-test-12182,intent,transport_traffic,alarm_query,0.885806143283844
qwen-bf16-v2,massive-test,massive-test-12240,intent,transport_query,transport_traffic,0.6269874572753906
qwen-bf16-v2,massive-test,massive-test-12252,intent,transport_query,alarm_remove,0.8693374991416931
qwen-bf16-v2,massive-test,massive-test-12254,intent,transport_traffic,transport_query,0.9958266615867615
qwen-bf16-v2,massive-test,massive-test-12256,intent,transport_traffic,iot_hue_lightchange,0.4441010057926178
qwen-bf16-v2,massive-test,massive-test-12261,intent,transport_query,audio_volume_other,0.5576961636543274
qwen-bf16-v2,massive-test,massive-test-12263,intent,transport_query,audio_volume_up,0.9011553525924683
qwen-bf16-v2,massive-test,massive-test-12264,intent,transport_query,alarm_query,0.5244393944740295
qwen-bf16-v2,massive-test,massive-test-12289,intent,transport_traffic,iot_hue_lightup,0.5988013744354248
qwen-bf16-v2,massive-test,massive-test-12291,intent,transport_ticket,alarm_remove,0.7293723225593567
qwen-bf16-v2,massive-test,massive-test-12310,intent,transport_query,transport_ticket,0.934365451335907
qwen-bf16-v2,massive-test,massive-test-12343,intent,transport_query,datetime_query,0.6275098919868469
qwen-bf16-v2,massive-test,massive-test-12392,intent,transport_query,datetime_query,0.9997808337211609
qwen-bf16-v2,massive-test,massive-test-12402,intent,transport_query,alarm_remove,0.44631388783454895
qwen-bf16-v2,massive-test,massive-test-12436,intent,transport_query,alarm_remove,0.7229200005531311
qwen-bf16-v2,massive-test,massive-test-12453,intent,transport_ticket,audio_volume_other,0.5243719220161438
qwen-bf16-v2,massive-test,massive-test-12473,intent,transport_query,alarm_remove,0.6828034520149231
qwen-bf16-v2,massive-test,massive-test-12526,intent,transport_query,recommendation_locations,0.9615517258644104
qwen-bf16-v2,massive-test,massive-test-12532,intent,transport_query,recommendation_locations,0.9666413068771362
qwen-bf16-v2,massive-test,massive-test-12548,intent,transport_taxi,alarm_remove,0.29970085620880127
qwen-bf16-v2,massive-test,massive-test-12581,intent,transport_query,calendar_query,0.8594926595687866
qwen-bf16-v2,massive-test,massive-test-12582,intent,transport_query,alarm_remove,0.6031515598297119
qwen-bf16-v2,massive-test,massive-test-12604,intent,transport_query,transport_ticket,0.9625082612037659
qwen-bf16-v2,massive-test,massive-test-12618,intent,transport_query,transport_ticket,0.9630153179168701
qwen-bf16-v2,massive-test,massive-test-12623,intent,transport_query,calendar_query,0.7938791513442993
qwen-bf16-v2,massive-test,massive-test-12629,intent,transport_query,datetime_query,0.6310766339302063
qwen-bf16-v2,massive-test,massive-test-12634,intent,transport_query,alarm_remove,0.41981449723243713
qwen-bf16-v2,massive-test,massive-test-12672,intent,transport_traffic,lists_remove,0.7689668536186218
qwen-bf16-v2,massive-test,massive-test-12675,intent,transport_traffic,iot_hue_lightchange,0.7285897731781006
qwen-bf16-v2,massive-test,massive-test-12685,intent,transport_traffic,lists_remove,0.3581153154373169
qwen-bf16-v2,massive-test,massive-test-12693,intent,transport_traffic,transport_query,0.999715268611908
qwen-bf16-v2,massive-test,massive-test-12707,intent,transport_query,calendar_query,0.7311358451843262
qwen-bf16-v2,massive-test,massive-test-12716,intent,transport_taxi,iot_wemo_off,0.6969577670097351
qwen-bf16-v2,massive-test,massive-test-12723,intent,transport_ticket,recommendation_locations,0.8008332848548889
qwen-bf16-v2,massive-test,massive-test-12724,intent,transport_ticket,audio_volume_other,0.42843398451805115
qwen-bf16-v2,massive-test,massive-test-12736,intent,transport_traffic,lists_remove,0.5918739438056946
qwen-bf16-v2,massive-test,massive-test-12759,intent,transport_query,alarm_remove,0.7487292289733887
qwen-bf16-v2,massive-test,massive-test-12800,intent,transport_query,recommendation_locations,0.988994300365448
qwen-bf16-v2,massive-test,massive-test-12813,intent,transport_ticket,transport_query,0.7413748502731323
qwen-bf16-v2,massive-test,massive-test-12818,intent,transport_query,transport_ticket,0.9022616147994995
qwen-bf16-v2,massive-test,massive-test-12835,intent,transport_query,alarm_remove,0.6138476133346558
qwen-bf16-v2,massive-test,massive-test-12838,intent,transport_traffic,lists_remove,0.3581153154373169
qwen-bf16-v2,massive-test,massive-test-12839,intent,transport_query,recommendation_locations,1.0
qwen-bf16-v2,massive-test,massive-test-12851,intent,transport_query,play_audiobook,0.8063164353370667
qwen-bf16-v2,massive-test,massive-test-12866,intent,transport_query,datetime_convert,0.9998342990875244
qwen-bf16-v2,massive-test,massive-test-12869,intent,transport_traffic,lists_remove,0.5831099152565002
qwen-bf16-v2,massive-test,massive-test-12873,intent,transport_ticket,audio_volume_other,0.5020212531089783
qwen-bf16-v2,massive-test,massive-test-12874,intent,transport_ticket,lists_query,0.5615756511688232
qwen-bf16-v2,massive-test,massive-test-12908,intent,transport_query,datetime_convert,0.36654967069625854
qwen-bf16-v2,massive-test,massive-test-12930,intent,transport_query,recommendation_locations,0.9999251365661621
qwen-bf16-v2,massive-test,massive-test-12932,intent,transport_query,recommendation_locations,0.999664306640625
qwen-bf16-v2,massive-test,massive-test-12987,intent,general_quirky,general_greet,0.7821911573410034
qwen-bf16-v2,massive-test,massive-test-12999,intent,qa_factoid,music_query,0.9799119830131531
qwen-bf16-v2,massive-test,massive-test-13031,intent,recommendation_locations,cooking_recipe,0.6608200073242188
qwen-bf16-v2,massive-test,massive-test-13043,intent,lists_createoradd,recommendation_locations,0.9997904896736145
qwen-bf16-v2,massive-test,massive-test-13044,intent,general_quirky,music_query,0.970116376876831
qwen-bf16-v2,massive-test,massive-test-13064,intent,general_quirky,alarm_remove,0.1735621988773346
qwen-bf16-v2,massive-test,massive-test-13067,intent,general_quirky,cooking_recipe,0.7295950651168823
qwen-bf16-v2,massive-test,massive-test-13074,intent,qa_factoid,general_quirky,0.9931824803352356
qwen-bf16-v2,massive-test,massive-test-13077,intent,qa_factoid,datetime_query,0.9853870868682861
qwen-bf16-v2,massive-test,massive-test-13078,intent,qa_factoid,general_quirky,0.3407539427280426
qwen-bf16-v2,massive-test,massive-test-13083,intent,general_quirky,social_post,0.92833411693573
qwen-bf16-v2,massive-test,massive-test-13124,intent,qa_factoid,datetime_convert,0.29916858673095703
qwen-bf16-v2,massive-test,massive-test-13135,intent,qa_factoid,calendar_query,0.9961810111999512
qwen-bf16-v2,massive-test,massive-test-13140,intent,qa_definition,weather_query,0.9956375956535339
qwen-bf16-v2,massive-test,massive-test-13150,intent,general_quirky,general_greet,0.35217344760894775
qwen-bf16-v2,massive-test,massive-test-13154,intent,qa_factoid,general_quirky,0.903322696685791
qwen-bf16-v2,massive-test,massive-test-13175,intent,general_quirky,calendar_query,0.625347912311554
qwen-bf16-v2,massive-test,massive-test-13177,intent,calendar_set,alarm_query,0.4131085276603699
qwen-bf16-v2,massive-test,massive-test-13178,intent,calendar_set,general_greet,0.7542412877082825
qwen-bf16-v2,massive-test,massive-test-13186,intent,general_quirky,general_greet,0.9999990463256836
qwen-bf16-v2,massive-test,massive-test-13188,intent,news_query,cooking_recipe,0.925519585609436
qwen-bf16-v2,massive-test,massive-test-13197,intent,general_quirky,alarm_query,0.6928091049194336
qwen-bf16-v2,massive-test,massive-test-13206,intent,qa_definition,alarm_query,0.9871342778205872
qwen-bf16-v2,massive-test,massive-test-13221,intent,general_quirky,alarm_remove,0.3434806168079376
qwen-bf16-v2,massive-test,massive-test-13222,intent,general_quirky,play_audiobook,0.46765175461769104
qwen-bf16-v2,massive-test,massive-test-13242,intent,general_quirky,cooking_recipe,0.9999567270278931
qwen-bf16-v2,massive-test,massive-test-13255,intent,qa_factoid,datetime_convert,0.8937095403671265
qwen-bf16-v2,massive-test,massive-test-13283,intent,qa_factoid,qa_stock,0.9999334812164307
qwen-bf16-v2,massive-test,massive-test-13297,intent,qa_factoid,general_quirky,0.9834436178207397
qwen-bf16-v2,massive-test,massive-test-13298,intent,qa_factoid,alarm_query,0.6255466938018799
qwen-bf16-v2,massive-test,massive-test-13303,intent,general_quirky,cooking_query,0.9950224161148071
qwen-bf16-v2,massive-test,massive-test-13312,intent,qa_maths,qa_currency,0.9999611377716064
qwen-bf16-v2,massive-test,massive-test-13330,intent,qa_factoid,datetime_convert,0.864273190498352
qwen-bf16-v2,massive-test,massive-test-13340,intent,general_quirky,qa_maths,0.9999806880950928
qwen-bf16-v2,massive-test,massive-test-13341,intent,general_quirky,music_settings,0.8807775378227234
qwen-bf16-v2,massive-test,massive-test-13342,intent,general_quirky,lists_query,0.9708672761917114
qwen-bf16-v2,massive-test,massive-test-13363,intent,general_quirky,alarm_query,0.624424397945404
qwen-bf16-v2,massive-test,massive-test-13372,intent,general_quirky,calendar_query,0.998359739780426
qwen-bf16-v2,massive-test,massive-test-13404,intent,general_quirky,calendar_query,0.8305262327194214
qwen-bf16-v2,massive-test,massive-test-13407,intent,general_quirky,play_audiobook,0.4132062792778015
qwen-bf16-v2,massive-test,massive-test-13439,intent,qa_factoid,alarm_query,0.6228752732276917
qwen-bf16-v2,massive-test,massive-test-13451,intent,general_quirky,alarm_query,0.2676565647125244
qwen-bf16-v2,massive-test,massive-test-13457,intent,calendar_set,calendar_query,0.9962201714515686
qwen-bf16-v2,massive-test,massive-test-13464,intent,general_quirky,general_greet,0.5433230996131897
qwen-bf16-v2,massive-test,massive-test-13467,intent,general_quirky,general_greet,0.9023008346557617
qwen-bf16-v2,massive-test,massive-test-13486,intent,general_quirky,audio_volume_other,0.7009575366973877
qwen-bf16-v2,massive-test,massive-test-13491,intent,general_quirky,datetime_query,0.989465594291687
qwen-bf16-v2,massive-test,massive-test-13513,intent,qa_factoid,general_quirky,0.9868908524513245
qwen-bf16-v2,massive-test,massive-test-13516,intent,qa_factoid,general_quirky,0.9999700784683228
qwen-bf16-v2,massive-test,massive-test-13524,intent,general_quirky,calendar_remove,0.5465272068977356
qwen-bf16-v2,massive-test,massive-test-13536,intent,general_quirky,calendar_query,0.36888599395751953
qwen-bf16-v2,massive-test,massive-test-13546,intent,qa_factoid,recommendation_movies,0.9988301396369934
qwen-bf16-v2,massive-test,massive-test-13547,intent,general_quirky,audio_volume_other,0.3716360628604889
qwen-bf16-v2,massive-test,massive-test-13548,intent,iot_wemo_on,iot_hue_lighton,0.9996544122695923
qwen-bf16-v2,massive-test,massive-test-13554,intent,qa_factoid,alarm_remove,0.8431198000907898
qwen-bf16-v2,massive-test,massive-test-13575,intent,qa_factoid,recommendation_movies,0.9936546087265015
qwen-bf16-v2,massive-test,massive-test-13592,intent,qa_factoid,recommendation_locations,0.9565405249595642
qwen-bf16-v2,massive-test,massive-test-13607,intent,qa_factoid,calendar_query,0.632914662361145
qwen-bf16-v2,massive-test,massive-test-13616,intent,qa_factoid,recommendation_locations,0.999995231628418
qwen-bf16-v2,massive-test,massive-test-13618,intent,general_quirky,calendar_remove,0.2359505444765091
qwen-bf16-v2,massive-test,massive-test-13625,intent,qa_definition,alarm_remove,0.49173396825790405
qwen-bf16-v2,massive-test,massive-test-13636,intent,qa_factoid,calendar_query,0.8228902816772461
qwen-bf16-v2,massive-test,massive-test-13679,intent,qa_factoid,general_quirky,0.9999921321868896
qwen-bf16-v2,massive-test,massive-test-13681,intent,qa_factoid,calendar_set,0.35757142305374146
qwen-bf16-v2,massive-test,massive-test-13683,intent,qa_factoid,alarm_query,0.24222610890865326
qwen-bf16-v2,massive-test,massive-test-13690,intent,qa_factoid,iot_hue_lightchange,0.999733030796051
qwen-bf16-v2,massive-test,massive-test-13693,intent,qa_factoid,datetime_convert,0.9997990727424622
qwen-bf16-v2,massive-test,massive-test-13694,intent,general_quirky,alarm_remove,0.5387779474258423
qwen-bf16-v2,massive-test,massive-test-13705,intent,qa_definition,general_greet,0.46952024102211
qwen-bf16-v2,massive-test,massive-test-13706,intent,qa_definition,audio_volume_down,0.7965584397315979
qwen-bf16-v2,massive-test,massive-test-13714,intent,qa_definition,cooking_recipe,0.9772332310676575
qwen-bf16-v2,massive-test,massive-test-13717,intent,qa_factoid,general_joke,0.6330766081809998
qwen-bf16-v2,massive-test,massive-test-13744,intent,general_quirky,play_audiobook,0.46679267287254333
qwen-bf16-v2,massive-test,massive-test-13758,intent,qa_factoid,datetime_convert,0.8040823936462402
qwen-bf16-v2,massive-test,massive-test-13761,intent,qa_factoid,qa_definition,0.9858943223953247
qwen-bf16-v2,massive-test,massive-test-13774,intent,qa_factoid,datetime_convert,0.9987757802009583
qwen-bf16-v2,massive-test,massive-test-13777,intent,qa_definition,alarm_remove,0.43567684292793274
qwen-bf16-v2,massive-test,massive-test-13823,intent,qa_factoid,weather_query,0.6418157815933228
qwen-bf16-v2,massive-test,massive-test-13854,intent,qa_factoid,alarm_remove,0.40135428309440613
qwen-bf16-v2,massive-test,massive-test-13858,intent,qa_stock,audio_volume_other,0.4927091598510742
qwen-bf16-v2,massive-test,massive-test-13867,intent,qa_factoid,recommendation_locations,0.9988295435905457
qwen-bf16-v2,massive-test,massive-test-13869,intent,qa_factoid,recommendation_locations,0.9975259900093079
qwen-bf16-v2,massive-test,massive-test-13871,intent,qa_definition,general_greet,0.9999992847442627
qwen-bf16-v2,massive-test,massive-test-13881,intent,qa_factoid,music_query,0.9986384510993958
qwen-bf16-v2,massive-test,massive-test-13888,intent,qa_factoid,weather_query,0.999161958694458
qwen-bf16-v2,massive-test,massive-test-13895,intent,qa_factoid,calendar_set,0.47571560740470886
qwen-bf16-v2,massive-test,massive-test-13907,intent,qa_definition,alarm_query,0.9841745495796204
qwen-bf16-v2,massive-test,massive-test-13927,intent,qa_factoid,audio_volume_other,0.42217639088630676
qwen-bf16-v2,massive-test,massive-test-13929,intent,general_quirky,weather_query,0.9995966553688049
qwen-bf16-v2,massive-test,massive-test-13974,intent,qa_factoid,play_audiobook,0.5378414988517761
qwen-bf16-v2,massive-test,massive-test-13983,intent,qa_definition,music_dislikeness,0.48022744059562683
qwen-bf16-v2,massive-test,massive-test-13984,intent,qa_definition,alarm_query,0.6059250235557556
qwen-bf16-v2,massive-test,massive-test-13986,intent,general_quirky,alarm_query,0.2856597900390625
qwen-bf16-v2,massive-test,massive-test-13997,intent,qa_factoid,audio_volume_other,0.22779956459999084
qwen-bf16-v2,massive-test,massive-test-14000,intent,qa_definition,audio_volume_down,0.7620324492454529
qwen-bf16-v2,massive-test,massive-test-14001,intent,qa_factoid,general_quirky,0.987832248210907
qwen-bf16-v2,massive-test,massive-test-14011,intent,qa_factoid,calendar_query,0.5610399842262268
qwen-bf16-v2,massive-test,massive-test-14015,intent,qa_factoid,datetime_convert,0.9999386072158813
qwen-bf16-v2,massive-test,massive-test-14023,intent,qa_definition,audio_volume_down,0.27576783299446106
qwen-bf16-v2,massive-test,massive-test-14038,intent,qa_factoid,datetime_convert,0.9763443470001221
qwen-bf16-v2,massive-test,massive-test-14040,intent,qa_factoid,alarm_query,0.23609791696071625
qwen-bf16-v2,massive-test,massive-test-14063,intent,qa_factoid,music_query,0.9977434873580933
qwen-bf16-v2,massive-test,massive-test-14083,intent,qa_factoid,alarm_remove,0.5982032418251038
qwen-bf16-v2,massive-test,massive-test-14096,intent,qa_factoid,datetime_convert,0.2513846755027771
qwen-bf16-v2,massive-test,massive-test-14101,intent,general_quirky,music_query,0.9704419374465942
qwen-bf16-v2,massive-test,massive-test-14115,intent,qa_definition,cooking_recipe,0.9480166435241699
qwen-bf16-v2,massive-test,massive-test-14116,intent,qa_definition,iot_wemo_on,0.267271488904953
qwen-bf16-v2,massive-test,massive-test-14117,intent,qa_factoid,alarm_query,0.42045876383781433
qwen-bf16-v2,massive-test,massive-test-14118,intent,qa_factoid,datetime_convert,0.9565779566764832
qwen-bf16-v2,massive-test,massive-test-14126,intent,qa_factoid,music_query,0.9965375661849976
qwen-bf16-v2,massive-test,massive-test-14150,intent,qa_definition,audio_volume_down,0.5154599547386169
qwen-bf16-v2,massive-test,massive-test-14151,intent,qa_factoid,alarm_query,0.39109280705451965
qwen-bf16-v2,massive-test,massive-test-14154,intent,qa_factoid,cooking_recipe,0.8651036024093628
qwen-bf16-v2,massive-test,massive-test-14163,intent,qa_factoid,alarm_query,0.5307548642158508
qwen-bf16-v2,massive-test,massive-test-14169,intent,qa_factoid,alarm_query,0.784156322479248
qwen-bf16-v2,massive-test,massive-test-14170,intent,qa_factoid,general_quirky,0.9968811273574829
qwen-bf16-v2,massive-test,massive-test-14179,intent,qa_factoid,datetime_convert,0.9971892237663269
qwen-bf16-v2,massive-test,massive-test-14214,intent,transport_query,alarm_query,0.5298046469688416
qwen-bf16-v2,massive-test,massive-test-14229,intent,qa_factoid,recommendation_movies,0.9995692372322083
qwen-bf16-v2,massive-test,massive-test-14243,intent,qa_factoid,alarm_query,0.5096778273582458
qwen-bf16-v2,massive-test,massive-test-14272,intent,qa_definition,general_greet,0.999897837638855
qwen-bf16-v2,massive-test,massive-test-14283,intent,qa_factoid,datetime_convert,0.7488547563552856
qwen-bf16-v2,massive-test,massive-test-14306,intent,qa_factoid,qa_definition,0.9913376569747925
qwen-bf16-v2,massive-test,massive-test-14316,intent,qa_factoid,alarm_query,0.357232928276062
qwen-bf16-v2,massive-test,massive-test-14317,intent,qa_factoid,alarm_query,0.39283287525177
qwen-bf16-v2,massive-test,massive-test-14323,intent,qa_factoid,cooking_recipe,0.7973296046257019
qwen-bf16-v2,massive-test,massive-test-14330,intent,qa_factoid,audio_volume_down,0.4255966544151306
qwen-bf16-v2,massive-test,massive-test-14348,intent,general_quirky,alarm_query,0.21036240458488464
qwen-bf16-v2,massive-test,massive-test-14354,intent,qa_factoid,general_quirky,0.9874427914619446
qwen-bf16-v2,massive-test,massive-test-14355,intent,qa_factoid,general_quirky,0.9974379539489746
qwen-bf16-v2,massive-test,massive-test-14356,intent,general_quirky,recommendation_locations,0.5556390285491943
qwen-bf16-v2,massive-test,massive-test-14368,intent,general_quirky,qa_factoid,0.9850805401802063
qwen-bf16-v2,massive-test,massive-test-14370,intent,qa_factoid,audio_volume_down,0.2276742160320282
qwen-bf16-v2,massive-test,massive-test-14382,intent,qa_factoid,datetime_convert,0.7088950872421265
qwen-bf16-v2,massive-test,massive-test-14412,intent,general_quirky,audio_volume_down,0.34976667165756226
qwen-bf16-v2,massive-test,massive-test-14414,intent,qa_definition,iot_wemo_on,0.450880765914917
qwen-bf16-v2,massive-test,massive-test-14417,intent,qa_factoid,datetime_convert,0.9821572303771973
qwen-bf16-v2,massive-test,massive-test-14418,intent,general_quirky,calendar_query,0.9725478291511536
qwen-bf16-v2,massive-test,massive-test-14419,intent,qa_factoid,recommendation_movies,0.9999251365661621
qwen-bf16-v2,massive-test,massive-test-14442,intent,qa_factoid,recommendation_locations,0.8477296829223633
qwen-bf16-v2,massive-test,massive-test-14444,intent,qa_factoid,recommendation_movies,0.9975190162658691
qwen-bf16-v2,massive-test,massive-test-14449,intent,qa_factoid,general_quirky,0.9934180974960327
qwen-bf16-v2,massive-test,massive-test-14457,intent,qa_factoid,transport_query,0.9968817234039307
qwen-bf16-v2,massive-test,massive-test-14461,intent,general_quirky,alarm_query,0.39995452761650085
qwen-bf16-v2,massive-test,massive-test-14465,intent,transport_query,recommendation_locations,0.9931325316429138
qwen-bf16-v2,massive-test,massive-test-14481,intent,general_quirky,alarm_query,0.4419756531715393
qwen-bf16-v2,massive-test,massive-test-14498,intent,qa_definition,play_audiobook,0.48538100719451904
qwen-bf16-v2,massive-test,massive-test-14508,intent,qa_factoid,music_query,0.9850655198097229
qwen-bf16-v2,massive-test,massive-test-14509,intent,qa_factoid,play_audiobook,0.5229529142379761
qwen-bf16-v2,massive-test,massive-test-14539,intent,qa_factoid,recommendation_locations,0.9932870268821716
qwen-bf16-v2,massive-test,massive-test-14545,intent,qa_factoid,datetime_convert,0.9998088479042053
qwen-bf16-v2,massive-test,massive-test-14549,intent,lists_createoradd,lists_query,0.9934551119804382
qwen-bf16-v2,massive-test,massive-test-14553,intent,general_quirky,qa_factoid,0.9987868666648865
qwen-bf16-v2,massive-test,massive-test-14564,intent,general_quirky,qa_definition,0.9984898567199707
qwen-bf16-v2,massive-test,massive-test-14585,intent,qa_factoid,datetime_convert,0.999982476234436
qwen-bf16-v2,massive-test,massive-test-14591,intent,qa_definition,audio_volume_other,0.32590919733047485
qwen-bf16-v2,massive-test,massive-test-14592,intent,qa_definition,audio_volume_other,0.2560843229293823
qwen-bf16-v2,massive-test,massive-test-14605,intent,qa_factoid,alarm_remove,0.6960043907165527
qwen-bf16-v2,massive-test,massive-test-14608,intent,qa_factoid,recommendation_movies,0.999987006187439
qwen-bf16-v2,massive-test,massive-test-14646,intent,transport_ticket,lists_query,0.4512840509414673
qwen-bf16-v2,massive-test,massive-test-14668,intent,qa_definition,iot_hue_lightchange,0.9816712737083435
qwen-bf16-v2,massive-test,massive-test-14683,intent,qa_factoid,general_quirky,0.9884241223335266
qwen-bf16-v2,massive-test,massive-test-14690,intent,qa_definition,general_quirky,0.896699845790863
qwen-bf16-v2,massive-test,massive-test-14700,intent,qa_definition,general_greet,0.9471305012702942
qwen-bf16-v2,massive-test,massive-test-14701,intent,qa_definition,play_game,0.999998927116394
qwen-bf16-v2,massive-test,massive-test-14705,intent,qa_factoid,alarm_query,0.2445284128189087
qwen-bf16-v2,massive-test,massive-test-14706,intent,qa_factoid,audio_volume_other,0.4970063269138336
qwen-bf16-v2,massive-test,massive-test-14757,intent,qa_maths,alarm_set,0.26349249482154846
qwen-bf16-v2,massive-test,massive-test-14767,intent,qa_definition,alarm_query,0.40907594561576843
qwen-bf16-v2,massive-test,massive-test-14770,intent,qa_factoid,general_quirky,0.7669277191162109
qwen-bf16-v2,massive-test,massive-test-14787,intent,qa_factoid,datetime_query,0.9705325365066528
qwen-bf16-v2,massive-test,massive-test-14791,intent,qa_factoid,general_greet,0.5472097992897034
qwen-bf16-v2,massive-test,massive-test-14794,intent,qa_factoid,general_quirky,0.9975910186767578
qwen-bf16-v2,massive-test,massive-test-14817,intent,general_quirky,alarm_remove,0.399723619222641
qwen-bf16-v2,massive-test,massive-test-14822,intent,qa_factoid,alarm_remove,0.39300188422203064
qwen-bf16-v2,massive-test,massive-test-14838,intent,qa_factoid,iot_hue_lightchange,0.7767459154129028
qwen-bf16-v2,massive-test,massive-test-14877,intent,qa_factoid,weather_query,0.9995825886726379
qwen-bf16-v2,massive-test,massive-test-14879,intent,qa_definition,alarm_query,0.28679409623146057
qwen-bf16-v2,massive-test,massive-test-14889,intent,qa_definition,alarm_query,0.8541264533996582
qwen-bf16-v2,massive-test,massive-test-14891,intent,qa_factoid,cooking_query,0.9981599450111389
qwen-bf16-v2,massive-test,massive-test-14917,intent,qa_factoid,music_query,0.9999246597290039
qwen-bf16-v2,massive-test,massive-test-14919,intent,qa_stock,calendar_query,0.75507652759552
qwen-bf16-v2,massive-test,massive-test-14933,intent,qa_factoid,play_audiobook,0.73625248670578
qwen-bf16-v2,massive-test,massive-test-14939,intent,qa_factoid,calendar_remove,0.33157315850257874
qwen-bf16-v2,massive-test,massive-test-14958,intent,general_quirky,alarm_remove,0.7917629480361938
qwen-bf16-v2,massive-test,massive-test-14963,intent,general_quirky,alarm_query,0.25732168555259705
qwen-bf16-v2,massive-test,massive-test-14981,intent,qa_definition,alarm_remove,0.28271520137786865
qwen-bf16-v2,massive-test,massive-test-14994,intent,qa_factoid,recommendation_movies,0.999841570854187
qwen-bf16-v2,massive-test,massive-test-14995,intent,qa_definition,calendar_query,0.6827150583267212
qwen-bf16-v2,massive-test,massive-test-15020,intent,qa_factoid,alarm_query,0.4205864369869232
qwen-bf16-v2,massive-test,massive-test-15039,intent,qa_factoid,general_joke,0.3963736593723297
qwen-bf16-v2,massive-test,massive-test-15062,intent,qa_factoid,calendar_query,0.8470233082771301
qwen-bf16-v2,massive-test,massive-test-15075,intent,qa_factoid,datetime_convert,0.5941218137741089
qwen-bf16-v2,massive-test,massive-test-15092,intent,qa_definition,audio_volume_other,0.8622724413871765
qwen-bf16-v2,massive-test,massive-test-15094,intent,qa_factoid,lists_query,0.7213165163993835
qwen-bf16-v2,massive-test,massive-test-15113,intent,general_quirky,calendar_query,0.38262033462524414
qwen-bf16-v2,massive-test,massive-test-15127,intent,qa_definition,audio_volume_down,0.5132444500923157
qwen-bf16-v2,massive-test,massive-test-15137,intent,general_quirky,alarm_query,0.3452491760253906
qwen-bf16-v2,massive-test,massive-test-15138,intent,social_query,social_post,0.9999724626541138
qwen-bf16-v2,massive-test,massive-test-15181,intent,social_query,alarm_query,0.3479447066783905
qwen-bf16-v2,massive-test,massive-test-15185,intent,social_post,alarm_remove,0.7671346068382263
qwen-bf16-v2,massive-test,massive-test-15186,intent,social_post,general_greet,0.7669076323509216
qwen-bf16-v2,massive-test,massive-test-15199,intent,social_query,alarm_query,0.5698438286781311
qwen-bf16-v2,massive-test,massive-test-15200,intent,social_query,social_post,0.9993482232093811
qwen-bf16-v2,massive-test,massive-test-15203,intent,social_query,alarm_query,0.6767314672470093
qwen-bf16-v2,massive-test,massive-test-15205,intent,social_query,social_post,0.9999938011169434
qwen-bf16-v2,massive-test,massive-test-15213,intent,news_query,alarm_query,0.48537445068359375
qwen-bf16-v2,massive-test,massive-test-15225,intent,social_query,calendar_query,0.6103776693344116
qwen-bf16-v2,massive-test,massive-test-15229,intent,social_query,social_post,0.9999951124191284
qwen-bf16-v2,massive-test,massive-test-15249,intent,social_query,social_post,0.9999982118606567
qwen-bf16-v2,massive-test,massive-test-15274,intent,social_query,social_post,0.9999898672103882
qwen-bf16-v2,massive-test,massive-test-15280,intent,social_query,social_post,0.9999644756317139
qwen-bf16-v2,massive-test,massive-test-15296,intent,social_query,social_post,0.9397560954093933
qwen-bf16-v2,massive-test,massive-test-15298,intent,social_query,social_post,0.9022648334503174
qwen-bf16-v2,massive-test,massive-test-15304,intent,social_query,social_post,0.9999415874481201
qwen-bf16-v2,massive-test,massive-test-15305,intent,calendar_query,social_post,0.9222347140312195
qwen-bf16-v2,massive-test,massive-test-15311,intent,social_query,social_post,0.9889653921127319
qwen-bf16-v2,massive-test,massive-test-15321,intent,social_query,social_post,0.9995688796043396
qwen-bf16-v2,massive-test,massive-test-15326,intent,social_query,social_post,0.999875545501709
qwen-bf16-v2,massive-test,massive-test-15333,intent,social_query,datetime_convert,0.5405851006507874
qwen-bf16-v2,massive-test,massive-test-15345,intent,social_query,social_post,0.9992873072624207
qwen-bf16-v2,massive-test,massive-test-15348,intent,social_query,social_post,0.999903678894043
qwen-bf16-v2,massive-test,massive-test-15350,intent,social_post,music_dislikeness,0.9913954138755798
qwen-bf16-v2,massive-test,massive-test-15364,intent,social_post,calendar_query,0.484832227230072
qwen-bf16-v2,massive-test,massive-test-15382,intent,social_post,iot_cleaning,0.9997383952140808
qwen-bf16-v2,massive-test,massive-test-15399,intent,social_post,audio_volume_other,0.782216489315033
qwen-bf16-v2,massive-test,massive-test-15413,intent,social_post,alarm_remove,0.545966386795044
qwen-bf16-v2,massive-test,massive-test-15444,intent,social_post,music_likeness,0.9785592555999756
qwen-bf16-v2,massive-test,massive-test-15445,intent,social_query,alarm_query,0.18863630294799805
qwen-bf16-v2,massive-test,massive-test-15511,intent,social_query,social_post,0.9999977350234985
qwen-bf16-v2,massive-test,massive-test-15513,intent,social_query,social_post,0.9961915016174316
qwen-bf16-v2,massive-test,massive-test-15561,intent,general_quirky,calendar_query,0.3743944764137268
qwen-bf16-v2,massive-test,massive-test-15563,intent,general_quirky,alarm_remove,0.4666006565093994
qwen-bf16-v2,massive-test,massive-test-15565,intent,social_post,music_dislikeness,0.9995627999305725
qwen-bf16-v2,massive-test,massive-test-15587,intent,social_post,play_audiobook,0.49373379349708557
qwen-bf16-v2,massive-test,massive-test-15598,intent,social_post,alarm_set,0.3057718276977539
qwen-bf16-v2,massive-test,massive-test-15651,intent,social_post,iot_hue_lightoff,0.3471943736076355
qwen-bf16-v2,massive-test,massive-test-15652,intent,social_post,calendar_query,0.7600758671760559
qwen-bf16-v2,massive-test,massive-test-15686,intent,social_post,general_greet,1.0
qwen-bf16-v2,massive-test,massive-test-15700,intent,social_post,audio_volume_other,0.37130507826805115
qwen-bf16-v2,massive-test,massive-test-15708,intent,social_post,music_dislikeness,0.822624146938324
qwen-bf16-v2,massive-test,massive-test-15736,intent,social_post,music_dislikeness,0.9510977268218994
qwen-bf16-v2,massive-test,massive-test-15765,intent,email_sendemail,email_query,0.9770217537879944
qwen-bf16-v2,massive-test,massive-test-15794,intent,email_querycontact,recommendation_locations,0.5526918172836304
qwen-bf16-v2,massive-test,massive-test-15815,intent,email_querycontact,datetime_convert,0.6019682884216309
qwen-bf16-v2,massive-test,massive-test-15825,intent,email_sendemail,general_greet,0.9649717211723328
qwen-bf16-v2,massive-test,massive-test-15828,intent,email_sendemail,email_addcontact,0.9999995231628418
qwen-bf16-v2,massive-test,massive-test-15829,intent,email_sendemail,email_addcontact,0.9999998807907104
qwen-bf16-v2,massive-test,massive-test-15839,intent,email_query,alarm_query,0.9458805918693542
qwen-bf16-v2,massive-test,massive-test-15845,intent,email_sendemail,alarm_query,0.5924699902534485
qwen-bf16-v2,massive-test,massive-test-15847,intent,email_sendemail,alarm_set,0.27445873618125916
qwen-bf16-v2,massive-test,massive-test-15906,intent,email_sendemail,general_greet,0.9999973773956299
qwen-bf16-v2,massive-test,massive-test-15946,intent,email_querycontact,email_addcontact,0.5621211528778076
qwen-bf16-v2,massive-test,massive-test-15948,intent,email_querycontact,email_addcontact,0.9664925336837769
qwen-bf16-v2,massive-test,massive-test-15950,intent,email_sendemail,email_query,0.9999998807907104
qwen-bf16-v2,massive-test,massive-test-15982,intent,email_querycontact,email_addcontact,0.9708881974220276
qwen-bf16-v2,massive-test,massive-test-15983,intent,email_querycontact,email_query,0.9626078009605408
qwen-bf16-v2,massive-test,massive-test-15987,intent,email_addcontact,email_sendemail,0.5620671510696411
qwen-bf16-v2,massive-test,massive-test-16050,intent,email_query,alarm_query,0.4313291311264038
qwen-bf16-v2,massive-test,massive-test-16100,intent,email_query,lists_query,0.935660183429718
qwen-bf16-v2,massive-test,massive-test-16131,intent,email_sendemail,email_addcontact,0.9999998807907104
qwen-bf16-v2,massive-test,massive-test-16146,intent,news_query,calendar_query,0.9999368190765381
qwen-bf16-v2,massive-test,massive-test-16151,intent,email_query,calendar_query,0.9999994039535522
qwen-bf16-v2,massive-test,massive-test-16158,intent,email_addcontact,email_query,0.9999991655349731
qwen-bf16-v2,massive-test,massive-test-16162,intent,email_sendemail,alarm_query,0.7893733978271484
qwen-bf16-v2,massive-test,massive-test-16165,intent,email_query,alarm_query,0.6948216557502747
qwen-bf16-v2,massive-test,massive-test-16166,intent,email_sendemail,calendar_query,0.9999641180038452
qwen-bf16-v2,massive-test,massive-test-16221,intent,email_sendemail,email_query,0.9997373223304749
qwen-bf16-v2,massive-test,massive-test-16222,intent,email_querycontact,calendar_query,0.7887183427810669
qwen-bf16-v2,massive-test,massive-test-16228,intent,email_querycontact,general_quirky,0.875249445438385
qwen-bf16-v2,massive-test,massive-test-16229,intent,email_querycontact,alarm_query,0.4050145447254181
qwen-bf16-v2,massive-test,massive-test-16273,intent,email_querycontact,email_addcontact,0.28441640734672546
qwen-bf16-v2,massive-test,massive-test-16282,intent,email_sendemail,calendar_remove,0.9993859529495239
qwen-bf16-v2,massive-test,massive-test-16320,intent,email_sendemail,email_query,0.9959278702735901
qwen-bf16-v2,massive-test,massive-test-16356,intent,email_query,email_sendemail,0.8175716996192932
qwen-bf16-v2,massive-test,massive-test-16406,intent,email_sendemail,email_query,0.9975042939186096
qwen-bf16-v2,massive-test,massive-test-16455,intent,email_addcontact,email_sendemail,0.9999998807907104
qwen-bf16-v2,massive-test,massive-test-16518,intent,email_sendemail,email_addcontact,0.9999998807907104
qwen-bf16-v2,massive-test,massive-test-16519,intent,email_sendemail,email_addcontact,1.0
qwen-bf16-v2,massive-test,massive-test-16523,intent,email_querycontact,email_addcontact,0.9890005588531494
qwen-bf16-v2,massive-test,massive-test-16529,intent,email_querycontact,alarm_remove,0.23973193764686584
qwen-bf16-v2,massive-test,massive-test-16532,intent,email_querycontact,alarm_remove,0.8347348570823669
qwen-bf16-v2,massive-test,massive-test-16583,intent,email_querycontact,alarm_remove,0.4677465558052063
qwen-bf16-v2,massive-test,massive-test-16591,intent,email_sendemail,email_query,0.9999998807907104
qwen-bf16-v2,massive-test,massive-test-16593,intent,email_sendemail,email_query,0.9999998807907104
qwen-bf16-v2,massive-test,massive-test-16613,intent,email_sendemail,email_query,0.9999970197677612
qwen-bf16-v2,massive-test,massive-test-16630,intent,email_sendemail,email_query,0.9999998807907104
qwen-bf16-v2,massive-test,massive-test-16672,intent,email_query,general_greet,0.999413251876831
qwen-bf16-v2,massive-test,massive-test-16701,intent,email_sendemail,email_query,0.9988295435905457
qwen-bf16-v2,massive-test,massive-test-16703,intent,email_sendemail,email_query,0.9999998807907104
qwen-bf16-v2,massive-test,massive-test-16729,intent,email_sendemail,email_query,0.9994460940361023
qwen-bf16-v2,massive-test,massive-test-16754,intent,email_sendemail,email_query,0.9999924898147583
qwen-bf16-v2,massive-test,massive-test-16777,intent,email_querycontact,email_addcontact,0.952551543712616
qwen-bf16-v2,massive-test,massive-test-16797,intent,email_querycontact,transport_taxi,0.9927073121070862
qwen-bf16-v2,massive-test,massive-test-16846,intent,email_addcontact,email_sendemail,0.9968103766441345
qwen-bf16-v2,massive-test,massive-test-16874,intent,email_querycontact,audio_volume_other,0.3906739056110382
qwen-bf16-v2,massive-test,massive-test-16886,intent,email_sendemail,email_query,0.9999998807907104
qwen-bf16-v2,massive-test,massive-test-16907,intent,email_querycontact,email_addcontact,0.6229276061058044
qwen-bf16-v2,massive-test,massive-test-16916,intent,email_sendemail,email_query,0.9999992847442627
qwen-bf16-v2,massive-test,massive-test-16938,intent,email_sendemail,email_query,0.7772984504699707
qwen-bf16-v2,massive-test,massive-test-16944,intent,email_sendemail,social_post,0.9877508282661438
qwen-bf16-v2,massive-test,massive-test-16961,intent,email_sendemail,alarm_query,0.788076639175415
qwen-bf16-v2,massive-test,massive-test-16983,intent,email_querycontact,alarm_query,0.5656917095184326
qwen-bf16-v2,massive-test,massive-test-17015,intent,email_sendemail,alarm_query,0.9618964791297913
qwen-bf16-v2,massive-test,massive-test-17019,intent,email_sendemail,email_query,1.0
qwen-bf16-v2,massive-test,massive-test-17020,intent,email_sendemail,email_query,1.0
qwen-bf16-v2,massive-test,massive-test-17023,intent,email_sendemail,weather_query,0.9992668032646179
qwen-bf16-v2,massive-test,massive-test-17051,intent,email_query,email_sendemail,0.8807960152626038
qwen-bf16-v2,massive-test,massive-test-17052,intent,email_query,calendar_query,0.9805635213851929
qwen-bf16-v2,massive-test,massive-test-17090,intent,email_querycontact,email_addcontact,0.9999972581863403
qwen-bf16-v2,massive-test,massive-test-17095,intent,email_querycontact,email_query,0.9999986886978149
qwen-bf16-v2,massive-test,massive-test-17111,intent,email_querycontact,email_addcontact,0.9999713897705078
qwen-bf16-v2,massive-test,massive-test-17123,intent,email_sendemail,email_query,1.0
qwen-bf16-v2,massive-test,massive-test-17135,intent,email_query,news_query,0.9240577220916748
qwen-bf16-v2,massive-test,massive-test-17138,intent,email_query,music_dislikeness,0.2896178066730499
qwen-bf16-v2,massive-test,massive-test-17147,intent,email_sendemail,general_greet,0.9999997615814209
qwen-bf16-v2,massive-test,massive-test-17148,intent,email_sendemail,general_greet,0.9999996423721313
qwen-bf16-v2,massive-test,massive-test-17151,intent,email_sendemail,social_post,0.9829859137535095
qwen-nf4-v2,business-test,biz-product_login-1,route,clarify,human,0.31483006477355957
qwen-nf4-v2,business-test,biz-product_login-1,needs_human,no,yes,
qwen-nf4-v2,business-test,biz-product_login-3,intent,products,applications,0.8619920015335083
qwen-nf4-v2,business-test,biz-applications_list-0,route,tool,human,0.6510940194129944
qwen-nf4-v2,business-test,biz-applications_list-0,tool,queryMyApplications,none,
qwen-nf4-v2,business-test,biz-applications_list-0,needs_human,no,yes,
qwen-nf4-v2,business-test,biz-applications_list-2,route,tool,human,0.7555609345436096
qwen-nf4-v2,business-test,biz-applications_list-2,tool,queryMyApplications,none,
qwen-nf4-v2,business-test,biz-applications_list-2,needs_human,no,yes,
qwen-nf4-v2,business-test,biz-applications_list-3,route,tool,human,0.5923892855644226
qwen-nf4-v2,business-test,biz-applications_list-3,tool,queryMyApplications,none,
qwen-nf4-v2,business-test,biz-applications_list-3,needs_human,no,yes,
qwen-nf4-v2,business-test,biz-application_missing-0,route,clarify,tool,0.650818943977356
qwen-nf4-v2,business-test,biz-application_missing-0,tool,none,queryApplicationDetail,0.4778526723384857
qwen-nf4-v2,business-test,biz-application_missing-1,route,clarify,human,0.7327833771705627
qwen-nf4-v2,business-test,biz-application_missing-1,needs_human,no,yes,
qwen-nf4-v2,business-test,biz-application_missing-2,route,clarify,tool,0.5711987614631653
qwen-nf4-v2,business-test,biz-application_missing-2,tool,none,queryMyApplications,0.42927372455596924
qwen-nf4-v2,business-test,biz-application_missing-3,route,clarify,human,0.6007246971130371
qwen-nf4-v2,business-test,biz-application_missing-3,needs_human,no,yes,
qwen-nf4-v2,business-test,biz-status_reject-0,route,tool,human,0.866568386554718
qwen-nf4-v2,business-test,biz-status_reject-0,tool,explainApplicationStatus,none,
qwen-nf4-v2,business-test,biz-status_reject-0,needs_human,no,yes,
qwen-nf4-v2,business-test,biz-status_reject-1,route,tool,human,0.518671452999115
qwen-nf4-v2,business-test,biz-status_reject-1,tool,explainApplicationStatus,none,
qwen-nf4-v2,business-test,biz-status_reject-1,needs_human,no,yes,
qwen-nf4-v2,business-test,biz-status_reject-2,route,tool,human,0.48604682087898254
qwen-nf4-v2,business-test,biz-status_reject-2,tool,explainApplicationStatus,none,
qwen-nf4-v2,business-test,biz-status_reject-2,needs_human,no,yes,
qwen-nf4-v2,business-test,biz-status_approved-0,route,tool,human,0.4082866907119751
qwen-nf4-v2,business-test,biz-status_approved-0,tool,explainApplicationStatus,none,
qwen-nf4-v2,business-test,biz-status_approved-0,needs_human,no,yes,
qwen-nf4-v2,business-test,biz-status_approved-1,route,tool,human,0.6864308714866638
qwen-nf4-v2,business-test,biz-status_approved-1,tool,explainApplicationStatus,none,
qwen-nf4-v2,business-test,biz-status_approved-1,needs_human,no,yes,
qwen-nf4-v2,business-test,biz-status_approved-2,route,tool,llm,0.376460999250412
qwen-nf4-v2,business-test,biz-status_approved-2,tool,explainApplicationStatus,none,
qwen-nf4-v2,business-test,biz-status_approved-3,route,tool,human,0.66335129737854
qwen-nf4-v2,business-test,biz-status_approved-3,tool,explainApplicationStatus,none,
qwen-nf4-v2,business-test,biz-status_approved-3,needs_human,no,yes,
qwen-nf4-v2,business-test,biz-ui_unlisted-0,route,llm,human,0.977256178855896
qwen-nf4-v2,business-test,biz-ui_unlisted-0,intent,ui_issue,application_detail,0.9988840222358704
qwen-nf4-v2,business-test,biz-ui_unlisted-0,needs_human,no,yes,
qwen-nf4-v2,business-test,biz-ui_unlisted-1,route,llm,human,0.9047476649284363
qwen-nf4-v2,business-test,biz-ui_unlisted-1,needs_human,no,yes,
qwen-nf4-v2,business-test,biz-ui_unlisted-2,route,llm,human,0.9396539330482483
qwen-nf4-v2,business-test,biz-ui_unlisted-2,needs_human,no,yes,
qwen-nf4-v2,business-test,biz-ui_unlisted-3,route,llm,human,0.9825342297554016
qwen-nf4-v2,business-test,biz-ui_unlisted-3,intent,ui_issue,application_detail,0.8534916043281555
qwen-nf4-v2,business-test,biz-ui_unlisted-3,needs_human,no,yes,
qwen-nf4-v2,business-test,biz-ui_pending-0,route,llm,human,0.9951072931289673
qwen-nf4-v2,business-test,biz-ui_pending-0,intent,ui_issue,application_detail,0.9915562868118286
qwen-nf4-v2,business-test,biz-ui_pending-0,needs_human,no,yes,
qwen-nf4-v2,business-test,biz-ui_pending-1,route,llm,human,0.9907495379447937
qwen-nf4-v2,business-test,biz-ui_pending-1,intent,ui_issue,application_detail,0.9160914421081543
qwen-nf4-v2,business-test,biz-ui_pending-1,needs_human,no,yes,
qwen-nf4-v2,business-test,biz-ui_pending-2,route,llm,human,0.9841777086257935
qwen-nf4-v2,business-test,biz-ui_pending-2,intent,ui_issue,application_detail,0.9911916851997375
qwen-nf4-v2,business-test,biz-ui_pending-2,needs_human,no,yes,
qwen-nf4-v2,business-test,biz-ui_pending-3,route,llm,human,0.9666370749473572
qwen-nf4-v2,business-test,biz-ui_pending-3,intent,ui_issue,application_detail,0.9677338004112244
qwen-nf4-v2,business-test,biz-ui_pending-3,needs_human,no,yes,
qwen-nf4-v2,business-test,biz-ui_disagree-1,intent,ui_issue,application_detail,0.9435532093048096
qwen-nf4-v2,business-test,biz-ui_disagree-2,intent,ui_issue,application_detail,0.9033216238021851
qwen-nf4-v2,business-test,biz-ui_disagree-3,intent,ui_issue,application_detail,0.9799681901931763
qwen-nf4-v2,business-test,biz-repay_early-0,route,llm,tool,0.4876345694065094
qwen-nf4-v2,business-test,biz-repay_early-0,intent,repayment,application_detail,0.8205573558807373
qwen-nf4-v2,business-test,biz-repay_early-0,tool,none,queryLoanProducts,0.4688142240047455
qwen-nf4-v2,business-test,biz-repay_early-1,intent,repayment,application_detail,0.9796914458274841
qwen-nf4-v2,business-test,biz-repay_early-2,route,llm,tool,0.55974280834198
qwen-nf4-v2,business-test,biz-repay_early-2,intent,repayment,application_detail,0.9111461043357849
qwen-nf4-v2,business-test,biz-repay_early-2,tool,none,queryLoanProducts,0.8247503042221069
qwen-nf4-v2,business-test,biz-repay_early-3,route,llm,tool,0.43771442770957947
qwen-nf4-v2,business-test,biz-repay_early-3,intent,repayment,application_detail,0.9099664092063904
qwen-nf4-v2,business-test,biz-repay_early-3,tool,none,queryLoanProducts,0.8347890973091125
qwen-nf4-v2,business-test,biz-security_identity-0,intent,security,application_detail,0.8333297371864319
qwen-nf4-v2,business-test,biz-general_unclear-0,route,clarify,human,0.7323188781738281
qwen-nf4-v2,business-test,biz-general_unclear-0,intent,general,application_detail,0.5150934457778931
qwen-nf4-v2,business-test,biz-general_unclear-0,needs_human,no,yes,
qwen-nf4-v2,business-test,biz-general_unclear-1,route,clarify,human,0.9064624309539795
qwen-nf4-v2,business-test,biz-general_unclear-1,intent,general,application_detail,0.540839433670044
qwen-nf4-v2,business-test,biz-general_unclear-1,needs_human,no,yes,
qwen-nf4-v2,business-test,biz-general_unclear-2,route,clarify,human,0.8656007051467896
qwen-nf4-v2,business-test,biz-general_unclear-2,intent,general,application_detail,0.67154860496521
qwen-nf4-v2,business-test,biz-general_unclear-2,needs_human,no,yes,
qwen-nf4-v2,business-test,biz-general_unclear-3,route,clarify,human,0.48369354009628296
qwen-nf4-v2,business-test,biz-general_unclear-3,intent,general,applications,0.5693352222442627
qwen-nf4-v2,business-test,biz-general_unclear-3,needs_human,no,yes,
qwen-nf4-v2,business-test,biz-product_typo-0,route,tool,human,0.3796919286251068
qwen-nf4-v2,business-test,biz-product_typo-0,tool,queryLoanProducts,none,
qwen-nf4-v2,business-test,biz-product_typo-0,needs_human,no,yes,
qwen-nf4-v2,business-test,biz-ui_amount-0,route,llm,human,0.9086444973945618
qwen-nf4-v2,business-test,biz-ui_amount-0,intent,ui_issue,application_detail,0.8819246292114258
qwen-nf4-v2,business-test,biz-ui_amount-0,needs_human,no,yes,
qwen-nf4-v2,business-test,biz-ui_amount-1,route,llm,human,0.8040408492088318
qwen-nf4-v2,business-test,biz-ui_amount-1,needs_human,no,yes,
qwen-nf4-v2,business-test,biz-ui_amount-2,route,llm,human,0.9189658761024475
qwen-nf4-v2,business-test,biz-ui_amount-2,intent,ui_issue,application_detail,0.999649167060852
qwen-nf4-v2,business-test,biz-ui_amount-2,needs_human,no,yes,
qwen-nf4-v2,business-test,biz-ui_amount-3,route,llm,human,0.9805831909179688
qwen-nf4-v2,business-test,biz-ui_amount-3,intent,ui_issue,application_detail,0.902277946472168
qwen-nf4-v2,business-test,biz-ui_amount-3,needs_human,no,yes,
qwen-nf4-v2,business-test,biz-ui_empty-0,route,llm,human,0.8448861241340637
qwen-nf4-v2,business-test,biz-ui_empty-0,intent,ui_issue,application_detail,0.8433290719985962
qwen-nf4-v2,business-test,biz-ui_empty-0,needs_human,no,yes,
qwen-nf4-v2,business-test,biz-ui_empty-1,route,llm,human,0.9326802492141724
qwen-nf4-v2,business-test,biz-ui_empty-1,intent,ui_issue,application_detail,0.9898154735565186
qwen-nf4-v2,business-test,biz-ui_empty-1,needs_human,no,yes,
qwen-nf4-v2,business-test,biz-ui_empty-2,route,llm,human,0.8676465153694153
qwen-nf4-v2,business-test,biz-ui_empty-2,needs_human,no,yes,
qwen-nf4-v2,business-test,biz-ui_empty-3,route,llm,human,0.9816581010818481
qwen-nf4-v2,business-test,biz-ui_empty-3,intent,ui_issue,application_detail,0.9624467492103577
qwen-nf4-v2,business-test,biz-ui_empty-3,needs_human,no,yes,
qwen-nf4-v2,business-test,biz-repay_change-0,intent,repayment,application_detail,0.5900552272796631
qwen-nf4-v2,business-test,biz-repay_change-1,intent,repayment,application_detail,0.947096049785614
qwen-nf4-v2,business-test,biz-repay_change-2,intent,repayment,application_detail,0.728195071220398
qwen-nf4-v2,business-test,biz-repay_change-3,intent,repayment,application_detail,0.5728133916854858
qwen-nf4-v2,business-test,biz-application_other-0,route,human,tool,0.7620730996131897
qwen-nf4-v2,business-test,biz-application_other-0,tool,none,queryApplicationDetail,0.6506414413452148
qwen-nf4-v2,business-test,biz-application_other-0,needs_human,yes,no,
qwen-nf4-v2,business-test,biz-application_other-3,route,human,tool,0.5536873936653137
qwen-nf4-v2,business-test,biz-application_other-3,tool,none,queryLoanProducts,0.6634024977684021
qwen-nf4-v2,business-test,biz-application_other-3,needs_human,yes,no,
qwen-nf4-v2,crosswoz-test,crosswoz-8017-12,intent,taxi,restaurant,0.9999891519546509
qwen-nf4-v2,crosswoz-test,crosswoz-11801-8,intent,taxi,restaurant,0.9999895095825195
qwen-nf4-v2,crosswoz-test,crosswoz-7850-18,intent,taxi,attraction,0.9993342757225037
qwen-nf4-v2,crosswoz-test,crosswoz-10426-16,intent,taxi,hotel,0.9235723614692688
qwen-nf4-v2,crosswoz-test,crosswoz-7805-12,intent,taxi,restaurant,0.9999611377716064
qwen-nf4-v2,crosswoz-test,crosswoz-10606-12,intent,taxi,restaurant,0.9996645450592041
qwen-nf4-v2,crosswoz-test,crosswoz-10511-8,intent,taxi,hotel,0.9239596128463745
qwen-nf4-v2,crosswoz-test,crosswoz-4433-20,intent,taxi,restaurant,1.0
qwen-nf4-v2,crosswoz-test,crosswoz-11949-20,intent,taxi,restaurant,0.8807918429374695
qwen-nf4-v2,crosswoz-test,crosswoz-386-8,intent,taxi,attraction,0.9947642087936401
qwen-nf4-v2,crosswoz-test,crosswoz-10038-10,intent,taxi,attraction,0.9999858140945435
qwen-nf4-v2,crosswoz-test,crosswoz-10113-4,intent,taxi,restaurant,0.9999886751174927
qwen-nf4-v2,crosswoz-test,crosswoz-9521-8,intent,taxi,attraction,0.9706814885139465
qwen-nf4-v2,crosswoz-test,crosswoz-8328-20,intent,taxi,hotel,0.9998674392700195
qwen-nf4-v2,crosswoz-test,crosswoz-6613-10,intent,taxi,attraction,0.9968258142471313
qwen-nf4-v2,crosswoz-test,crosswoz-10540-10,intent,taxi,attraction,0.999987006187439
qwen-nf4-v2,crosswoz-test,crosswoz-12334-18,intent,taxi,restaurant,0.9997386336326599
qwen-nf4-v2,crosswoz-test,crosswoz-11754-8,intent,taxi,restaurant,0.9985200762748718
qwen-nf4-v2,crosswoz-test,crosswoz-4738-10,intent,taxi,attraction,0.9973061084747314
qwen-nf4-v2,crosswoz-test,crosswoz-10875-10,intent,taxi,restaurant,0.9995691180229187
qwen-nf4-v2,crosswoz-test,crosswoz-11114-20,intent,taxi,restaurant,0.9966907501220703
qwen-nf4-v2,crosswoz-test,crosswoz-4960-6,intent,metro,attraction,1.0
qwen-nf4-v2,crosswoz-test,crosswoz-7675-16,intent,metro,restaurant,0.9999977350234985
qwen-nf4-v2,crosswoz-test,crosswoz-253-6,intent,metro,attraction,0.9746606349945068
qwen-nf4-v2,crosswoz-test,crosswoz-7198-22,intent,metro,attraction,0.9859240055084229
qwen-nf4-v2,crosswoz-test,crosswoz-1791-8,intent,metro,attraction,0.9996646642684937
qwen-nf4-v2,crosswoz-test,crosswoz-11409-8,intent,metro,attraction,0.9999655485153198
qwen-nf4-v2,crosswoz-test,crosswoz-12061-16,intent,metro,attraction,1.0
qwen-nf4-v2,crosswoz-test,crosswoz-6867-10,intent,metro,restaurant,0.9999994039535522
qwen-nf4-v2,crosswoz-test,crosswoz-8908-10,intent,metro,attraction,0.999717652797699
qwen-nf4-v2,crosswoz-test,crosswoz-12480-12,intent,metro,attraction,0.9999997615814209
qwen-nf4-v2,crosswoz-test,crosswoz-10184-10,intent,metro,restaurant,0.9965662956237793
qwen-nf4-v2,crosswoz-test,crosswoz-10416-8,intent,metro,hotel,0.9999903440475464
qwen-nf4-v2,crosswoz-test,crosswoz-132-16,intent,metro,attraction,0.9999970197677612
qwen-nf4-v2,crosswoz-test,crosswoz-10847-10,intent,metro,hotel,0.7908938527107239
qwen-nf4-v2,crosswoz-test,crosswoz-6877-22,intent,metro,hotel,0.9998859167098999
qwen-nf4-v2,crosswoz-test,crosswoz-7585-18,intent,metro,restaurant,0.9996635913848877
qwen-nf4-v2,crosswoz-test,crosswoz-7297-14,intent,metro,attraction,0.9999545812606812
qwen-nf4-v2,crosswoz-test,crosswoz-443-8,intent,metro,attraction,0.9967819452285767
qwen-nf4-v2,crosswoz-test,crosswoz-1820-12,intent,metro,hotel,0.9769994616508484
qwen-nf4-v2,crosswoz-test,crosswoz-8723-14,intent,metro,restaurant,0.9859094023704529
qwen-nf4-v2,crosswoz-test,crosswoz-10023-12,intent,metro,restaurant,1.0
qwen-nf4-v2,crosswoz-test,crosswoz-8408-12,intent,metro,hotel,0.9999916553497314
qwen-nf4-v2,crosswoz-test,crosswoz-10123-12,intent,metro,attraction,0.9999001026153564
qwen-nf4-v2,crosswoz-test,crosswoz-3184-18,intent,metro,restaurant,0.9999958276748657
qwen-nf4-v2,crosswoz-test,crosswoz-6058-12,intent,metro,restaurant,1.0
qwen-nf4-v2,crosswoz-test,crosswoz-12035-12,intent,metro,restaurant,0.9046276807785034
qwen-nf4-v2,crosswoz-test,crosswoz-12114-12,intent,metro,attraction,0.9999997615814209
qwen-nf4-v2,crosswoz-test,crosswoz-12207-10,intent,metro,hotel,0.999997615814209
qwen-nf4-v2,crosswoz-test,crosswoz-9548-18,intent,metro,restaurant,0.9999998807907104
qwen-nf4-v2,crosswoz-test,crosswoz-10496-16,intent,metro,attraction,0.999975323677063
qwen-nf4-v2,crosswoz-test,crosswoz-7242-12,intent,metro,restaurant,0.9905871748924255
qwen-nf4-v2,crosswoz-test,crosswoz-11475-10,intent,metro,restaurant,0.9241171479225159
qwen-nf4-v2,crosswoz-test,crosswoz-2424-20,intent,metro,hotel,0.5219568610191345
qwen-nf4-v2,crosswoz-test,crosswoz-9219-8,intent,metro,hotel,0.9993897676467896
qwen-nf4-v2,crosswoz-test,crosswoz-8490-8,intent,metro,restaurant,0.9999992847442627
qwen-nf4-v2,crosswoz-test,crosswoz-11292-12,intent,metro,attraction,0.9999958276748657
qwen-nf4-v2,crosswoz-test,crosswoz-10091-10,intent,metro,restaurant,0.9984946250915527
qwen-nf4-v2,crosswoz-test,crosswoz-2467-20,intent,metro,restaurant,0.9999991655349731
qwen-nf4-v2,crosswoz-test,crosswoz-11293-14,intent,attraction,hotel,0.9999008178710938
qwen-nf4-v2,crosswoz-test,crosswoz-10182-6,intent,attraction,restaurant,0.9988300204277039
qwen-nf4-v2,crosswoz-test,crosswoz-133-6,intent,attraction,hotel,0.9770219922065735
qwen-nf4-v2,crosswoz-test,crosswoz-7543-8,intent,attraction,restaurant,0.9975274205207825
qwen-nf4-v2,crosswoz-test,crosswoz-8539-8,intent,attraction,restaurant,0.9933070540428162
qwen-nf4-v2,crosswoz-test,crosswoz-7951-12,intent,attraction,hotel,0.9996521472930908
qwen-nf4-v2,crosswoz-test,crosswoz-9301-4,intent,attraction,restaurant,1.0
qwen-nf4-v2,crosswoz-test,crosswoz-8183-6,intent,attraction,restaurant,0.9046437740325928
qwen-nf4-v2,crosswoz-test,crosswoz-9186-8,intent,attraction,restaurant,0.9999998807907104
qwen-nf4-v2,crosswoz-test,crosswoz-8814-12,intent,attraction,restaurant,0.9999785423278809
qwen-nf4-v2,crosswoz-test,crosswoz-8524-10,intent,attraction,restaurant,1.0
qwen-nf4-v2,crosswoz-test,crosswoz-12101-4,intent,hotel,restaurant,0.9999948740005493
qwen-nf4-v2,crosswoz-test,crosswoz-125-8,intent,hotel,attraction,0.9980612397193909
qwen-nf4-v2,crosswoz-test,crosswoz-9921-6,intent,hotel,restaurant,0.9999998807907104
qwen-nf4-v2,crosswoz-test,crosswoz-221-4,intent,hotel,restaurant,0.9859269857406616
qwen-nf4-v2,crosswoz-test,crosswoz-12126-4,intent,hotel,attraction,0.9914180040359497
qwen-nf4-v2,crosswoz-test,crosswoz-8181-10,intent,hotel,attraction,1.0
qwen-nf4-v2,crosswoz-test,crosswoz-11034-12,intent,hotel,attraction,1.0
qwen-nf4-v2,crosswoz-test,crosswoz-8111-12,intent,hotel,restaurant,0.9398077130317688
qwen-nf4-v2,crosswoz-test,crosswoz-8226-8,intent,hotel,attraction,0.9957273006439209
qwen-nf4-v2,crosswoz-test,crosswoz-8404-2,intent,hotel,attraction,0.9999963045120239
qwen-nf4-v2,crosswoz-test,crosswoz-8696-10,intent,restaurant,attraction,0.9975209832191467
qwen-nf4-v2,crosswoz-test,crosswoz-364-4,intent,restaurant,hotel,0.9999991655349731
qwen-nf4-v2,massive-test,massive-test-0,intent,alarm_set,alarm_query,0.9157202243804932
qwen-nf4-v2,massive-test,massive-test-3,intent,audio_volume_mute,iot_wemo_on,0.8947514295578003
qwen-nf4-v2,massive-test,massive-test-8,intent,iot_hue_lightchange,recommendation_locations,0.5620194673538208
qwen-nf4-v2,massive-test,massive-test-14,intent,iot_hue_lighton,iot_hue_lightdim,0.9936749339103699
qwen-nf4-v2,massive-test,massive-test-27,intent,iot_cleaning,music_dislikeness,0.9996234178543091
qwen-nf4-v2,massive-test,massive-test-31,intent,iot_cleaning,music_dislikeness,0.3586607873439789
qwen-nf4-v2,massive-test,massive-test-41,intent,general_quirky,iot_hue_lightchange,0.9630464911460876
qwen-nf4-v2,massive-test,massive-test-47,intent,datetime_query,datetime_convert,0.6583466529846191
qwen-nf4-v2,massive-test,massive-test-61,intent,alarm_query,iot_hue_lighton,0.8411325216293335
qwen-nf4-v2,massive-test,massive-test-89,intent,takeaway_order,music_settings,0.6831408739089966
qwen-nf4-v2,massive-test,massive-test-151,intent,play_music,music_dislikeness,0.9795433878898621
qwen-nf4-v2,massive-test,massive-test-169,intent,takeaway_query,takeaway_order,0.9950827360153198
qwen-nf4-v2,massive-test,massive-test-170,intent,takeaway_query,takeaway_order,0.9609085917472839
qwen-nf4-v2,massive-test,massive-test-171,intent,takeaway_query,takeaway_order,0.9979002475738525
qwen-nf4-v2,massive-test,massive-test-197,intent,datetime_query,iot_hue_lighton,0.7557778358459473
qwen-nf4-v2,massive-test,massive-test-250,intent,play_music,music_likeness,0.9984952211380005
qwen-nf4-v2,massive-test,massive-test-258,intent,audio_volume_up,music_dislikeness,0.7767128944396973
qwen-nf4-v2,massive-test,massive-test-261,intent,audio_volume_up,iot_wemo_on,0.9993079900741577
qwen-nf4-v2,massive-test,massive-test-281,intent,news_query,qa_currency,0.9999784231185913
qwen-nf4-v2,massive-test,massive-test-315,intent,audio_volume_mute,iot_wemo_on,0.9890055060386658
qwen-nf4-v2,massive-test,massive-test-317,intent,audio_volume_mute,general_greet,0.9868590831756592
qwen-nf4-v2,massive-test,massive-test-329,intent,play_music,music_dislikeness,0.5645480751991272
qwen-nf4-v2,massive-test,massive-test-366,intent,news_query,calendar_query,0.9801871180534363
qwen-nf4-v2,massive-test,massive-test-379,intent,music_likeness,play_music,0.9888144135475159
qwen-nf4-v2,massive-test,massive-test-385,intent,news_query,calendar_query,0.494597852230072
qwen-nf4-v2,massive-test,massive-test-399,intent,alarm_remove,lists_remove,0.8117527961730957
qwen-nf4-v2,massive-test,massive-test-400,intent,play_music,play_audiobook,0.7728747129440308
qwen-nf4-v2,massive-test,massive-test-437,intent,play_music,iot_hue_lighton,0.5492879748344421
qwen-nf4-v2,massive-test,massive-test-451,intent,news_query,qa_stock,0.9999998807907104
qwen-nf4-v2,massive-test,massive-test-473,intent,play_music,music_dislikeness,0.8099352717399597
qwen-nf4-v2,massive-test,massive-test-475,intent,general_quirky,lists_query,0.4386484622955322
qwen-nf4-v2,massive-test,massive-test-486,intent,datetime_query,datetime_convert,0.347185879945755
qwen-nf4-v2,massive-test,massive-test-506,intent,play_music,music_likeness,0.8775127530097961
qwen-nf4-v2,massive-test,massive-test-512,intent,weather_query,lists_query,0.500990092754364
qwen-nf4-v2,massive-test,massive-test-525,intent,takeaway_query,takeaway_order,0.9943895936012268
qwen-nf4-v2,massive-test,massive-test-555,intent,play_music,music_likeness,0.5577929019927979
qwen-nf4-v2,massive-test,massive-test-585,intent,news_query,calendar_query,0.30341172218322754
qwen-nf4-v2,massive-test,massive-test-608,intent,audio_volume_up,lists_createoradd,0.6188779473304749
qwen-nf4-v2,massive-test,massive-test-631,intent,news_query,alarm_set,0.9488746523857117
qwen-nf4-v2,massive-test,massive-test-680,intent,news_query,qa_stock,0.9999997615814209
qwen-nf4-v2,massive-test,massive-test-686,intent,datetime_query,datetime_convert,0.5228481888771057
qwen-nf4-v2,massive-test,massive-test-751,intent,audio_volume_mute,music_dislikeness,0.7920225858688354
qwen-nf4-v2,massive-test,massive-test-767,intent,news_query,lists_query,0.39223212003707886
qwen-nf4-v2,massive-test,massive-test-779,intent,play_music,music_likeness,0.9992915391921997
qwen-nf4-v2,massive-test,massive-test-783,intent,play_music,music_likeness,0.6791171431541443
qwen-nf4-v2,massive-test,massive-test-796,intent,alarm_query,alarm_set,0.9522556066513062
qwen-nf4-v2,massive-test,massive-test-804,intent,audio_volume_mute,lists_createoradd,0.5043383240699768
qwen-nf4-v2,massive-test,massive-test-837,intent,news_query,play_radio,0.9996216297149658
qwen-nf4-v2,massive-test,massive-test-861,intent,alarm_query,alarm_set,0.9525719881057739
qwen-nf4-v2,massive-test,massive-test-862,intent,alarm_query,alarm_set,0.991588294506073
qwen-nf4-v2,massive-test,massive-test-870,intent,music_likeness,music_dislikeness,0.9004957675933838
qwen-nf4-v2,massive-test,massive-test-940,intent,alarm_set,alarm_query,0.9889909029006958
qwen-nf4-v2,massive-test,massive-test-967,intent,takeaway_query,takeaway_order,0.996742308139801
qwen-nf4-v2,massive-test,massive-test-974,intent,datetime_query,datetime_convert,0.28305912017822266
qwen-nf4-v2,massive-test,massive-test-1014,intent,datetime_query,play_audiobook,0.3848274052143097
qwen-nf4-v2,massive-test,massive-test-1042,intent,takeaway_order,alarm_query,0.7972277402877808
qwen-nf4-v2,massive-test,massive-test-1047,intent,play_music,music_likeness,0.987846314907074
qwen-nf4-v2,massive-test,massive-test-1048,intent,audio_volume_down,iot_wemo_on,0.9975231289863586
qwen-nf4-v2,massive-test,massive-test-1065,intent,audio_volume_other,audio_volume_down,0.9305853247642517
qwen-nf4-v2,massive-test,massive-test-1071,intent,iot_hue_lightup,iot_hue_lighton,0.9999995231628418
qwen-nf4-v2,massive-test,massive-test-1084,intent,news_query,lists_query,0.5395370125770569
qwen-nf4-v2,massive-test,massive-test-1108,intent,play_music,music_likeness,0.9041691422462463
qwen-nf4-v2,massive-test,massive-test-1115,intent,play_music,music_likeness,0.5610300898551941
qwen-nf4-v2,massive-test,massive-test-1120,intent,news_query,calendar_query,0.8346897959709167
qwen-nf4-v2,massive-test,massive-test-1124,intent,play_music,music_likeness,0.7018488049507141
qwen-nf4-v2,massive-test,massive-test-1144,intent,play_music,music_likeness,0.7303735017776489
qwen-nf4-v2,massive-test,massive-test-1148,intent,datetime_query,datetime_convert,0.5831153988838196
qwen-nf4-v2,massive-test,massive-test-1156,intent,news_query,calendar_query,0.9502343535423279
qwen-nf4-v2,massive-test,massive-test-1202,intent,datetime_query,datetime_convert,0.6182118058204651
qwen-nf4-v2,massive-test,massive-test-1238,intent,play_music,music_dislikeness,0.6321377158164978
qwen-nf4-v2,massive-test,massive-test-1249,intent,weather_query,calendar_query,0.27335241436958313
qwen-nf4-v2,massive-test,massive-test-1294,intent,news_query,lists_query,0.6389124989509583
qwen-nf4-v2,massive-test,massive-test-1300,intent,audio_volume_up,iot_wemo_off,0.8129953742027283
qwen-nf4-v2,massive-test,massive-test-1352,intent,audio_volume_down,iot_wemo_on,0.9768710732460022
qwen-nf4-v2,massive-test,massive-test-1400,intent,weather_query,music_dislikeness,0.43849021196365356
qwen-nf4-v2,massive-test,massive-test-1401,intent,weather_query,lists_query,0.308133602142334
qwen-nf4-v2,massive-test,massive-test-1423,intent,news_query,general_quirky,0.5937262773513794
qwen-nf4-v2,massive-test,massive-test-1440,intent,play_music,music_likeness,0.7304747104644775
qwen-nf4-v2,massive-test,massive-test-1452,intent,alarm_remove,iot_hue_lightup,0.9398011565208435
qwen-nf4-v2,massive-test,massive-test-1483,intent,alarm_query,iot_hue_lighton,0.6025497913360596
qwen-nf4-v2,massive-test,massive-test-1509,intent,audio_volume_mute,audio_volume_down,0.5271317362785339
qwen-nf4-v2,massive-test,massive-test-1510,intent,audio_volume_mute,audio_volume_down,0.572966456413269
qwen-nf4-v2,massive-test,massive-test-1607,intent,datetime_query,weather_query,0.673977792263031
qwen-nf4-v2,massive-test,massive-test-1617,intent,news_query,lists_query,0.6379900574684143
qwen-nf4-v2,massive-test,massive-test-1639,intent,audio_volume_down,iot_wemo_on,0.9959297776222229
qwen-nf4-v2,massive-test,massive-test-1675,intent,alarm_remove,iot_hue_lightup,0.9714152812957764
qwen-nf4-v2,massive-test,massive-test-1677,intent,music_query,play_music,0.8030598163604736
qwen-nf4-v2,massive-test,massive-test-1692,intent,play_music,music_likeness,0.9881850481033325
qwen-nf4-v2,massive-test,massive-test-1710,intent,music_settings,play_music,0.994450569152832
qwen-nf4-v2,massive-test,massive-test-1715,intent,audio_volume_down,iot_wemo_on,0.8519486784934998
qwen-nf4-v2,massive-test,massive-test-1744,intent,music_likeness,general_greet,0.9548190832138062
qwen-nf4-v2,massive-test,massive-test-1759,intent,news_query,lists_query,0.3463473320007324
qwen-nf4-v2,massive-test,massive-test-1794,intent,news_query,calendar_query,0.9207042455673218
qwen-nf4-v2,massive-test,massive-test-1803,intent,news_query,lists_query,0.9366188049316406
qwen-nf4-v2,massive-test,massive-test-1804,intent,iot_hue_lightup,iot_hue_lightchange,0.5596491694450378
qwen-nf4-v2,massive-test,massive-test-1808,intent,music_query,calendar_query,0.4310356378555298
qwen-nf4-v2,massive-test,massive-test-1830,intent,takeaway_order,music_settings,0.6327695250511169
qwen-nf4-v2,massive-test,massive-test-1874,intent,music_likeness,play_music,0.9911200404167175
qwen-nf4-v2,massive-test,massive-test-1904,intent,news_query,lists_query,0.7722834348678589
qwen-nf4-v2,massive-test,massive-test-1913,intent,alarm_set,iot_hue_lighton,0.5224761366844177
qwen-nf4-v2,massive-test,massive-test-1993,intent,iot_hue_lightup,iot_hue_lighton,0.9999998807907104
qwen-nf4-v2,massive-test,massive-test-1994,intent,play_music,lists_query,0.6318899989128113
qwen-nf4-v2,massive-test,massive-test-2030,intent,music_query,play_music,0.987636387348175
qwen-nf4-v2,massive-test,massive-test-2035,intent,takeaway_query,cooking_recipe,0.9325151443481445
qwen-nf4-v2,massive-test,massive-test-2062,intent,play_music,music_likeness,0.9962563514709473
qwen-nf4-v2,massive-test,massive-test-2075,intent,iot_hue_lightup,iot_hue_lightchange,0.7969537973403931
qwen-nf4-v2,massive-test,massive-test-2085,intent,play_music,music_settings,0.9980255365371704
qwen-nf4-v2,massive-test,massive-test-2113,intent,recommendation_events,lists_query,0.38535076379776
qwen-nf4-v2,massive-test,massive-test-2134,intent,alarm_set,iot_hue_lighton,0.9108363389968872
qwen-nf4-v2,massive-test,massive-test-2160,intent,iot_hue_lightoff,general_greet,0.3847745358943939
qwen-nf4-v2,massive-test,massive-test-2164,intent,takeaway_query,iot_hue_lighton,0.5592368245124817
qwen-nf4-v2,massive-test,massive-test-2165,intent,takeaway_query,cooking_query,0.9889660477638245
qwen-nf4-v2,massive-test,massive-test-2167,intent,alarm_set,alarm_query,0.7645180225372314
qwen-nf4-v2,massive-test,massive-test-2174,intent,music_query,music_likeness,0.5127293467521667
qwen-nf4-v2,massive-test,massive-test-2205,intent,audio_volume_mute,iot_wemo_on,0.9700642228126526
qwen-nf4-v2,massive-test,massive-test-2206,intent,audio_volume_mute,iot_wemo_on,0.45880404114723206
qwen-nf4-v2,massive-test,massive-test-2207,intent,audio_volume_mute,iot_wemo_on,0.9968273043632507
qwen-nf4-v2,massive-test,massive-test-2208,intent,general_quirky,iot_hue_lighton,0.7877377867698669
qwen-nf4-v2,massive-test,massive-test-2234,intent,iot_hue_lightup,iot_hue_lighton,0.9992202520370483
qwen-nf4-v2,massive-test,massive-test-2258,intent,weather_query,calendar_query,0.4505147933959961
qwen-nf4-v2,massive-test,massive-test-2264,intent,iot_hue_lightup,iot_hue_lightchange,0.9980732202529907
qwen-nf4-v2,massive-test,massive-test-2296,intent,news_query,lists_query,0.8591905236244202
qwen-nf4-v2,massive-test,massive-test-2309,intent,datetime_convert,datetime_query,0.6782412528991699
qwen-nf4-v2,massive-test,massive-test-2311,intent,iot_hue_lightdim,iot_hue_lighton,0.6425938606262207
qwen-nf4-v2,massive-test,massive-test-2330,intent,datetime_query,datetime_convert,0.9988142251968384
qwen-nf4-v2,massive-test,massive-test-2365,intent,music_query,play_radio,0.9996750354766846
qwen-nf4-v2,massive-test,massive-test-2384,intent,news_query,music_dislikeness,0.46685823798179626
qwen-nf4-v2,massive-test,massive-test-2386,intent,news_query,calendar_query,0.9056435823440552
qwen-nf4-v2,massive-test,massive-test-2400,intent,music_likeness,music_dislikeness,0.9999980926513672
qwen-nf4-v2,massive-test,massive-test-2403,intent,iot_hue_lightup,recommendation_locations,0.8113107085227966
qwen-nf4-v2,massive-test,massive-test-2408,intent,play_music,music_query,0.7293030619621277
qwen-nf4-v2,massive-test,massive-test-2412,intent,datetime_query,datetime_convert,0.9984371066093445
qwen-nf4-v2,massive-test,massive-test-2414,intent,takeaway_order,news_query,0.8375976085662842
qwen-nf4-v2,massive-test,massive-test-2447,intent,takeaway_order,cooking_recipe,0.7299098968505859
qwen-nf4-v2,massive-test,massive-test-2451,intent,datetime_convert,iot_hue_lighton,0.743520200252533
qwen-nf4-v2,massive-test,massive-test-2605,intent,play_music,music_likeness,0.8174414038658142
qwen-nf4-v2,massive-test,massive-test-2610,intent,takeaway_query,takeaway_order,0.9962561130523682
qwen-nf4-v2,massive-test,massive-test-2615,intent,weather_query,calendar_query,0.923235297203064
qwen-nf4-v2,massive-test,massive-test-2647,intent,music_settings,music_likeness,0.8140217661857605
qwen-nf4-v2,massive-test,massive-test-2673,intent,alarm_query,alarm_set,0.997977077960968
qwen-nf4-v2,massive-test,massive-test-2704,intent,play_music,music_likeness,0.9994243383407593
qwen-nf4-v2,massive-test,massive-test-2708,intent,play_music,music_likeness,0.874056339263916
qwen-nf4-v2,massive-test,massive-test-2709,intent,play_music,music_likeness,0.9861047863960266
qwen-nf4-v2,massive-test,massive-test-2717,intent,play_music,music_likeness,0.6218308210372925
qwen-nf4-v2,massive-test,massive-test-2780,intent,music_likeness,music_query,0.9958231449127197
qwen-nf4-v2,massive-test,massive-test-2796,intent,audio_volume_mute,iot_wemo_on,0.7770357728004456
qwen-nf4-v2,massive-test,massive-test-2798,intent,play_music,music_dislikeness,0.9973188042640686
qwen-nf4-v2,massive-test,massive-test-2801,intent,datetime_query,datetime_convert,0.8167531490325928
qwen-nf4-v2,massive-test,massive-test-2816,intent,iot_hue_lightchange,iot_hue_lightdim,0.9992893934249878
qwen-nf4-v2,massive-test,massive-test-2850,intent,takeaway_query,iot_hue_lightup,0.44267037510871887
qwen-nf4-v2,massive-test,massive-test-2859,intent,datetime_query,alarm_query,0.26888611912727356
qwen-nf4-v2,massive-test,massive-test-2887,intent,news_query,weather_query,0.9998551607131958
qwen-nf4-v2,massive-test,massive-test-2898,intent,news_query,calendar_query,0.8676924705505371
qwen-nf4-v2,massive-test,massive-test-2927,intent,datetime_query,iot_hue_lighton,0.6456564664840698
qwen-nf4-v2,massive-test,massive-test-2983,intent,alarm_remove,iot_hue_lightup,0.6726526618003845
qwen-nf4-v2,massive-test,massive-test-3008,intent,iot_hue_lightup,iot_hue_lighton,1.0
qwen-nf4-v2,massive-test,massive-test-3011,intent,iot_hue_lightup,iot_hue_lighton,0.8308282494544983
qwen-nf4-v2,massive-test,massive-test-3021,intent,takeaway_query,news_query,0.4206295311450958
qwen-nf4-v2,massive-test,massive-test-3060,intent,news_query,lists_query,0.6440930962562561
qwen-nf4-v2,massive-test,massive-test-3080,intent,takeaway_order,music_dislikeness,0.6255976557731628
qwen-nf4-v2,massive-test,massive-test-3091,intent,datetime_query,datetime_convert,0.9989967942237854
qwen-nf4-v2,massive-test,massive-test-3101,intent,news_query,play_radio,0.9991675615310669
qwen-nf4-v2,massive-test,massive-test-3118,intent,datetime_query,datetime_convert,0.999870777130127
qwen-nf4-v2,massive-test,massive-test-3127,intent,general_quirky,weather_query,0.9692780375480652
qwen-nf4-v2,massive-test,massive-test-3128,intent,general_quirky,weather_query,0.8568800687789917
qwen-nf4-v2,massive-test,massive-test-3175,intent,audio_volume_mute,audio_volume_down,0.49930691719055176
qwen-nf4-v2,massive-test,massive-test-3184,intent,iot_wemo_on,lists_query,0.43604782223701477
qwen-nf4-v2,massive-test,massive-test-3193,intent,music_likeness,music_dislikeness,0.8907063007354736
qwen-nf4-v2,massive-test,massive-test-3204,intent,music_likeness,music_dislikeness,0.999998927116394
qwen-nf4-v2,massive-test,massive-test-3207,intent,play_music,music_dislikeness,0.9996254444122314
qwen-nf4-v2,massive-test,massive-test-3212,intent,calendar_set,lists_query,0.7462888360023499
qwen-nf4-v2,massive-test,massive-test-3214,intent,news_query,lists_query,0.9486913681030273
qwen-nf4-v2,massive-test,massive-test-3276,intent,takeaway_query,takeaway_order,0.954009473323822
qwen-nf4-v2,massive-test,massive-test-3305,intent,weather_query,calendar_query,0.9799121022224426
qwen-nf4-v2,massive-test,massive-test-3337,intent,weather_query,lists_query,0.28076037764549255
qwen-nf4-v2,massive-test,massive-test-3349,intent,audio_volume_up,calendar_query,0.752810537815094
qwen-nf4-v2,massive-test,massive-test-3364,intent,general_joke,iot_hue_lighton,0.5498301982879639
qwen-nf4-v2,massive-test,massive-test-3386,intent,iot_hue_lightoff,iot_hue_lightdim,0.35828205943107605
qwen-nf4-v2,massive-test,massive-test-3413,intent,takeaway_query,takeaway_order,0.9995424747467041
qwen-nf4-v2,massive-test,massive-test-3433,intent,play_music,music_likeness,0.9547703862190247
qwen-nf4-v2,massive-test,massive-test-3434,intent,play_music,music_likeness,0.9299154281616211
qwen-nf4-v2,massive-test,massive-test-3435,intent,alarm_remove,lists_remove,0.8775783181190491
qwen-nf4-v2,massive-test,massive-test-3444,intent,datetime_query,alarm_query,0.9366965293884277
qwen-nf4-v2,massive-test,massive-test-3474,intent,audio_volume_down,iot_wemo_on,0.9886671900749207
qwen-nf4-v2,massive-test,massive-test-3486,intent,audio_volume_down,music_dislikeness,0.8167775869369507
qwen-nf4-v2,massive-test,massive-test-3546,intent,play_music,music_likeness,0.999970555305481
qwen-nf4-v2,massive-test,massive-test-3562,intent,play_music,lists_query,0.5417220592498779
qwen-nf4-v2,massive-test,massive-test-3566,intent,datetime_query,datetime_convert,0.5228481888771057
qwen-nf4-v2,massive-test,massive-test-3581,intent,audio_volume_mute,audio_volume_down,0.49992871284484863
qwen-nf4-v2,massive-test,massive-test-3582,intent,audio_volume_mute,iot_wemo_on,0.8777669668197632
qwen-nf4-v2,massive-test,massive-test-3590,intent,audio_volume_up,music_dislikeness,0.9093694090843201
qwen-nf4-v2,massive-test,massive-test-3598,intent,general_quirky,general_greet,0.9977520108222961
qwen-nf4-v2,massive-test,massive-test-3600,intent,calendar_set,alarm_set,0.7228524088859558
qwen-nf4-v2,massive-test,massive-test-3606,intent,datetime_query,datetime_convert,0.9998645782470703
qwen-nf4-v2,massive-test,massive-test-3623,intent,news_query,music_dislikeness,0.6419410109519958
qwen-nf4-v2,massive-test,massive-test-3654,intent,music_query,music_likeness,0.9975681900978088
qwen-nf4-v2,massive-test,massive-test-3671,intent,takeaway_query,takeaway_order,0.9988030195236206
qwen-nf4-v2,massive-test,massive-test-3683,intent,music_likeness,music_query,0.7628864049911499
qwen-nf4-v2,massive-test,massive-test-3700,intent,iot_hue_lightchange,iot_hue_lightdim,0.564656138420105
qwen-nf4-v2,massive-test,massive-test-3723,intent,play_music,music_likeness,0.935341477394104
qwen-nf4-v2,massive-test,massive-test-3750,intent,news_query,music_dislikeness,0.5450018644332886
qwen-nf4-v2,massive-test,massive-test-3761,intent,alarm_set,alarm_query,0.5813096761703491
qwen-nf4-v2,massive-test,massive-test-3762,intent,iot_hue_lightup,iot_hue_lighton,0.8124372363090515
qwen-nf4-v2,massive-test,massive-test-3809,intent,audio_volume_down,iot_wemo_on,0.9975231289863586
qwen-nf4-v2,massive-test,massive-test-3812,intent,audio_volume_mute,audio_volume_down,0.5147122740745544
qwen-nf4-v2,massive-test,massive-test-3819,intent,music_likeness,music_dislikeness,0.9999082088470459
qwen-nf4-v2,massive-test,massive-test-3822,intent,news_query,lists_query,0.5345626473426819
qwen-nf4-v2,massive-test,massive-test-3837,intent,audio_volume_mute,iot_wemo_on,0.7430593371391296
qwen-nf4-v2,massive-test,massive-test-3838,intent,audio_volume_mute,audio_volume_down,0.49992871284484863
qwen-nf4-v2,massive-test,massive-test-3883,intent,iot_hue_lightup,iot_hue_lighton,0.7923239469528198
qwen-nf4-v2,massive-test,massive-test-3894,intent,play_audiobook,calendar_query,0.44804656505584717
qwen-nf4-v2,massive-test,massive-test-3911,intent,play_music,music_query,0.9626728296279907
qwen-nf4-v2,massive-test,massive-test-3912,intent,play_music,music_likeness,0.9990062117576599
qwen-nf4-v2,massive-test,massive-test-3960,intent,datetime_query,iot_hue_lighton,0.5137997269630432
qwen-nf4-v2,massive-test,massive-test-3967,intent,play_music,music_likeness,0.8954712152481079
qwen-nf4-v2,massive-test,massive-test-3982,intent,play_music,music_query,0.9186217188835144
qwen-nf4-v2,massive-test,massive-test-3995,intent,datetime_query,calendar_query,0.9890828132629395
qwen-nf4-v2,massive-test,massive-test-4001,intent,news_query,lists_query,0.5154041647911072
qwen-nf4-v2,massive-test,massive-test-4024,intent,iot_wemo_off,iot_hue_lighton,0.31955817341804504
qwen-nf4-v2,massive-test,massive-test-4026,intent,iot_wemo_off,lists_query,0.20974020659923553
qwen-nf4-v2,massive-test,massive-test-4048,intent,takeaway_query,takeaway_order,0.9995090961456299
qwen-nf4-v2,massive-test,massive-test-4058,intent,play_music,music_likeness,0.7309194207191467
qwen-nf4-v2,massive-test,massive-test-4073,intent,datetime_query,calendar_query,0.7288857698440552
qwen-nf4-v2,massive-test,massive-test-4119,intent,news_query,lists_query,0.7821981906890869
qwen-nf4-v2,massive-test,massive-test-4125,intent,takeaway_query,cooking_recipe,0.9204260110855103
qwen-nf4-v2,massive-test,massive-test-4136,intent,play_music,music_likeness,0.6204003691673279
qwen-nf4-v2,massive-test,massive-test-4137,intent,takeaway_query,takeaway_order,0.9518303871154785
qwen-nf4-v2,massive-test,massive-test-4145,intent,alarm_query,alarm_set,0.8069634437561035
qwen-nf4-v2,massive-test,massive-test-4152,intent,play_music,music_dislikeness,0.995381772518158
qwen-nf4-v2,massive-test,massive-test-4154,intent,iot_wemo_off,alarm_set,0.3452763855457306
qwen-nf4-v2,massive-test,massive-test-4155,intent,audio_volume_other,iot_wemo_on,0.8518974781036377
qwen-nf4-v2,massive-test,massive-test-4166,intent,audio_volume_other,audio_volume_up,0.9473513960838318
qwen-nf4-v2,massive-test,massive-test-4178,intent,news_query,calendar_query,0.9872509241104126
qwen-nf4-v2,massive-test,massive-test-4186,intent,datetime_query,alarm_query,0.858928382396698
qwen-nf4-v2,massive-test,massive-test-4189,intent,music_query,music_dislikeness,0.9998121857643127
qwen-nf4-v2,massive-test,massive-test-4201,intent,iot_wemo_on,iot_cleaning,0.9820080995559692
qwen-nf4-v2,massive-test,massive-test-4205,intent,play_music,music_likeness,0.9991562366485596
qwen-nf4-v2,massive-test,massive-test-4212,intent,weather_query,iot_cleaning,0.2655740976333618
qwen-nf4-v2,massive-test,massive-test-4224,intent,takeaway_query,takeaway_order,0.9501826763153076
qwen-nf4-v2,massive-test,massive-test-4236,intent,datetime_query,general_greet,0.9988969564437866
qwen-nf4-v2,massive-test,massive-test-4241,intent,audio_volume_mute,music_dislikeness,0.4884231388568878
qwen-nf4-v2,massive-test,massive-test-4253,intent,datetime_query,datetime_convert,0.9995236396789551
qwen-nf4-v2,massive-test,massive-test-4254,intent,datetime_query,datetime_convert,0.9866964221000671
qwen-nf4-v2,massive-test,massive-test-4258,intent,news_query,calendar_query,0.8283582925796509
qwen-nf4-v2,massive-test,massive-test-4268,intent,music_settings,play_music,0.5720850825309753
qwen-nf4-v2,massive-test,massive-test-4273,intent,play_music,music_dislikeness,0.8340606093406677
qwen-nf4-v2,massive-test,massive-test-4290,intent,weather_query,calendar_query,0.9056386947631836
qwen-nf4-v2,massive-test,massive-test-4309,intent,datetime_query,datetime_convert,0.30498671531677246
qwen-nf4-v2,massive-test,massive-test-4336,intent,datetime_query,iot_hue_lighton,0.2494187206029892
qwen-nf4-v2,massive-test,massive-test-4361,intent,play_music,music_likeness,0.9958198070526123
qwen-nf4-v2,massive-test,massive-test-4362,intent,datetime_query,datetime_convert,0.28305912017822266
qwen-nf4-v2,massive-test,massive-test-4436,intent,weather_query,lists_query,0.293024480342865
qwen-nf4-v2,massive-test,massive-test-4461,intent,takeaway_query,cooking_query,0.7085472941398621
qwen-nf4-v2,massive-test,massive-test-4482,intent,weather_query,music_dislikeness,0.2700910270214081
qwen-nf4-v2,massive-test,massive-test-4491,intent,news_query,lists_query,0.9154333472251892
qwen-nf4-v2,massive-test,massive-test-4492,intent,news_query,weather_query,0.792344331741333
qwen-nf4-v2,massive-test,massive-test-4496,intent,news_query,music_query,0.9744151830673218
qwen-nf4-v2,massive-test,massive-test-4502,intent,datetime_query,calendar_query,0.23252172768115997
qwen-nf4-v2,massive-test,massive-test-4550,intent,music_likeness,music_dislikeness,0.8158788681030273
qwen-nf4-v2,massive-test,massive-test-4580,intent,datetime_query,alarm_query,0.32869046926498413
qwen-nf4-v2,massive-test,massive-test-4587,intent,play_music,music_likeness,0.6791064739227295
qwen-nf4-v2,massive-test,massive-test-4589,intent,calendar_set,alarm_set,0.8603444695472717
qwen-nf4-v2,massive-test,massive-test-4601,intent,alarm_set,alarm_query,0.28947556018829346
qwen-nf4-v2,massive-test,massive-test-4606,intent,news_query,qa_stock,0.9999996423721313
qwen-nf4-v2,massive-test,massive-test-4638,intent,audio_volume_other,audio_volume_down,0.5523403286933899
qwen-nf4-v2,massive-test,massive-test-4659,intent,audio_volume_mute,music_dislikeness,0.9681545495986938
qwen-nf4-v2,massive-test,massive-test-4680,intent,weather_query,calendar_query,0.3529270887374878
qwen-nf4-v2,massive-test,massive-test-4702,intent,audio_volume_up,lists_query,0.6416680812835693
qwen-nf4-v2,massive-test,massive-test-4712,intent,alarm_remove,music_dislikeness,0.9675868153572083
qwen-nf4-v2,massive-test,massive-test-4767,intent,news_query,qa_maths,0.641697108745575
qwen-nf4-v2,massive-test,massive-test-4772,intent,datetime_query,datetime_convert,0.9979495406150818
qwen-nf4-v2,massive-test,massive-test-4784,intent,weather_query,music_dislikeness,0.6353940963745117
qwen-nf4-v2,massive-test,massive-test-4799,intent,iot_wemo_on,iot_wemo_off,0.6791595816612244
qwen-nf4-v2,massive-test,massive-test-4813,intent,datetime_query,datetime_convert,0.9943901896476746
qwen-nf4-v2,massive-test,massive-test-4833,intent,audio_volume_mute,alarm_remove,0.4984596371650696
qwen-nf4-v2,massive-test,massive-test-4837,intent,news_query,general_greet,0.9974614381790161
qwen-nf4-v2,massive-test,massive-test-4854,intent,audio_volume_mute,audio_volume_down,0.49992871284484863
qwen-nf4-v2,massive-test,massive-test-4874,intent,music_likeness,iot_hue_lighton,0.5805186033248901
qwen-nf4-v2,massive-test,massive-test-4881,intent,datetime_query,datetime_convert,0.9988017082214355
qwen-nf4-v2,massive-test,massive-test-4887,intent,music_likeness,music_dislikeness,0.5612857937812805
qwen-nf4-v2,massive-test,massive-test-4890,intent,calendar_set,weather_query,0.9997387528419495
qwen-nf4-v2,massive-test,massive-test-4930,intent,alarm_set,alarm_query,0.9274455904960632
qwen-nf4-v2,massive-test,massive-test-4955,intent,iot_hue_lightchange,calendar_query,0.5991867780685425
qwen-nf4-v2,massive-test,massive-test-4960,intent,play_music,music_likeness,0.8807488679885864
qwen-nf4-v2,massive-test,massive-test-4968,intent,qa_factoid,lists_query,0.5773926973342896
qwen-nf4-v2,massive-test,massive-test-4985,intent,music_likeness,music_query,0.8078654408454895
qwen-nf4-v2,massive-test,massive-test-4994,intent,audio_volume_mute,iot_wemo_on,0.7278242111206055
qwen-nf4-v2,massive-test,massive-test-5009,intent,weather_query,calendar_query,0.6040406227111816
qwen-nf4-v2,massive-test,massive-test-5010,intent,iot_coffee,iot_hue_lighton,0.2817226052284241
qwen-nf4-v2,massive-test,massive-test-5016,intent,news_query,qa_stock,0.9999998807907104
qwen-nf4-v2,massive-test,massive-test-5017,intent,iot_coffee,cooking_query,0.930441677570343
qwen-nf4-v2,massive-test,massive-test-5047,intent,iot_hue_lightdim,iot_hue_lightoff,0.9998393058776855
qwen-nf4-v2,massive-test,massive-test-5050,intent,iot_wemo_off,calendar_query,0.5250198841094971
qwen-nf4-v2,massive-test,massive-test-5116,intent,alarm_remove,music_dislikeness,0.9998936653137207
qwen-nf4-v2,massive-test,massive-test-5118,intent,play_music,music_dislikeness,0.5645480751991272
qwen-nf4-v2,massive-test,massive-test-5127,intent,news_query,qa_factoid,0.8944306373596191
qwen-nf4-v2,massive-test,massive-test-5128,intent,transport_ticket,lists_query,0.7715134024620056
qwen-nf4-v2,massive-test,massive-test-5131,intent,datetime_query,datetime_convert,0.9997265934944153
qwen-nf4-v2,massive-test,massive-test-5152,intent,music_settings,music_dislikeness,0.9999610185623169
qwen-nf4-v2,massive-test,massive-test-5160,intent,play_music,music_likeness,0.5982378125190735
qwen-nf4-v2,massive-test,massive-test-5196,intent,news_query,lists_query,0.5347880125045776
qwen-nf4-v2,massive-test,massive-test-5219,intent,audio_volume_down,iot_wemo_on,0.9988278746604919
qwen-nf4-v2,massive-test,massive-test-5221,intent,audio_volume_mute,iot_wemo_on,0.4580645263195038
qwen-nf4-v2,massive-test,massive-test-5258,intent,music_likeness,play_music,0.8794103264808655
qwen-nf4-v2,massive-test,massive-test-5278,intent,play_music,music_dislikeness,0.9951143264770508
qwen-nf4-v2,massive-test,massive-test-5279,intent,play_music,music_dislikeness,0.9987013339996338
qwen-nf4-v2,massive-test,massive-test-5292,intent,alarm_set,iot_wemo_off,0.6224592924118042
qwen-nf4-v2,massive-test,massive-test-5324,intent,takeaway_query,takeaway_order,0.9976219534873962
qwen-nf4-v2,massive-test,massive-test-5328,intent,play_music,music_dislikeness,0.4998348355293274
qwen-nf4-v2,massive-test,massive-test-5339,intent,weather_query,iot_wemo_on,0.7918244004249573
qwen-nf4-v2,massive-test,massive-test-5341,intent,datetime_query,alarm_query,0.9967689514160156
qwen-nf4-v2,massive-test,massive-test-5358,intent,datetime_query,alarm_query,0.5498138666152954
qwen-nf4-v2,massive-test,massive-test-5370,intent,news_query,calendar_query,0.7523213624954224
qwen-nf4-v2,massive-test,massive-test-5378,intent,play_music,qa_definition,0.9820148944854736
qwen-nf4-v2,massive-test,massive-test-5427,intent,datetime_query,datetime_convert,0.9982960820198059
qwen-nf4-v2,massive-test,massive-test-5439,intent,weather_query,music_dislikeness,0.5213493704795837
qwen-nf4-v2,massive-test,massive-test-5465,intent,weather_query,calendar_query,0.34481239318847656
qwen-nf4-v2,massive-test,massive-test-5468,intent,weather_query,calendar_query,0.5549203753471375
qwen-nf4-v2,massive-test,massive-test-5475,intent,alarm_set,iot_hue_lighton,0.8187903761863708
qwen-nf4-v2,massive-test,massive-test-5481,intent,audio_volume_down,iot_wemo_on,0.9770224094390869
qwen-nf4-v2,massive-test,massive-test-5501,intent,iot_hue_lightup,iot_hue_lighton,0.9999998807907104
qwen-nf4-v2,massive-test,massive-test-5523,intent,datetime_convert,alarm_query,0.7749089002609253
qwen-nf4-v2,massive-test,massive-test-5529,intent,weather_query,general_quirky,0.6839843392372131
qwen-nf4-v2,massive-test,massive-test-5531,intent,music_likeness,music_query,0.9880066514015198
qwen-nf4-v2,massive-test,massive-test-5550,intent,audio_volume_mute,music_dislikeness,0.9907359480857849
qwen-nf4-v2,massive-test,massive-test-5557,intent,play_music,music_likeness,0.999981164932251
qwen-nf4-v2,massive-test,massive-test-5574,intent,iot_hue_lightup,iot_hue_lighton,0.9923376441001892
qwen-nf4-v2,massive-test,massive-test-5579,intent,audio_volume_other,iot_wemo_on,0.3785848021507263
qwen-nf4-v2,massive-test,massive-test-5590,intent,weather_query,iot_hue_lighton,0.9605745077133179
qwen-nf4-v2,massive-test,massive-test-5600,intent,takeaway_query,cooking_recipe,0.9809946417808533
qwen-nf4-v2,massive-test,massive-test-5611,intent,audio_volume_down,iot_wemo_on,0.9980729818344116
qwen-nf4-v2,massive-test,massive-test-5614,intent,music_query,play_radio,0.9998770952224731
qwen-nf4-v2,massive-test,massive-test-5623,intent,alarm_set,alarm_query,0.99750155210495
qwen-nf4-v2,massive-test,massive-test-5661,intent,weather_query,music_dislikeness,0.5234410166740417
qwen-nf4-v2,massive-test,massive-test-5671,intent,datetime_query,datetime_convert,0.40383264422416687
qwen-nf4-v2,massive-test,massive-test-5707,intent,play_music,music_likeness,0.9999858140945435
qwen-nf4-v2,massive-test,massive-test-5727,intent,iot_hue_lightup,iot_hue_lighton,0.6208799481391907
qwen-nf4-v2,massive-test,massive-test-5732,intent,weather_query,music_dislikeness,0.5485670566558838
qwen-nf4-v2,massive-test,massive-test-5757,intent,datetime_query,iot_hue_lighton,0.46724092960357666
qwen-nf4-v2,massive-test,massive-test-5774,intent,datetime_query,iot_hue_lighton,0.4133624732494354
qwen-nf4-v2,massive-test,massive-test-5812,intent,audio_volume_other,alarm_set,0.2995259761810303
qwen-nf4-v2,massive-test,massive-test-5813,intent,play_music,lists_createoradd,0.935938835144043
qwen-nf4-v2,massive-test,massive-test-5820,intent,play_music,music_dislikeness,0.4007883667945862
qwen-nf4-v2,massive-test,massive-test-5823,intent,audio_volume_down,iot_wemo_on,0.9947799444198608
qwen-nf4-v2,massive-test,massive-test-5840,intent,takeaway_order,cooking_recipe,0.7770557999610901
qwen-nf4-v2,massive-test,massive-test-5886,intent,news_query,music_dislikeness,0.44464290142059326
qwen-nf4-v2,massive-test,massive-test-5888,intent,iot_wemo_off,iot_hue_lightoff,0.7366089820861816
qwen-nf4-v2,massive-test,massive-test-5911,intent,music_settings,music_dislikeness,0.8062757849693298
qwen-nf4-v2,massive-test,massive-test-5912,intent,music_settings,music_dislikeness,0.8478701710700989
qwen-nf4-v2,massive-test,massive-test-5919,intent,news_query,lists_query,0.293000727891922
qwen-nf4-v2,massive-test,massive-test-5953,intent,weather_query,calendar_query,0.5209839940071106
qwen-nf4-v2,massive-test,massive-test-5955,intent,weather_query,lists_query,0.7726476192474365
qwen-nf4-v2,massive-test,massive-test-5958,intent,audio_volume_mute,music_dislikeness,0.910804033279419
qwen-nf4-v2,massive-test,massive-test-5966,intent,takeaway_order,cooking_recipe,0.6682246923446655
qwen-nf4-v2,massive-test,massive-test-5974,intent,alarm_query,alarm_set,0.6776552200317383
qwen-nf4-v2,massive-test,massive-test-5996,intent,weather_query,calendar_query,0.45184123516082764
qwen-nf4-v2,massive-test,massive-test-5997,intent,datetime_query,datetime_convert,0.9996668100357056
qwen-nf4-v2,massive-test,massive-test-6013,intent,music_query,play_radio,0.9999805688858032
qwen-nf4-v2,massive-test,massive-test-6023,intent,weather_query,music_dislikeness,0.37585118412971497
qwen-nf4-v2,massive-test,massive-test-6024,intent,weather_query,calendar_query,0.9604551792144775
qwen-nf4-v2,massive-test,massive-test-6025,intent,weather_query,calendar_query,0.7587318420410156
qwen-nf4-v2,massive-test,massive-test-6027,intent,play_music,music_likeness,0.9999872446060181
qwen-nf4-v2,massive-test,massive-test-6045,intent,play_music,music_likeness,0.4982369840145111
qwen-nf4-v2,massive-test,massive-test-6050,intent,weather_query,calendar_query,0.4079272150993347
qwen-nf4-v2,massive-test,massive-test-6055,intent,iot_hue_lightoff,iot_hue_lighton,0.9942293167114258
qwen-nf4-v2,massive-test,massive-test-6064,intent,audio_volume_mute,general_greet,0.8917520642280579
qwen-nf4-v2,massive-test,massive-test-6093,intent,weather_query,iot_hue_lighton,0.8473610281944275
qwen-nf4-v2,massive-test,massive-test-6109,intent,music_likeness,music_dislikeness,0.9611812233924866
qwen-nf4-v2,massive-test,massive-test-6112,intent,takeaway_order,news_query,0.8202856183052063
qwen-nf4-v2,massive-test,massive-test-6118,intent,datetime_query,datetime_convert,0.9959636926651001
qwen-nf4-v2,massive-test,massive-test-6127,intent,weather_query,lists_query,0.7952998876571655
qwen-nf4-v2,massive-test,massive-test-6166,intent,audio_volume_mute,iot_wemo_on,0.8483682870864868
qwen-nf4-v2,massive-test,massive-test-6172,intent,weather_query,general_quirky,0.9597873687744141
qwen-nf4-v2,massive-test,massive-test-6178,intent,weather_query,calendar_query,0.6750088930130005
qwen-nf4-v2,massive-test,massive-test-6181,intent,general_quirky,general_greet,0.9999985694885254
qwen-nf4-v2,massive-test,massive-test-6195,intent,general_quirky,calendar_query,0.6445757746696472
qwen-nf4-v2,massive-test,massive-test-6201,intent,general_quirky,calendar_query,0.2566879689693451
qwen-nf4-v2,massive-test,massive-test-6213,intent,general_quirky,calendar_query,0.9998745918273926
qwen-nf4-v2,massive-test,massive-test-6214,intent,general_quirky,calendar_query,0.9910086989402771
qwen-nf4-v2,massive-test,massive-test-6220,intent,general_quirky,lists_query,0.33630672097206116
qwen-nf4-v2,massive-test,massive-test-6221,intent,general_quirky,lists_query,0.3480570912361145
qwen-nf4-v2,massive-test,massive-test-6227,intent,general_quirky,calendar_query,0.9991412162780762
qwen-nf4-v2,massive-test,massive-test-6229,intent,general_quirky,music_dislikeness,0.9984155893325806
qwen-nf4-v2,massive-test,massive-test-6241,intent,general_quirky,general_greet,0.8989764451980591
qwen-nf4-v2,massive-test,massive-test-6243,intent,general_quirky,music_likeness,0.9999480247497559
qwen-nf4-v2,massive-test,massive-test-6248,intent,general_quirky,lists_query,0.3384494483470917
qwen-nf4-v2,massive-test,massive-test-6267,intent,general_quirky,general_greet,0.9866125583648682
qwen-nf4-v2,massive-test,massive-test-6282,intent,general_quirky,general_greet,0.9999526739120483
qwen-nf4-v2,massive-test,massive-test-6288,intent,general_quirky,music_settings,0.559897243976593
qwen-nf4-v2,massive-test,massive-test-6290,intent,general_quirky,lists_query,0.6757907867431641
qwen-nf4-v2,massive-test,massive-test-6293,intent,general_quirky,general_greet,0.9992226362228394
qwen-nf4-v2,massive-test,massive-test-6294,intent,general_quirky,general_greet,0.9986553192138672
qwen-nf4-v2,massive-test,massive-test-6295,intent,general_quirky,music_dislikeness,0.9996034502983093
qwen-nf4-v2,massive-test,massive-test-6301,intent,general_quirky,general_greet,0.9396267533302307
qwen-nf4-v2,massive-test,massive-test-6304,intent,general_quirky,general_greet,0.9998819828033447
qwen-nf4-v2,massive-test,massive-test-6305,intent,general_quirky,general_greet,0.9990277290344238
qwen-nf4-v2,massive-test,massive-test-6313,intent,general_quirky,general_greet,0.9406824111938477
qwen-nf4-v2,massive-test,massive-test-6319,intent,general_quirky,calendar_query,0.9565216898918152
qwen-nf4-v2,massive-test,massive-test-6322,intent,general_quirky,play_game,0.8300570249557495
qwen-nf4-v2,massive-test,massive-test-6325,intent,general_quirky,music_dislikeness,0.9997193217277527
qwen-nf4-v2,massive-test,massive-test-6331,intent,general_quirky,music_likeness,0.548614501953125
qwen-nf4-v2,massive-test,massive-test-6337,intent,general_quirky,general_greet,0.572502613067627
qwen-nf4-v2,massive-test,massive-test-6352,intent,general_quirky,iot_hue_lighton,0.5614465475082397
qwen-nf4-v2,massive-test,massive-test-6353,intent,general_quirky,play_audiobook,0.314457505941391
qwen-nf4-v2,massive-test,massive-test-6371,intent,general_quirky,lists_query,0.5304864645004272
qwen-nf4-v2,massive-test,massive-test-6378,intent,general_quirky,music_dislikeness,0.9991624355316162
qwen-nf4-v2,massive-test,massive-test-6382,intent,general_quirky,general_greet,0.7808711528778076
qwen-nf4-v2,massive-test,massive-test-6385,intent,general_quirky,calendar_query,0.279062956571579
qwen-nf4-v2,massive-test,massive-test-6388,intent,general_quirky,general_greet,0.9998674392700195
qwen-nf4-v2,massive-test,massive-test-6402,intent,general_quirky,lists_query,0.6481825709342957
qwen-nf4-v2,massive-test,massive-test-6403,intent,transport_query,calendar_query,0.6905996203422546
qwen-nf4-v2,massive-test,massive-test-6405,intent,general_quirky,lists_query,0.37909555435180664
qwen-nf4-v2,massive-test,massive-test-6410,intent,news_query,calendar_query,0.9450684189796448
qwen-nf4-v2,massive-test,massive-test-6417,intent,general_quirky,lists_createoradd,0.7206952571868896
qwen-nf4-v2,massive-test,massive-test-6424,intent,general_quirky,general_greet,0.9999992847442627
qwen-nf4-v2,massive-test,massive-test-6426,intent,general_quirky,iot_hue_lighton,0.5051497220993042
qwen-nf4-v2,massive-test,massive-test-6431,intent,general_quirky,calendar_query,0.9977655410766602
qwen-nf4-v2,massive-test,massive-test-6432,intent,general_quirky,calendar_query,0.9999722242355347
qwen-nf4-v2,massive-test,massive-test-6433,intent,general_quirky,calendar_query,0.5395954847335815
qwen-nf4-v2,massive-test,massive-test-6434,intent,general_quirky,calendar_query,0.9231212735176086
qwen-nf4-v2,massive-test,massive-test-6438,intent,general_quirky,music_dislikeness,0.630407452583313
qwen-nf4-v2,massive-test,massive-test-6439,intent,general_quirky,music_likeness,0.9704118967056274
qwen-nf4-v2,massive-test,massive-test-6446,intent,general_quirky,lists_query,0.41712942719459534
qwen-nf4-v2,massive-test,massive-test-6448,intent,general_quirky,calendar_query,0.32270896434783936
qwen-nf4-v2,massive-test,massive-test-6457,intent,general_quirky,general_greet,0.9238207340240479
qwen-nf4-v2,massive-test,massive-test-6469,intent,general_quirky,calendar_query,0.6445757746696472
qwen-nf4-v2,massive-test,massive-test-6473,intent,general_quirky,weather_query,0.9983901977539062
qwen-nf4-v2,massive-test,massive-test-6477,intent,general_quirky,lists_query,0.7949808835983276
qwen-nf4-v2,massive-test,massive-test-6485,intent,general_quirky,music_likeness,0.9999463558197021
qwen-nf4-v2,massive-test,massive-test-6489,intent,general_quirky,alarm_query,0.43653273582458496
qwen-nf4-v2,massive-test,massive-test-6495,intent,general_quirky,iot_hue_lighton,0.24690690636634827
qwen-nf4-v2,massive-test,massive-test-6496,intent,general_quirky,iot_hue_lighton,0.5344194173812866
qwen-nf4-v2,massive-test,massive-test-6500,intent,social_query,social_post,0.999864935874939
qwen-nf4-v2,massive-test,massive-test-6503,intent,general_quirky,music_dislikeness,0.9464417695999146
qwen-nf4-v2,massive-test,massive-test-6506,intent,general_quirky,qa_factoid,0.5396060943603516
qwen-nf4-v2,massive-test,massive-test-6515,intent,general_quirky,general_greet,0.6754136681556702
qwen-nf4-v2,massive-test,massive-test-6516,intent,general_quirky,calendar_query,0.9967054724693298
qwen-nf4-v2,massive-test,massive-test-6517,intent,general_quirky,calendar_query,0.39467209577560425
qwen-nf4-v2,massive-test,massive-test-6533,intent,general_quirky,calendar_query,0.6335045099258423
qwen-nf4-v2,massive-test,massive-test-6539,intent,calendar_set,lists_query,0.45278429985046387
qwen-nf4-v2,massive-test,massive-test-6542,intent,cooking_recipe,music_dislikeness,0.5557804107666016
qwen-nf4-v2,massive-test,massive-test-6550,intent,general_quirky,general_greet,0.999607264995575
qwen-nf4-v2,massive-test,massive-test-6557,intent,general_quirky,play_audiobook,0.8216485977172852
qwen-nf4-v2,massive-test,massive-test-6559,intent,general_quirky,music_likeness,0.5981888175010681
qwen-nf4-v2,massive-test,massive-test-6561,intent,general_quirky,calendar_query,0.27792081236839294
qwen-nf4-v2,massive-test,massive-test-6562,intent,general_quirky,qa_maths,0.9999803304672241
qwen-nf4-v2,massive-test,massive-test-6568,intent,general_quirky,calendar_query,0.6668672561645508
qwen-nf4-v2,massive-test,massive-test-6572,intent,general_quirky,calendar_query,0.8599662780761719
qwen-nf4-v2,massive-test,massive-test-6575,intent,general_quirky,lists_query,0.45317983627319336
qwen-nf4-v2,massive-test,massive-test-6578,intent,general_quirky,music_likeness,0.9508362412452698
qwen-nf4-v2,massive-test,massive-test-6582,intent,general_quirky,general_greet,0.9999995231628418
qwen-nf4-v2,massive-test,massive-test-6593,intent,general_quirky,qa_maths,0.7765239477157593
qwen-nf4-v2,massive-test,massive-test-6594,intent,general_quirky,calendar_query,0.9758563041687012
qwen-nf4-v2,massive-test,massive-test-6596,intent,general_quirky,general_greet,0.9703153371810913
qwen-nf4-v2,massive-test,massive-test-6600,intent,general_quirky,music_dislikeness,0.7571294903755188
qwen-nf4-v2,massive-test,massive-test-6615,intent,general_quirky,music_dislikeness,0.8881663680076599
qwen-nf4-v2,massive-test,massive-test-6616,intent,general_quirky,iot_hue_lighton,0.5053766965866089
qwen-nf4-v2,massive-test,massive-test-6617,intent,general_quirky,calendar_query,0.7118731737136841
qwen-nf4-v2,massive-test,massive-test-6621,intent,general_quirky,recommendation_movies,0.9999231100082397
qwen-nf4-v2,massive-test,massive-test-6623,intent,general_quirky,calendar_query,0.331718772649765
qwen-nf4-v2,massive-test,massive-test-6643,intent,general_quirky,lists_query,0.6107257008552551
qwen-nf4-v2,massive-test,massive-test-6645,intent,general_quirky,calendar_query,0.7521874308586121
qwen-nf4-v2,massive-test,massive-test-6646,intent,general_quirky,lists_query,0.7423802614212036
qwen-nf4-v2,massive-test,massive-test-6650,intent,general_quirky,general_greet,0.9975690245628357
qwen-nf4-v2,massive-test,massive-test-6652,intent,general_quirky,music_dislikeness,0.9701048135757446
qwen-nf4-v2,massive-test,massive-test-6663,intent,general_quirky,recommendation_locations,0.9597466588020325
qwen-nf4-v2,massive-test,massive-test-6670,intent,general_quirky,lists_query,0.4885222911834717
qwen-nf4-v2,massive-test,massive-test-6672,intent,general_quirky,general_greet,0.34608644247055054
qwen-nf4-v2,massive-test,massive-test-6682,intent,news_query,lists_query,0.5892521142959595
qwen-nf4-v2,massive-test,massive-test-6683,intent,news_query,calendar_query,0.8095780611038208
qwen-nf4-v2,massive-test,massive-test-6694,intent,general_quirky,general_greet,0.9822642207145691
qwen-nf4-v2,massive-test,massive-test-6701,intent,general_quirky,calendar_query,0.4564445912837982
qwen-nf4-v2,massive-test,massive-test-6708,intent,general_quirky,social_post,0.9999339580535889
qwen-nf4-v2,massive-test,massive-test-6710,intent,general_quirky,music_dislikeness,0.6742913722991943
qwen-nf4-v2,massive-test,massive-test-6720,intent,general_quirky,lists_query,0.47626128792762756
qwen-nf4-v2,massive-test,massive-test-6725,intent,calendar_set,calendar_query,0.9999899864196777
qwen-nf4-v2,massive-test,massive-test-6729,intent,calendar_remove,iot_hue_lighton,0.42326509952545166
qwen-nf4-v2,massive-test,massive-test-6732,intent,calendar_set,calendar_query,0.8392051458358765
qwen-nf4-v2,massive-test,massive-test-6737,intent,general_quirky,calendar_query,0.9003131985664368
qwen-nf4-v2,massive-test,massive-test-6744,intent,calendar_set,calendar_query,0.9947634935379028
qwen-nf4-v2,massive-test,massive-test-6746,intent,calendar_set,calendar_query,0.7722163796424866
qwen-nf4-v2,massive-test,massive-test-6747,intent,calendar_query,alarm_query,0.7746263146400452
qwen-nf4-v2,massive-test,massive-test-6764,intent,calendar_set,iot_cleaning,0.81754469871521
qwen-nf4-v2,massive-test,massive-test-6774,intent,calendar_set,alarm_set,0.999659538269043
qwen-nf4-v2,massive-test,massive-test-6785,intent,calendar_query,alarm_query,0.3716201186180115
qwen-nf4-v2,massive-test,massive-test-6789,intent,calendar_set,calendar_query,0.9980713725090027
qwen-nf4-v2,massive-test,massive-test-6815,intent,calendar_set,alarm_set,0.9955779314041138
qwen-nf4-v2,massive-test,massive-test-6819,intent,calendar_set,music_likeness,0.9626137614250183
qwen-nf4-v2,massive-test,massive-test-6836,intent,calendar_set,alarm_set,0.995535135269165
qwen-nf4-v2,massive-test,massive-test-6856,intent,calendar_set,calendar_query,0.9980629086494446
qwen-nf4-v2,massive-test,massive-test-6865,intent,calendar_set,alarm_set,0.974015474319458
qwen-nf4-v2,massive-test,massive-test-6878,intent,calendar_set,calendar_query,0.9889922142028809
qwen-nf4-v2,massive-test,massive-test-6892,intent,calendar_query,recommendation_movies,0.9999779462814331
qwen-nf4-v2,massive-test,massive-test-6897,intent,calendar_set,alarm_set,0.7309178709983826
qwen-nf4-v2,massive-test,massive-test-6901,intent,calendar_set,alarm_set,0.9976624250411987
qwen-nf4-v2,massive-test,massive-test-6902,intent,calendar_set,alarm_set,0.9625312685966492
qwen-nf4-v2,massive-test,massive-test-6923,intent,calendar_set,alarm_set,0.9820057153701782
qwen-nf4-v2,massive-test,massive-test-6926,intent,calendar_query,datetime_query,0.9816232919692993
qwen-nf4-v2,massive-test,massive-test-6928,intent,calendar_remove,alarm_remove,0.5844094753265381
qwen-nf4-v2,massive-test,massive-test-6936,intent,calendar_set,iot_hue_lighton,0.4779532849788666
qwen-nf4-v2,massive-test,massive-test-6937,intent,calendar_set,alarm_set,0.9890127182006836
qwen-nf4-v2,massive-test,massive-test-6959,intent,calendar_set,alarm_query,0.6324560642242432
qwen-nf4-v2,massive-test,massive-test-6962,intent,calendar_set,calendar_query,0.9999077320098877
qwen-nf4-v2,massive-test,massive-test-6964,intent,calendar_set,alarm_set,0.9967520236968994
qwen-nf4-v2,massive-test,massive-test-6967,intent,calendar_query,qa_factoid,0.9993606209754944
qwen-nf4-v2,massive-test,massive-test-6973,intent,calendar_set,alarm_set,0.9890130758285522
qwen-nf4-v2,massive-test,massive-test-6974,intent,calendar_set,calendar_query,0.999563992023468
qwen-nf4-v2,massive-test,massive-test-6980,intent,calendar_query,lists_query,0.999963641166687
qwen-nf4-v2,massive-test,massive-test-6994,intent,calendar_set,iot_hue_lighton,0.9507630467414856
qwen-nf4-v2,massive-test,massive-test-6997,intent,calendar_remove,alarm_remove,0.6153115630149841
qwen-nf4-v2,massive-test,massive-test-7000,intent,calendar_set,alarm_query,0.2919936776161194
qwen-nf4-v2,massive-test,massive-test-7004,intent,calendar_set,alarm_set,0.8134610652923584
qwen-nf4-v2,massive-test,massive-test-7026,intent,recommendation_events,lists_query,0.4454185366630554
qwen-nf4-v2,massive-test,massive-test-7039,intent,calendar_set,calendar_query,0.9980666041374207
qwen-nf4-v2,massive-test,massive-test-7044,intent,calendar_set,alarm_set,0.9947478175163269
qwen-nf4-v2,massive-test,massive-test-7046,intent,calendar_set,calendar_query,0.8856405019760132
qwen-nf4-v2,massive-test,massive-test-7055,intent,calendar_set,calendar_query,0.9763748049736023
qwen-nf4-v2,massive-test,massive-test-7057,intent,calendar_set,calendar_query,0.9959073066711426
qwen-nf4-v2,massive-test,massive-test-7061,intent,calendar_set,alarm_set,0.9745383858680725
qwen-nf4-v2,massive-test,massive-test-7073,intent,calendar_set,calendar_query,0.9914167523384094
qwen-nf4-v2,massive-test,massive-test-7087,intent,calendar_remove,calendar_query,0.9998341798782349
qwen-nf4-v2,massive-test,massive-test-7098,intent,calendar_set,calendar_query,0.9511621594429016
qwen-nf4-v2,massive-test,massive-test-7100,intent,calendar_set,alarm_set,0.964725911617279
qwen-nf4-v2,massive-test,massive-test-7113,intent,calendar_query,recommendation_locations,0.9373101592063904
qwen-nf4-v2,massive-test,massive-test-7122,intent,calendar_set,calendar_query,0.6737487316131592
qwen-nf4-v2,massive-test,massive-test-7140,intent,calendar_set,alarm_set,0.9933071732521057
qwen-nf4-v2,massive-test,massive-test-7151,intent,calendar_set,alarm_set,0.9980646967887878
qwen-nf4-v2,massive-test,massive-test-7152,intent,calendar_set,alarm_set,0.9626678824424744
qwen-nf4-v2,massive-test,massive-test-7161,intent,calendar_set,calendar_query,0.9446721076965332
qwen-nf4-v2,massive-test,massive-test-7168,intent,general_quirky,music_dislikeness,0.40748459100723267
qwen-nf4-v2,massive-test,massive-test-7170,intent,calendar_set,alarm_set,0.9832733869552612
qwen-nf4-v2,massive-test,massive-test-7181,intent,calendar_set,alarm_set,0.9844520092010498
qwen-nf4-v2,massive-test,massive-test-7194,intent,calendar_set,alarm_set,0.9704625010490417
qwen-nf4-v2,massive-test,massive-test-7196,intent,calendar_set,calendar_query,0.9944729208946228
qwen-nf4-v2,massive-test,massive-test-7199,intent,calendar_set,alarm_set,0.9046503305435181
qwen-nf4-v2,massive-test,massive-test-7209,intent,calendar_set,lists_query,0.47375261783599854
qwen-nf4-v2,massive-test,massive-test-7216,intent,general_quirky,calendar_query,0.628580629825592
qwen-nf4-v2,massive-test,massive-test-7257,intent,calendar_set,alarm_set,0.9046186208724976
qwen-nf4-v2,massive-test,massive-test-7258,intent,calendar_set,email_sendemail,0.9999808073043823
qwen-nf4-v2,massive-test,massive-test-7262,intent,calendar_set,alarm_set,0.9968191385269165
qwen-nf4-v2,massive-test,massive-test-7278,intent,calendar_set,alarm_set,0.8787657022476196
qwen-nf4-v2,massive-test,massive-test-7287,intent,calendar_set,alarm_set,0.9165574908256531
qwen-nf4-v2,massive-test,massive-test-7289,intent,calendar_remove,lists_remove,0.8676316142082214
qwen-nf4-v2,massive-test,massive-test-7291,intent,calendar_set,alarm_set,0.9046458601951599
qwen-nf4-v2,massive-test,massive-test-7292,intent,calendar_set,calendar_query,0.9983955025672913
qwen-nf4-v2,massive-test,massive-test-7293,intent,calendar_set,calendar_query,0.9998217225074768
qwen-nf4-v2,massive-test,massive-test-7295,intent,calendar_remove,iot_hue_lightup,0.9133389592170715
qwen-nf4-v2,massive-test,massive-test-7353,intent,email_query,weather_query,0.9999635219573975
qwen-nf4-v2,massive-test,massive-test-7355,intent,calendar_set,alarm_set,0.6788060069084167
qwen-nf4-v2,massive-test,massive-test-7449,intent,calendar_set,calendar_query,0.9950095415115356
qwen-nf4-v2,massive-test,massive-test-7450,intent,calendar_set,calendar_query,0.9906951189041138
qwen-nf4-v2,massive-test,massive-test-7455,intent,calendar_set,calendar_query,0.9985656142234802
qwen-nf4-v2,massive-test,massive-test-7461,intent,calendar_set,calendar_query,0.9744680523872375
qwen-nf4-v2,massive-test,massive-test-7463,intent,calendar_set,calendar_query,0.9994353652000427
qwen-nf4-v2,massive-test,massive-test-7477,intent,calendar_set,alarm_set,0.5043163895606995
qwen-nf4-v2,massive-test,massive-test-7499,intent,calendar_set,calendar_query,0.9734245538711548
qwen-nf4-v2,massive-test,massive-test-7500,intent,calendar_remove,alarm_remove,0.658547580242157
qwen-nf4-v2,massive-test,massive-test-7520,intent,calendar_set,alarm_set,0.9815658330917358
qwen-nf4-v2,massive-test,massive-test-7528,intent,calendar_set,datetime_query,0.9913322329521179
qwen-nf4-v2,massive-test,massive-test-7531,intent,calendar_set,calendar_query,0.4589763581752777
qwen-nf4-v2,massive-test,massive-test-7542,intent,calendar_set,alarm_query,0.606104850769043
qwen-nf4-v2,massive-test,massive-test-7549,intent,calendar_set,calendar_query,0.9845563173294067
qwen-nf4-v2,massive-test,massive-test-7556,intent,calendar_set,alarm_set,0.981062114238739
qwen-nf4-v2,massive-test,massive-test-7557,intent,calendar_set,alarm_set,0.9906399250030518
qwen-nf4-v2,massive-test,massive-test-7559,intent,calendar_set,alarm_set,0.9241315126419067
qwen-nf4-v2,massive-test,massive-test-7563,intent,calendar_set,alarm_set,0.49841952323913574
qwen-nf4-v2,massive-test,massive-test-7565,intent,calendar_set,calendar_query,0.9915388226509094
qwen-nf4-v2,massive-test,massive-test-7567,intent,calendar_set,calendar_query,0.688023567199707
qwen-nf4-v2,massive-test,massive-test-7596,intent,calendar_set,calendar_query,0.6002393364906311
qwen-nf4-v2,massive-test,massive-test-7598,intent,calendar_set,calendar_query,0.9976379871368408
qwen-nf4-v2,massive-test,massive-test-7606,intent,calendar_set,calendar_query,0.9699487686157227
qwen-nf4-v2,massive-test,massive-test-7628,intent,calendar_set,lists_query,0.5913780331611633
qwen-nf4-v2,massive-test,massive-test-7654,intent,calendar_set,music_dislikeness,0.4915825128555298
qwen-nf4-v2,massive-test,massive-test-7655,intent,calendar_set,alarm_set,0.9767888784408569
qwen-nf4-v2,massive-test,massive-test-7664,intent,calendar_set,lists_createoradd,0.2730787396430969
qwen-nf4-v2,massive-test,massive-test-7666,intent,calendar_set,calendar_query,0.9604590535163879
qwen-nf4-v2,massive-test,massive-test-7686,intent,calendar_set,music_dislikeness,0.40550851821899414
qwen-nf4-v2,massive-test,massive-test-7697,intent,calendar_set,alarm_set,0.9889916181564331
qwen-nf4-v2,massive-test,massive-test-7711,intent,calendar_set,calendar_remove,0.9986716508865356
qwen-nf4-v2,massive-test,massive-test-7712,intent,calendar_set,calendar_remove,0.9991668462753296
qwen-nf4-v2,massive-test,massive-test-7718,intent,calendar_set,calendar_query,0.7857081890106201
qwen-nf4-v2,massive-test,massive-test-7726,intent,calendar_set,alarm_set,0.9974820017814636
qwen-nf4-v2,massive-test,massive-test-7730,intent,calendar_set,calendar_query,0.9994756579399109
qwen-nf4-v2,massive-test,massive-test-7741,intent,calendar_remove,calendar_query,0.8519145846366882
qwen-nf4-v2,massive-test,massive-test-7751,intent,calendar_set,alarm_set,0.9855135083198547
qwen-nf4-v2,massive-test,massive-test-7762,intent,calendar_query,lists_query,0.24479727447032928
qwen-nf4-v2,massive-test,massive-test-7767,intent,calendar_set,alarm_set,0.636646568775177
qwen-nf4-v2,massive-test,massive-test-7768,intent,calendar_set,alarm_set,0.5698917508125305
qwen-nf4-v2,massive-test,massive-test-7774,intent,calendar_set,calendar_query,0.9526349306106567
qwen-nf4-v2,massive-test,massive-test-7778,intent,calendar_set,calendar_query,0.9998200535774231
qwen-nf4-v2,massive-test,massive-test-7808,intent,calendar_set,alarm_set,0.959494411945343
qwen-nf4-v2,massive-test,massive-test-7817,intent,calendar_query,datetime_query,0.996732234954834
qwen-nf4-v2,massive-test,massive-test-7836,intent,calendar_remove,alarm_remove,0.9621566534042358
qwen-nf4-v2,massive-test,massive-test-7843,intent,calendar_set,alarm_set,0.9770220518112183
qwen-nf4-v2,massive-test,massive-test-7844,intent,calendar_query,alarm_query,0.7767968773841858
qwen-nf4-v2,massive-test,massive-test-7847,intent,calendar_set,alarm_set,0.869329035282135
qwen-nf4-v2,massive-test,massive-test-7851,intent,calendar_set,calendar_query,0.9941589832305908
qwen-nf4-v2,massive-test,massive-test-7863,intent,calendar_set,alarm_set,0.7744352221488953
qwen-nf4-v2,massive-test,massive-test-7876,intent,news_query,calendar_query,0.9844498038291931
qwen-nf4-v2,massive-test,massive-test-7890,intent,calendar_remove,alarm_remove,0.3527354300022125
qwen-nf4-v2,massive-test,massive-test-7891,intent,calendar_remove,calendar_query,0.5935493111610413
qwen-nf4-v2,massive-test,massive-test-7894,intent,calendar_set,alarm_set,0.5033442974090576
qwen-nf4-v2,massive-test,massive-test-7916,intent,calendar_set,qa_stock,0.5436895489692688
qwen-nf4-v2,massive-test,massive-test-7918,intent,calendar_set,calendar_query,0.710761547088623
qwen-nf4-v2,massive-test,massive-test-7919,intent,calendar_set,social_post,0.9898185133934021
qwen-nf4-v2,massive-test,massive-test-7946,intent,calendar_query,music_query,0.9999775886535645
qwen-nf4-v2,massive-test,massive-test-7955,intent,calendar_set,alarm_set,0.9737193584442139
qwen-nf4-v2,massive-test,massive-test-7956,intent,calendar_set,calendar_query,0.3057861328125
qwen-nf4-v2,massive-test,massive-test-7966,intent,calendar_query,music_dislikeness,0.4007161557674408
qwen-nf4-v2,massive-test,massive-test-7970,intent,calendar_set,alarm_set,0.2892404794692993
qwen-nf4-v2,massive-test,massive-test-7971,intent,calendar_set,alarm_set,0.9769862294197083
qwen-nf4-v2,massive-test,massive-test-7975,intent,calendar_query,iot_cleaning,0.97567218542099
qwen-nf4-v2,massive-test,massive-test-7980,intent,calendar_set,calendar_query,0.9992955923080444
qwen-nf4-v2,massive-test,massive-test-7981,intent,calendar_set,calendar_query,0.9494266510009766
qwen-nf4-v2,massive-test,massive-test-8004,intent,calendar_set,calendar_query,0.980223536491394
qwen-nf4-v2,massive-test,massive-test-8005,intent,calendar_set,calendar_query,0.9947624802589417
qwen-nf4-v2,massive-test,massive-test-8035,intent,calendar_set,iot_hue_lighton,0.3539521396160126
qwen-nf4-v2,massive-test,massive-test-8037,intent,calendar_set,alarm_query,0.7302156686782837
qwen-nf4-v2,massive-test,massive-test-8073,intent,calendar_set,calendar_query,0.9967807531356812
qwen-nf4-v2,massive-test,massive-test-8079,intent,calendar_set,alarm_set,0.9046500325202942
qwen-nf4-v2,massive-test,massive-test-8085,intent,calendar_set,alarm_set,0.9980220794677734
qwen-nf4-v2,massive-test,massive-test-8107,intent,calendar_set,alarm_set,0.9766653776168823
qwen-nf4-v2,massive-test,massive-test-8126,intent,calendar_set,calendar_query,0.99986732006073
qwen-nf4-v2,massive-test,massive-test-8129,intent,calendar_query,iot_hue_lighton,0.2823982834815979
qwen-nf4-v2,massive-test,massive-test-8140,intent,calendar_set,alarm_set,0.9809468388557434
qwen-nf4-v2,massive-test,massive-test-8148,intent,calendar_query,lists_query,0.8448996543884277
qwen-nf4-v2,massive-test,massive-test-8165,intent,calendar_query,alarm_set,0.5606916546821594
qwen-nf4-v2,massive-test,massive-test-8188,intent,calendar_query,datetime_query,0.9864522218704224
qwen-nf4-v2,massive-test,massive-test-8204,intent,calendar_set,alarm_remove,0.3427322506904602
qwen-nf4-v2,massive-test,massive-test-8206,intent,calendar_set,lists_query,0.3563776910305023
qwen-nf4-v2,massive-test,massive-test-8245,intent,calendar_set,calendar_query,0.8484222888946533
qwen-nf4-v2,massive-test,massive-test-8251,intent,calendar_set,calendar_query,0.8481600284576416
qwen-nf4-v2,massive-test,massive-test-8260,intent,calendar_set,alarm_set,0.9267209768295288
qwen-nf4-v2,massive-test,massive-test-8261,intent,calendar_set,alarm_set,0.3513852655887604
qwen-nf4-v2,massive-test,massive-test-8269,intent,calendar_set,alarm_set,0.9858822822570801
qwen-nf4-v2,massive-test,massive-test-8280,intent,calendar_set,alarm_set,0.9858942031860352
qwen-nf4-v2,massive-test,massive-test-8289,intent,calendar_set,calendar_query,0.9944633841514587
qwen-nf4-v2,massive-test,massive-test-8290,intent,calendar_set,calendar_query,0.9994885921478271
qwen-nf4-v2,massive-test,massive-test-8300,intent,calendar_set,calendar_query,0.9859068393707275
qwen-nf4-v2,massive-test,massive-test-8308,intent,news_query,lists_query,0.6729075312614441
qwen-nf4-v2,massive-test,massive-test-8320,intent,general_quirky,calendar_query,0.9995905756950378
qwen-nf4-v2,massive-test,massive-test-8322,intent,general_quirky,calendar_query,0.999208390712738
qwen-nf4-v2,massive-test,massive-test-8336,intent,calendar_query,cooking_query,0.9470550417900085
qwen-nf4-v2,massive-test,massive-test-8345,intent,calendar_set,calendar_query,0.9996501207351685
qwen-nf4-v2,massive-test,massive-test-8347,intent,calendar_query,datetime_query,0.9302205443382263
qwen-nf4-v2,massive-test,massive-test-8358,intent,calendar_set,alarm_query,0.4967474043369293
qwen-nf4-v2,massive-test,massive-test-8366,intent,calendar_set,alarm_set,0.9071151614189148
qwen-nf4-v2,massive-test,massive-test-8387,intent,calendar_set,alarm_set,0.9706875681877136
qwen-nf4-v2,massive-test,massive-test-8388,intent,calendar_set,iot_hue_lighton,0.48920971155166626
qwen-nf4-v2,massive-test,massive-test-8390,intent,calendar_set,calendar_query,0.9982860684394836
qwen-nf4-v2,massive-test,massive-test-8394,intent,calendar_set,alarm_set,0.9706855416297913
qwen-nf4-v2,massive-test,massive-test-8402,intent,general_quirky,calendar_query,0.9956032037734985
qwen-nf4-v2,massive-test,massive-test-8413,intent,calendar_set,iot_hue_lighton,0.8565369844436646
qwen-nf4-v2,massive-test,massive-test-8414,intent,calendar_set,alarm_set,0.9706391096115112
qwen-nf4-v2,massive-test,massive-test-8415,intent,calendar_set,calendar_query,0.99583899974823
qwen-nf4-v2,massive-test,massive-test-8426,intent,calendar_query,news_query,0.9998693466186523
qwen-nf4-v2,massive-test,massive-test-8430,intent,calendar_remove,calendar_query,0.5610317587852478
qwen-nf4-v2,massive-test,massive-test-8436,intent,calendar_set,calendar_query,0.9997311234474182
qwen-nf4-v2,massive-test,massive-test-8442,intent,calendar_set,calendar_query,0.9960663914680481
qwen-nf4-v2,massive-test,massive-test-8449,intent,calendar_set,alarm_set,0.9890127182006836
qwen-nf4-v2,massive-test,massive-test-8453,intent,calendar_set,calendar_query,0.8596141338348389
qwen-nf4-v2,massive-test,massive-test-8466,intent,calendar_set,calendar_query,0.6217694878578186
qwen-nf4-v2,massive-test,massive-test-8474,intent,calendar_set,calendar_query,0.972926676273346
qwen-nf4-v2,massive-test,massive-test-8520,intent,calendar_set,calendar_query,0.9701494574546814
qwen-nf4-v2,massive-test,massive-test-8535,intent,calendar_set,alarm_set,0.98322993516922
qwen-nf4-v2,massive-test,massive-test-8539,intent,calendar_set,alarm_query,0.9402709007263184
qwen-nf4-v2,massive-test,massive-test-8541,intent,calendar_set,iot_hue_lighton,0.9507630467414856
qwen-nf4-v2,massive-test,massive-test-8568,intent,calendar_set,calendar_query,0.7679675221443176
qwen-nf4-v2,massive-test,massive-test-8570,intent,calendar_set,calendar_query,0.9989216327667236
qwen-nf4-v2,massive-test,massive-test-8585,intent,calendar_set,calendar_query,0.9745887517929077
qwen-nf4-v2,massive-test,massive-test-8598,intent,calendar_set,alarm_set,0.9037997126579285
qwen-nf4-v2,massive-test,massive-test-8618,intent,calendar_set,iot_wemo_off,0.6725184917449951
qwen-nf4-v2,massive-test,massive-test-8635,intent,calendar_set,lists_query,0.41217106580734253
qwen-nf4-v2,massive-test,massive-test-8640,intent,calendar_set,calendar_query,0.9992851614952087
qwen-nf4-v2,massive-test,massive-test-8651,intent,calendar_set,calendar_query,0.9984116554260254
qwen-nf4-v2,massive-test,massive-test-8653,intent,calendar_set,alarm_set,0.9307059049606323
qwen-nf4-v2,massive-test,massive-test-8672,intent,calendar_query,lists_query,0.21146924793720245
qwen-nf4-v2,massive-test,massive-test-8679,intent,calendar_query,datetime_query,0.9700186848640442
qwen-nf4-v2,massive-test,massive-test-8694,intent,calendar_set,calendar_query,0.6895826458930969
qwen-nf4-v2,massive-test,massive-test-8730,intent,calendar_set,alarm_set,0.874893844127655
qwen-nf4-v2,massive-test,massive-test-8765,intent,calendar_set,alarm_set,0.911054790019989
qwen-nf4-v2,massive-test,massive-test-8791,intent,calendar_query,alarm_query,0.8307943940162659
qwen-nf4-v2,massive-test,massive-test-8795,intent,calendar_query,alarm_query,0.5231360793113708
qwen-nf4-v2,massive-test,massive-test-8822,intent,recommendation_events,calendar_query,0.9998021721839905
qwen-nf4-v2,massive-test,massive-test-8825,intent,calendar_set,calendar_query,0.9855969548225403
qwen-nf4-v2,massive-test,massive-test-8853,intent,calendar_remove,alarm_remove,0.6220231056213379
qwen-nf4-v2,massive-test,massive-test-8857,intent,calendar_set,calendar_query,0.48342466354370117
qwen-nf4-v2,massive-test,massive-test-8868,intent,calendar_set,alarm_set,0.9399129152297974
qwen-nf4-v2,massive-test,massive-test-8880,intent,calendar_set,alarm_set,0.9980728626251221
qwen-nf4-v2,massive-test,massive-test-8888,intent,calendar_remove,iot_hue_lightup,0.9041765928268433
qwen-nf4-v2,massive-test,massive-test-8900,intent,calendar_set,alarm_set,0.9933032393455505
qwen-nf4-v2,massive-test,massive-test-8906,intent,calendar_set,calendar_query,0.9827491044998169
qwen-nf4-v2,massive-test,massive-test-8907,intent,calendar_set,calendar_query,0.9990856647491455
qwen-nf4-v2,massive-test,massive-test-8939,intent,calendar_set,alarm_remove,0.44598421454429626
qwen-nf4-v2,massive-test,massive-test-8948,intent,calendar_set,calendar_query,0.4615916311740875
qwen-nf4-v2,massive-test,massive-test-8949,intent,calendar_remove,alarm_remove,0.4999980926513672
qwen-nf4-v2,massive-test,massive-test-8960,intent,calendar_set,alarm_set,0.8807963728904724
qwen-nf4-v2,massive-test,massive-test-8967,intent,calendar_set,alarm_set,0.9847120046615601
qwen-nf4-v2,massive-test,massive-test-8968,intent,calendar_set,calendar_query,0.5380832552909851
qwen-nf4-v2,massive-test,massive-test-8977,intent,calendar_set,lists_query,0.8295118808746338
qwen-nf4-v2,massive-test,massive-test-8978,intent,calendar_set,calendar_query,0.9882434606552124
qwen-nf4-v2,massive-test,massive-test-8990,intent,calendar_set,alarm_query,0.8307943940162659
qwen-nf4-v2,massive-test,massive-test-8992,intent,calendar_set,calendar_query,0.9977532029151917
qwen-nf4-v2,massive-test,massive-test-9011,intent,calendar_query,qa_factoid,0.4892308712005615
qwen-nf4-v2,massive-test,massive-test-9014,intent,calendar_set,alarm_set,0.9859323501586914
qwen-nf4-v2,massive-test,massive-test-9030,intent,calendar_remove,lists_remove,0.9983317255973816
qwen-nf4-v2,massive-test,massive-test-9043,intent,calendar_set,calendar_query,0.9889983534812927
qwen-nf4-v2,massive-test,massive-test-9054,intent,calendar_set,alarm_query,0.9802168011665344
qwen-nf4-v2,massive-test,massive-test-9059,intent,calendar_set,alarm_query,0.4654258191585541
qwen-nf4-v2,massive-test,massive-test-9062,intent,calendar_set,music_dislikeness,0.5035527944564819
qwen-nf4-v2,massive-test,massive-test-9074,intent,calendar_remove,lists_remove,0.9980092644691467
qwen-nf4-v2,massive-test,massive-test-9095,intent,calendar_remove,calendar_query,0.43688464164733887
qwen-nf4-v2,massive-test,massive-test-9107,intent,calendar_query,music_query,0.9999446868896484
qwen-nf4-v2,massive-test,massive-test-9110,intent,calendar_set,datetime_query,0.9521111845970154
qwen-nf4-v2,massive-test,massive-test-9114,intent,calendar_set,alarm_set,0.9980072379112244
qwen-nf4-v2,massive-test,massive-test-9124,intent,calendar_set,calendar_query,0.9999412298202515
qwen-nf4-v2,massive-test,massive-test-9138,intent,qa_factoid,calendar_query,0.8175413608551025
qwen-nf4-v2,massive-test,massive-test-9153,intent,calendar_set,calendar_query,0.9860538840293884
qwen-nf4-v2,massive-test,massive-test-9155,intent,calendar_set,calendar_query,0.987572431564331
qwen-nf4-v2,massive-test,massive-test-9156,intent,calendar_set,calendar_query,0.5116324424743652
qwen-nf4-v2,massive-test,massive-test-9182,intent,calendar_remove,calendar_query,0.9170934557914734
qwen-nf4-v2,massive-test,massive-test-9187,intent,calendar_set,calendar_query,0.9974564909934998
qwen-nf4-v2,massive-test,massive-test-9193,intent,calendar_set,alarm_set,0.9118490219116211
qwen-nf4-v2,massive-test,massive-test-9198,intent,calendar_query,alarm_query,0.7133430242538452
qwen-nf4-v2,massive-test,massive-test-9202,intent,play_radio,play_music,0.5617673993110657
qwen-nf4-v2,massive-test,massive-test-9216,intent,play_radio,play_music,0.5617673993110657
qwen-nf4-v2,massive-test,massive-test-9233,intent,play_radio,play_audiobook,0.9983484745025635
qwen-nf4-v2,massive-test,massive-test-9236,intent,play_radio,music_likeness,0.46927982568740845
qwen-nf4-v2,massive-test,massive-test-9284,intent,play_radio,music_dislikeness,0.9962634444236755
qwen-nf4-v2,massive-test,massive-test-9291,intent,play_radio,play_audiobook,0.7728747129440308
qwen-nf4-v2,massive-test,massive-test-9301,intent,play_radio,music_likeness,0.8697742223739624
qwen-nf4-v2,massive-test,massive-test-9305,intent,play_radio,music_likeness,0.7267996072769165
qwen-nf4-v2,massive-test,massive-test-9323,intent,play_radio,iot_hue_lighton,0.9791814088821411
qwen-nf4-v2,massive-test,massive-test-9330,intent,play_radio,play_audiobook,0.7728747129440308
qwen-nf4-v2,massive-test,massive-test-9353,intent,play_radio,play_music,0.9818570017814636
qwen-nf4-v2,massive-test,massive-test-9364,intent,play_radio,music_likeness,0.95020991563797
qwen-nf4-v2,massive-test,massive-test-9406,intent,play_radio,play_music,0.9880300164222717
qwen-nf4-v2,massive-test,massive-test-9426,intent,play_radio,music_likeness,0.6839255690574646
qwen-nf4-v2,massive-test,massive-test-9471,intent,play_radio,play_music,0.4971402883529663
qwen-nf4-v2,massive-test,massive-test-9519,intent,play_radio,play_music,0.9993605017662048
qwen-nf4-v2,massive-test,massive-test-9545,intent,play_radio,play_music,0.9119467735290527
qwen-nf4-v2,massive-test,massive-test-9554,intent,play_radio,music_likeness,0.6443105340003967
qwen-nf4-v2,massive-test,massive-test-9562,intent,play_radio,play_music,0.9995213747024536
qwen-nf4-v2,massive-test,massive-test-9565,intent,play_radio,music_dislikeness,0.9973645806312561
qwen-nf4-v2,massive-test,massive-test-9568,intent,play_radio,play_music,0.6267848014831543
qwen-nf4-v2,massive-test,massive-test-9569,intent,play_radio,play_music,0.7637168765068054
qwen-nf4-v2,massive-test,massive-test-9617,intent,play_radio,play_music,0.9789213538169861
qwen-nf4-v2,massive-test,massive-test-9630,intent,play_radio,play_music,0.988882839679718
qwen-nf4-v2,massive-test,massive-test-9640,intent,play_radio,play_music,0.9983355402946472
qwen-nf4-v2,massive-test,massive-test-9651,intent,play_radio,play_music,0.7699230313301086
qwen-nf4-v2,massive-test,massive-test-9669,intent,play_audiobook,music_likeness,0.851952314376831
qwen-nf4-v2,massive-test,massive-test-9678,intent,play_audiobook,music_dislikeness,0.6276789903640747
qwen-nf4-v2,massive-test,massive-test-9680,intent,play_audiobook,play_music,0.9995983242988586
qwen-nf4-v2,massive-test,massive-test-9694,intent,play_audiobook,play_music,0.9908881187438965
qwen-nf4-v2,massive-test,massive-test-9700,intent,play_audiobook,play_music,0.9911507368087769
qwen-nf4-v2,massive-test,massive-test-9718,intent,play_audiobook,play_music,0.9780369400978088
qwen-nf4-v2,massive-test,massive-test-9720,intent,play_audiobook,play_music,0.6673399209976196
qwen-nf4-v2,massive-test,massive-test-9746,intent,play_audiobook,play_music,0.9979193806648254
qwen-nf4-v2,massive-test,massive-test-9760,intent,play_audiobook,music_dislikeness,0.7702667713165283
qwen-nf4-v2,massive-test,massive-test-9761,intent,play_audiobook,alarm_query,0.36794185638427734
qwen-nf4-v2,massive-test,massive-test-9793,intent,play_music,music_likeness,0.9082659482955933
qwen-nf4-v2,massive-test,massive-test-9795,intent,play_music,music_dislikeness,0.9993671774864197
qwen-nf4-v2,massive-test,massive-test-9851,intent,play_audiobook,lists_query,0.45268920063972473
qwen-nf4-v2,massive-test,massive-test-9855,intent,play_audiobook,play_music,0.9996433258056641
qwen-nf4-v2,massive-test,massive-test-9856,intent,play_audiobook,play_music,0.9992547631263733
qwen-nf4-v2,massive-test,massive-test-9857,intent,play_audiobook,play_music,0.9947339296340942
qwen-nf4-v2,massive-test,massive-test-9875,intent,play_audiobook,lists_query,0.6645643711090088
qwen-nf4-v2,massive-test,massive-test-9885,intent,play_audiobook,play_music,0.996649444103241
qwen-nf4-v2,massive-test,massive-test-9895,intent,play_audiobook,play_music,0.996651828289032
qwen-nf4-v2,massive-test,massive-test-9896,intent,play_audiobook,alarm_remove,0.3668513000011444
qwen-nf4-v2,massive-test,massive-test-9897,intent,play_audiobook,music_dislikeness,0.762004554271698
qwen-nf4-v2,massive-test,massive-test-9912,intent,cooking_recipe,cooking_query,0.8519469499588013
qwen-nf4-v2,massive-test,massive-test-9923,intent,cooking_recipe,cooking_query,0.8175672888755798
qwen-nf4-v2,massive-test,massive-test-9930,intent,cooking_recipe,cooking_query,0.7772969603538513
qwen-nf4-v2,massive-test,massive-test-9931,intent,cooking_recipe,cooking_query,0.7310550808906555
qwen-nf4-v2,massive-test,massive-test-9941,intent,cooking_recipe,cooking_query,0.8800617456436157
qwen-nf4-v2,massive-test,massive-test-9952,intent,cooking_recipe,cooking_query,0.8954383730888367
qwen-nf4-v2,massive-test,massive-test-9956,intent,cooking_recipe,iot_hue_lighton,0.3597564399242401
qwen-nf4-v2,massive-test,massive-test-9961,intent,cooking_recipe,cooking_query,0.9525726437568665
qwen-nf4-v2,massive-test,massive-test-9964,intent,cooking_recipe,cooking_query,0.8284639716148376
qwen-nf4-v2,massive-test,massive-test-9969,intent,cooking_recipe,cooking_query,0.901942253112793
qwen-nf4-v2,massive-test,massive-test-9971,intent,cooking_recipe,cooking_query,0.9859354496002197
qwen-nf4-v2,massive-test,massive-test-9979,intent,cooking_recipe,music_settings,0.621310293674469
qwen-nf4-v2,massive-test,massive-test-9980,intent,cooking_recipe,cooking_query,0.622447669506073
qwen-nf4-v2,massive-test,massive-test-9986,intent,cooking_recipe,iot_hue_lightup,0.36725756525993347
qwen-nf4-v2,massive-test,massive-test-10016,intent,cooking_recipe,lists_query,0.2584647238254547
qwen-nf4-v2,massive-test,massive-test-10019,intent,cooking_recipe,cooking_query,0.39958655834198
qwen-nf4-v2,massive-test,massive-test-10027,intent,cooking_recipe,music_settings,0.5621559023857117
qwen-nf4-v2,massive-test,massive-test-10038,intent,cooking_recipe,cooking_query,0.7772992253303528
qwen-nf4-v2,massive-test,massive-test-10048,intent,cooking_recipe,music_settings,0.8510099053382874
qwen-nf4-v2,massive-test,massive-test-10053,intent,cooking_recipe,music_settings,0.5617759227752686
qwen-nf4-v2,massive-test,massive-test-10061,intent,cooking_recipe,cooking_query,0.93704754114151
qwen-nf4-v2,massive-test,massive-test-10072,intent,cooking_recipe,music_settings,0.7310451865196228
qwen-nf4-v2,massive-test,massive-test-10076,intent,cooking_recipe,music_settings,0.7767428755760193
qwen-nf4-v2,massive-test,massive-test-10078,intent,cooking_recipe,cooking_query,0.679161012172699
qwen-nf4-v2,massive-test,massive-test-10080,intent,cooking_recipe,music_settings,0.6791068315505981
qwen-nf4-v2,massive-test,massive-test-10081,intent,cooking_recipe,music_settings,0.5615177154541016
qwen-nf4-v2,massive-test,massive-test-10093,intent,cooking_recipe,cooking_query,0.551101803779602
qwen-nf4-v2,massive-test,massive-test-10097,intent,cooking_recipe,news_query,0.5754187107086182
qwen-nf4-v2,massive-test,massive-test-10105,intent,cooking_recipe,cooking_query,0.9770221710205078
qwen-nf4-v2,massive-test,massive-test-10119,intent,cooking_recipe,iot_hue_lighton,0.8403621315956116
qwen-nf4-v2,massive-test,massive-test-10125,intent,cooking_recipe,cooking_query,0.5621483325958252
qwen-nf4-v2,massive-test,massive-test-10132,intent,cooking_recipe,cooking_query,0.9820134043693542
qwen-nf4-v2,massive-test,massive-test-10164,intent,cooking_recipe,cooking_query,0.7304611206054688
qwen-nf4-v2,massive-test,massive-test-10177,intent,cooking_recipe,cooking_query,0.6613503098487854
qwen-nf4-v2,massive-test,massive-test-10206,intent,cooking_recipe,cooking_query,0.8412123918533325
qwen-nf4-v2,massive-test,massive-test-10220,intent,cooking_recipe,cooking_query,0.5445381999015808
qwen-nf4-v2,massive-test,massive-test-10224,intent,cooking_recipe,music_settings,0.9324992895126343
qwen-nf4-v2,massive-test,massive-test-10256,intent,play_game,calendar_query,0.28091809153556824
qwen-nf4-v2,massive-test,massive-test-10260,intent,play_game,iot_hue_lighton,0.26476746797561646
qwen-nf4-v2,massive-test,massive-test-10286,intent,play_game,iot_hue_lighton,0.8238964676856995
qwen-nf4-v2,massive-test,massive-test-10319,intent,play_game,music_dislikeness,0.6295621395111084
qwen-nf4-v2,massive-test,massive-test-10323,intent,play_game,alarm_remove,0.5899748206138611
qwen-nf4-v2,massive-test,massive-test-10335,intent,play_game,lists_query,0.4166996479034424
qwen-nf4-v2,massive-test,massive-test-10349,intent,play_game,iot_hue_lightchange,0.821421205997467
qwen-nf4-v2,massive-test,massive-test-10353,intent,play_game,iot_hue_lighton,0.8047149181365967
qwen-nf4-v2,massive-test,massive-test-10355,intent,play_game,lists_query,0.2720000147819519
qwen-nf4-v2,massive-test,massive-test-10381,intent,play_game,lists_query,0.5401138067245483
qwen-nf4-v2,massive-test,massive-test-10403,intent,play_game,iot_hue_lighton,0.7357805371284485
qwen-nf4-v2,massive-test,massive-test-10426,intent,lists_query,music_dislikeness,0.5968900322914124
qwen-nf4-v2,massive-test,massive-test-10444,intent,lists_remove,alarm_remove,0.4992491602897644
qwen-nf4-v2,massive-test,massive-test-10451,intent,lists_query,calendar_query,0.9998292922973633
qwen-nf4-v2,massive-test,massive-test-10497,intent,qa_factoid,lists_query,0.9856444597244263
qwen-nf4-v2,massive-test,massive-test-10503,intent,lists_createoradd,calendar_query,0.8973676562309265
qwen-nf4-v2,massive-test,massive-test-10512,intent,lists_query,calendar_query,0.4525216817855835
qwen-nf4-v2,massive-test,massive-test-10525,intent,lists_remove,calendar_remove,0.9900902509689331
qwen-nf4-v2,massive-test,massive-test-10538,intent,lists_query,lists_createoradd,0.7772231101989746
qwen-nf4-v2,massive-test,massive-test-10568,intent,lists_remove,music_dislikeness,0.9951972365379333
qwen-nf4-v2,massive-test,massive-test-10571,intent,lists_query,iot_hue_lighton,0.8936049342155457
qwen-nf4-v2,massive-test,massive-test-10579,intent,lists_remove,lists_query,0.8516766428947449
qwen-nf4-v2,massive-test,massive-test-10600,intent,lists_createoradd,lists_query,0.9240352511405945
qwen-nf4-v2,massive-test,massive-test-10608,intent,lists_createoradd,alarm_query,0.9288538098335266
qwen-nf4-v2,massive-test,massive-test-10621,intent,lists_createoradd,cooking_recipe,0.48623940348625183
qwen-nf4-v2,massive-test,massive-test-10655,intent,lists_remove,lists_query,0.9997943043708801
qwen-nf4-v2,massive-test,massive-test-10667,intent,lists_query,calendar_query,0.4708605706691742
qwen-nf4-v2,massive-test,massive-test-10687,intent,lists_remove,calendar_remove,0.9767975211143494
qwen-nf4-v2,massive-test,massive-test-10696,intent,lists_remove,iot_hue_lighton,0.6764559149742126
qwen-nf4-v2,massive-test,massive-test-10743,intent,lists_remove,iot_hue_lightup,0.7069079875946045
qwen-nf4-v2,massive-test,massive-test-10759,intent,lists_query,lists_createoradd,0.6224486231803894
qwen-nf4-v2,massive-test,massive-test-10776,intent,lists_query,lists_createoradd,0.4999939203262329
qwen-nf4-v2,massive-test,massive-test-10816,intent,lists_createoradd,play_music,0.9999567270278931
qwen-nf4-v2,massive-test,massive-test-10828,intent,lists_remove,alarm_remove,0.9025927782058716
qwen-nf4-v2,massive-test,massive-test-10853,intent,lists_remove,music_dislikeness,0.7510735988616943
qwen-nf4-v2,massive-test,massive-test-10893,intent,lists_createoradd,lists_query,0.5621495246887207
qwen-nf4-v2,massive-test,massive-test-10909,intent,lists_query,lists_createoradd,0.6790260672569275
qwen-nf4-v2,massive-test,massive-test-10936,intent,lists_remove,music_dislikeness,0.9994877576828003
qwen-nf4-v2,massive-test,massive-test-10956,intent,lists_query,email_querycontact,0.9990319013595581
qwen-nf4-v2,massive-test,massive-test-10970,intent,lists_remove,alarm_remove,0.5202333927154541
qwen-nf4-v2,massive-test,massive-test-11098,intent,lists_remove,calendar_remove,0.8428424000740051
qwen-nf4-v2,massive-test,massive-test-11124,intent,lists_query,lists_createoradd,0.9999822378158569
qwen-nf4-v2,massive-test,massive-test-11125,intent,lists_query,takeaway_query,0.9995254278182983
qwen-nf4-v2,massive-test,massive-test-11140,intent,lists_createoradd,alarm_set,0.5254234671592712
qwen-nf4-v2,massive-test,massive-test-11146,intent,lists_createoradd,email_addcontact,0.9999916553497314
qwen-nf4-v2,massive-test,massive-test-11164,intent,lists_remove,lists_query,0.4981176555156708
qwen-nf4-v2,massive-test,massive-test-11166,intent,lists_query,lists_createoradd,0.8284229040145874
qwen-nf4-v2,massive-test,massive-test-11186,intent,lists_query,lists_createoradd,0.9914196729660034
qwen-nf4-v2,massive-test,massive-test-11204,intent,lists_query,calendar_query,0.538661777973175
qwen-nf4-v2,massive-test,massive-test-11250,intent,lists_query,lists_createoradd,0.993305504322052
qwen-nf4-v2,massive-test,massive-test-11257,intent,play_podcasts,play_music,0.9894378185272217
qwen-nf4-v2,massive-test,massive-test-11261,intent,play_podcasts,iot_hue_lighton,0.487844318151474
qwen-nf4-v2,massive-test,massive-test-11265,intent,play_podcasts,play_music,0.9997695088386536
qwen-nf4-v2,massive-test,massive-test-11272,intent,play_podcasts,play_music,0.996793806552887
qwen-nf4-v2,massive-test,massive-test-11273,intent,play_audiobook,play_music,0.9997767806053162
qwen-nf4-v2,massive-test,massive-test-11306,intent,play_podcasts,play_music,0.9335464239120483
qwen-nf4-v2,massive-test,massive-test-11322,intent,play_podcasts,general_greet,0.9990277290344238
qwen-nf4-v2,massive-test,massive-test-11343,intent,play_podcasts,general_joke,0.37608930468559265
qwen-nf4-v2,massive-test,massive-test-11366,intent,play_podcasts,alarm_query,0.5153399705886841
qwen-nf4-v2,massive-test,massive-test-11417,intent,play_podcasts,alarm_remove,0.471249520778656
qwen-nf4-v2,massive-test,massive-test-11423,intent,play_podcasts,alarm_remove,0.3646892309188843
qwen-nf4-v2,massive-test,massive-test-11424,intent,play_podcasts,lists_query,0.353403240442276
qwen-nf4-v2,massive-test,massive-test-11427,intent,play_podcasts,music_dislikeness,0.37415802478790283
qwen-nf4-v2,massive-test,massive-test-11455,intent,play_podcasts,alarm_remove,0.2614491581916809
qwen-nf4-v2,massive-test,massive-test-11483,intent,play_podcasts,play_music,0.9337115287780762
qwen-nf4-v2,massive-test,massive-test-11502,intent,play_podcasts,iot_hue_lighton,0.2856316566467285
qwen-nf4-v2,massive-test,massive-test-11546,intent,play_podcasts,calendar_query,0.7214547395706177
qwen-nf4-v2,massive-test,massive-test-11563,intent,recommendation_events,calendar_query,0.993018388748169
qwen-nf4-v2,massive-test,massive-test-11570,intent,recommendation_events,calendar_query,0.9123004674911499
qwen-nf4-v2,massive-test,massive-test-11582,intent,recommendation_events,recommendation_locations,0.9998821020126343
qwen-nf4-v2,massive-test,massive-test-11585,intent,recommendation_events,lists_query,0.5158999562263489
qwen-nf4-v2,massive-test,massive-test-11598,intent,recommendation_events,music_query,0.7632368206977844
qwen-nf4-v2,massive-test,massive-test-11600,intent,recommendation_events,recommendation_movies,0.9999829530715942
qwen-nf4-v2,massive-test,massive-test-11610,intent,recommendation_events,lists_query,0.698047399520874
qwen-nf4-v2,massive-test,massive-test-11612,intent,recommendation_events,lists_query,0.8696363568305969
qwen-nf4-v2,massive-test,massive-test-11616,intent,recommendation_events,calendar_query,0.9434331059455872
qwen-nf4-v2,massive-test,massive-test-11628,intent,recommendation_locations,lists_query,0.7242452502250671
qwen-nf4-v2,massive-test,massive-test-11643,intent,recommendation_events,calendar_query,0.5026242136955261
qwen-nf4-v2,massive-test,massive-test-11644,intent,recommendation_events,calendar_query,0.5084847807884216
qwen-nf4-v2,massive-test,massive-test-11650,intent,recommendation_events,lists_query,0.5938823819160461
qwen-nf4-v2,massive-test,massive-test-11665,intent,recommendation_locations,lists_query,0.30442842841148376
qwen-nf4-v2,massive-test,massive-test-11677,intent,recommendation_locations,cooking_recipe,0.8800467252731323
qwen-nf4-v2,massive-test,massive-test-11681,intent,recommendation_events,calendar_query,0.8783989548683167
qwen-nf4-v2,massive-test,massive-test-11685,intent,recommendation_events,general_greet,0.9350045323371887
qwen-nf4-v2,massive-test,massive-test-11700,intent,recommendation_locations,cooking_recipe,0.6428556442260742
qwen-nf4-v2,massive-test,massive-test-11705,intent,recommendation_events,lists_query,0.800655722618103
qwen-nf4-v2,massive-test,massive-test-11720,intent,recommendation_events,iot_hue_lighton,0.4718659222126007
qwen-nf4-v2,massive-test,massive-test-11751,intent,recommendation_locations,lists_query,0.5595484972000122
qwen-nf4-v2,massive-test,massive-test-11764,intent,recommendation_movies,lists_query,0.4281814396381378
qwen-nf4-v2,massive-test,massive-test-11767,intent,recommendation_events,calendar_query,0.9818475246429443
qwen-nf4-v2,massive-test,massive-test-11770,intent,recommendation_events,calendar_query,0.6683964729309082
qwen-nf4-v2,massive-test,massive-test-11796,intent,recommendation_locations,lists_query,0.6920123100280762
qwen-nf4-v2,massive-test,massive-test-11798,intent,recommendation_events,calendar_query,0.9786580801010132
qwen-nf4-v2,massive-test,massive-test-11825,intent,recommendation_locations,lists_query,0.5925806760787964
qwen-nf4-v2,massive-test,massive-test-11827,intent,recommendation_events,calendar_query,0.511792004108429
qwen-nf4-v2,massive-test,massive-test-11839,intent,recommendation_events,recommendation_locations,0.978762149810791
qwen-nf4-v2,massive-test,massive-test-11841,intent,recommendation_events,recommendation_locations,0.998613715171814
qwen-nf4-v2,massive-test,massive-test-11844,intent,recommendation_events,recommendation_locations,0.9657709002494812
qwen-nf4-v2,massive-test,massive-test-11845,intent,recommendation_events,recommendation_locations,0.6528891921043396
qwen-nf4-v2,massive-test,massive-test-11860,intent,recommendation_events,calendar_query,0.5782736539840698
qwen-nf4-v2,massive-test,massive-test-11867,intent,recommendation_events,calendar_query,0.7253607511520386
qwen-nf4-v2,massive-test,massive-test-11875,intent,recommendation_events,cooking_query,0.5563464760780334
qwen-nf4-v2,massive-test,massive-test-11903,intent,recommendation_locations,alarm_query,0.3309180736541748
qwen-nf4-v2,massive-test,massive-test-11904,intent,recommendation_events,calendar_query,0.9990339279174805
qwen-nf4-v2,massive-test,massive-test-11905,intent,recommendation_events,calendar_query,0.9995583891868591
qwen-nf4-v2,massive-test,massive-test-11911,intent,recommendation_events,recommendation_locations,0.9400357007980347
qwen-nf4-v2,massive-test,massive-test-11914,intent,iot_coffee,lists_query,0.47130462527275085
qwen-nf4-v2,massive-test,massive-test-11916,intent,recommendation_events,recommendation_locations,0.999544084072113
qwen-nf4-v2,massive-test,massive-test-11922,intent,recommendation_locations,cooking_recipe,0.8733344674110413
qwen-nf4-v2,massive-test,massive-test-11932,intent,recommendation_movies,calendar_query,0.9998893737792969
qwen-nf4-v2,massive-test,massive-test-11947,intent,recommendation_locations,cooking_recipe,0.5268048644065857
qwen-nf4-v2,massive-test,massive-test-11953,intent,recommendation_locations,alarm_remove,0.6233691573143005
qwen-nf4-v2,massive-test,massive-test-11954,intent,recommendation_locations,recommendation_movies,0.9999798536300659
qwen-nf4-v2,massive-test,massive-test-11969,intent,recommendation_events,calendar_query,0.9622057676315308
qwen-nf4-v2,massive-test,massive-test-11999,intent,recommendation_events,calendar_query,0.962017297744751
qwen-nf4-v2,massive-test,massive-test-12019,intent,recommendation_locations,news_query,0.3303222954273224
qwen-nf4-v2,massive-test,massive-test-12051,intent,recommendation_locations,lists_query,0.9315087795257568
qwen-nf4-v2,massive-test,massive-test-12054,intent,recommendation_events,calendar_query,0.4857212007045746
qwen-nf4-v2,massive-test,massive-test-12070,intent,recommendation_events,calendar_query,0.25156086683273315
qwen-nf4-v2,massive-test,massive-test-12073,intent,recommendation_events,calendar_query,0.996970534324646
qwen-nf4-v2,massive-test,massive-test-12098,intent,recommendation_events,music_likeness,0.44408270716667175
qwen-nf4-v2,massive-test,massive-test-12104,intent,recommendation_movies,lists_query,0.5714284181594849
qwen-nf4-v2,massive-test,massive-test-12127,intent,transport_ticket,alarm_set,0.9931540489196777
qwen-nf4-v2,massive-test,massive-test-12150,intent,transport_ticket,lists_query,0.8150367736816406
qwen-nf4-v2,massive-test,massive-test-12160,intent,transport_taxi,calendar_query,0.9467471837997437
qwen-nf4-v2,massive-test,massive-test-12162,intent,transport_ticket,audio_volume_mute,0.4755825102329254
qwen-nf4-v2,massive-test,massive-test-12182,intent,transport_traffic,alarm_query,0.39980995655059814
qwen-nf4-v2,massive-test,massive-test-12233,intent,transport_ticket,lists_query,0.8799766302108765
qwen-nf4-v2,massive-test,massive-test-12235,intent,transport_ticket,lists_query,0.7349913120269775
qwen-nf4-v2,massive-test,massive-test-12240,intent,transport_query,transport_traffic,0.8051713705062866
qwen-nf4-v2,massive-test,massive-test-12248,intent,transport_taxi,iot_wemo_off,0.9046900272369385
qwen-nf4-v2,massive-test,massive-test-12252,intent,transport_query,alarm_remove,0.41190215945243835
qwen-nf4-v2,massive-test,massive-test-12254,intent,transport_traffic,transport_query,0.9914241433143616
qwen-nf4-v2,massive-test,massive-test-12256,intent,transport_traffic,calendar_query,0.32370907068252563
qwen-nf4-v2,massive-test,massive-test-12261,intent,transport_query,lists_query,0.9869747161865234
qwen-nf4-v2,massive-test,massive-test-12263,intent,transport_query,calendar_query,0.5370361804962158
qwen-nf4-v2,massive-test,massive-test-12264,intent,transport_query,calendar_query,0.36573514342308044
qwen-nf4-v2,massive-test,massive-test-12289,intent,transport_traffic,music_dislikeness,0.9936506152153015
qwen-nf4-v2,massive-test,massive-test-12291,intent,transport_ticket,alarm_remove,0.47143393754959106
qwen-nf4-v2,massive-test,massive-test-12293,intent,transport_ticket,lists_query,0.4760115146636963
qwen-nf4-v2,massive-test,massive-test-12310,intent,transport_query,lists_query,0.9902730584144592
qwen-nf4-v2,massive-test,massive-test-12354,intent,transport_query,calendar_query,0.32506680488586426
qwen-nf4-v2,massive-test,massive-test-12376,intent,transport_query,lists_query,0.8336418867111206
qwen-nf4-v2,massive-test,massive-test-12377,intent,transport_taxi,iot_wemo_off,0.4820437431335449
qwen-nf4-v2,massive-test,massive-test-12392,intent,transport_query,calendar_query,0.9410359263420105
qwen-nf4-v2,massive-test,massive-test-12409,intent,recommendation_locations,lists_query,0.8314180970191956
qwen-nf4-v2,massive-test,massive-test-12430,intent,transport_query,lists_query,0.2636290192604065
qwen-nf4-v2,massive-test,massive-test-12436,intent,transport_query,alarm_remove,0.38455459475517273
qwen-nf4-v2,massive-test,massive-test-12452,intent,transport_taxi,iot_wemo_off,0.6475907564163208
qwen-nf4-v2,massive-test,massive-test-12453,intent,transport_ticket,lists_query,0.44681859016418457
qwen-nf4-v2,massive-test,massive-test-12468,intent,transport_ticket,lists_query,0.8819409608840942
qwen-nf4-v2,massive-test,massive-test-12469,intent,transport_ticket,lists_query,0.8605040907859802
qwen-nf4-v2,massive-test,massive-test-12473,intent,transport_query,calendar_query,0.676217257976532
qwen-nf4-v2,massive-test,massive-test-12526,intent,transport_query,alarm_remove,0.739452064037323
qwen-nf4-v2,massive-test,massive-test-12548,intent,transport_taxi,music_dislikeness,0.484048455953598
qwen-nf4-v2,massive-test,massive-test-12581,intent,transport_query,calendar_query,0.9124202132225037
qwen-nf4-v2,massive-test,massive-test-12582,intent,transport_query,lists_query,0.2946068346500397
qwen-nf4-v2,massive-test,massive-test-12604,intent,transport_query,transport_ticket,0.6983920931816101
qwen-nf4-v2,massive-test,massive-test-12618,intent,transport_query,transport_ticket,0.5589015483856201
qwen-nf4-v2,massive-test,massive-test-12623,intent,transport_query,calendar_query,0.4812162518501282
qwen-nf4-v2,massive-test,massive-test-12629,intent,transport_query,calendar_query,0.42671212553977966
qwen-nf4-v2,massive-test,massive-test-12672,intent,transport_traffic,lists_remove,0.526602566242218
qwen-nf4-v2,massive-test,massive-test-12675,intent,transport_traffic,recommendation_locations,0.6204435229301453
qwen-nf4-v2,massive-test,massive-test-12693,intent,transport_traffic,transport_query,0.9999881982803345
qwen-nf4-v2,massive-test,massive-test-12707,intent,transport_query,calendar_query,0.7637420296669006
qwen-nf4-v2,massive-test,massive-test-12716,intent,transport_taxi,iot_wemo_off,0.7257969379425049
qwen-nf4-v2,massive-test,massive-test-12723,intent,transport_ticket,lists_query,0.5509311556816101
qwen-nf4-v2,massive-test,massive-test-12724,intent,transport_ticket,lists_query,0.62431800365448
qwen-nf4-v2,massive-test,massive-test-12736,intent,transport_traffic,lists_remove,0.8225559592247009
qwen-nf4-v2,massive-test,massive-test-12759,intent,transport_query,alarm_set,0.7213572859764099
qwen-nf4-v2,massive-test,massive-test-12779,intent,transport_taxi,iot_wemo_off,0.9517726302146912
qwen-nf4-v2,massive-test,massive-test-12800,intent,transport_query,alarm_remove,0.3516658544540405
qwen-nf4-v2,massive-test,massive-test-12802,intent,transport_ticket,lists_query,0.7953333854675293
qwen-nf4-v2,massive-test,massive-test-12813,intent,transport_ticket,alarm_remove,0.4597906470298767
qwen-nf4-v2,massive-test,massive-test-12818,intent,transport_query,lists_query,0.8000014424324036
qwen-nf4-v2,massive-test,massive-test-12835,intent,transport_query,alarm_remove,0.39781221747398376
qwen-nf4-v2,massive-test,massive-test-12839,intent,transport_query,recommendation_locations,0.9997346997261047
qwen-nf4-v2,massive-test,massive-test-12851,intent,transport_query,lists_query,0.6910267472267151
qwen-nf4-v2,massive-test,massive-test-12866,intent,transport_query,alarm_remove,0.25731876492500305
qwen-nf4-v2,massive-test,massive-test-12869,intent,transport_traffic,lists_remove,0.6051210761070251
qwen-nf4-v2,massive-test,massive-test-12873,intent,transport_ticket,lists_query,0.935578465461731
qwen-nf4-v2,massive-test,massive-test-12874,intent,transport_ticket,lists_query,0.8914820551872253
qwen-nf4-v2,massive-test,massive-test-12930,intent,transport_query,recommendation_locations,0.8005996346473694
qwen-nf4-v2,massive-test,massive-test-12932,intent,transport_query,lists_query,0.41980546712875366
qwen-nf4-v2,massive-test,massive-test-12951,intent,qa_factoid,lists_query,0.42463064193725586
qwen-nf4-v2,massive-test,massive-test-12972,intent,qa_factoid,lists_query,0.6235594153404236
qwen-nf4-v2,massive-test,massive-test-12987,intent,general_quirky,music_dislikeness,0.8270838856697083
qwen-nf4-v2,massive-test,massive-test-12999,intent,qa_factoid,music_query,0.9995336532592773
qwen-nf4-v2,massive-test,massive-test-13031,intent,recommendation_locations,cooking_recipe,0.4986683428287506
qwen-nf4-v2,massive-test,massive-test-13043,intent,lists_createoradd,news_query,0.6064956188201904
qwen-nf4-v2,massive-test,massive-test-13044,intent,general_quirky,music_query,0.9398931264877319
qwen-nf4-v2,massive-test,massive-test-13064,intent,general_quirky,lists_query,0.7180726528167725
qwen-nf4-v2,massive-test,massive-test-13067,intent,general_quirky,cooking_query,0.7699457406997681
qwen-nf4-v2,massive-test,massive-test-13074,intent,qa_factoid,calendar_query,0.5570017099380493
qwen-nf4-v2,massive-test,massive-test-13077,intent,qa_factoid,calendar_query,0.4813411235809326
qwen-nf4-v2,massive-test,massive-test-13078,intent,qa_factoid,lists_query,0.5138964653015137
qwen-nf4-v2,massive-test,massive-test-13083,intent,general_quirky,music_dislikeness,0.24604280292987823
qwen-nf4-v2,massive-test,massive-test-13099,intent,qa_factoid,lists_query,0.5807762145996094
qwen-nf4-v2,massive-test,massive-test-13124,intent,qa_factoid,iot_hue_lighton,0.25413596630096436
qwen-nf4-v2,massive-test,massive-test-13135,intent,qa_factoid,music_dislikeness,0.47292962670326233
qwen-nf4-v2,massive-test,massive-test-13140,intent,qa_definition,weather_query,0.9032532572746277
qwen-nf4-v2,massive-test,massive-test-13150,intent,general_quirky,music_likeness,0.524808406829834
qwen-nf4-v2,massive-test,massive-test-13154,intent,qa_factoid,lists_query,0.6860753297805786
qwen-nf4-v2,massive-test,massive-test-13175,intent,general_quirky,calendar_query,0.9848970174789429
qwen-nf4-v2,massive-test,massive-test-13177,intent,calendar_set,music_dislikeness,0.450996458530426
qwen-nf4-v2,massive-test,massive-test-13178,intent,calendar_set,lists_query,0.4572041630744934
qwen-nf4-v2,massive-test,massive-test-13186,intent,general_quirky,general_greet,0.9998513460159302
qwen-nf4-v2,massive-test,massive-test-13188,intent,news_query,lists_query,0.9283591508865356
qwen-nf4-v2,massive-test,massive-test-13197,intent,general_quirky,lists_query,0.6255358457565308
qwen-nf4-v2,massive-test,massive-test-13206,intent,qa_definition,alarm_query,0.4605034291744232
qwen-nf4-v2,massive-test,massive-test-13222,intent,general_quirky,lists_query,0.8507905602455139
qwen-nf4-v2,massive-test,massive-test-13242,intent,general_quirky,cooking_recipe,0.9980731010437012
qwen-nf4-v2,massive-test,massive-test-13255,intent,qa_factoid,lists_query,0.8021162748336792
qwen-nf4-v2,massive-test,massive-test-13283,intent,qa_factoid,alarm_remove,0.4616791307926178
qwen-nf4-v2,massive-test,massive-test-13297,intent,qa_factoid,music_dislikeness,0.6628293991088867
qwen-nf4-v2,massive-test,massive-test-13298,intent,qa_factoid,alarm_remove,0.30014142394065857
qwen-nf4-v2,massive-test,massive-test-13303,intent,general_quirky,cooking_query,0.7772976756095886
qwen-nf4-v2,massive-test,massive-test-13312,intent,qa_maths,qa_currency,0.9703949093818665
qwen-nf4-v2,massive-test,massive-test-13318,intent,recommendation_locations,cooking_recipe,0.7843106389045715
qwen-nf4-v2,massive-test,massive-test-13330,intent,qa_factoid,lists_query,0.4369528293609619
qwen-nf4-v2,massive-test,massive-test-13340,intent,general_quirky,qa_maths,0.9861781597137451
qwen-nf4-v2,massive-test,massive-test-13341,intent,general_quirky,music_likeness,0.5618463158607483
qwen-nf4-v2,massive-test,massive-test-13342,intent,general_quirky,lists_query,0.974163293838501
qwen-nf4-v2,massive-test,massive-test-13346,intent,general_quirky,qa_maths,0.7771871089935303
qwen-nf4-v2,massive-test,massive-test-13363,intent,general_quirky,calendar_query,0.9051170945167542
qwen-nf4-v2,massive-test,massive-test-13372,intent,general_quirky,music_query,0.5790850520133972
qwen-nf4-v2,massive-test,massive-test-13404,intent,general_quirky,lists_query,0.6006743907928467
qwen-nf4-v2,massive-test,massive-test-13407,intent,general_quirky,lists_query,0.8531575798988342
qwen-nf4-v2,massive-test,massive-test-13439,intent,qa_factoid,music_dislikeness,0.4643574059009552
qwen-nf4-v2,massive-test,massive-test-13451,intent,general_quirky,lists_query,0.4869851768016815
qwen-nf4-v2,massive-test,massive-test-13457,intent,calendar_set,alarm_set,0.9969286322593689
qwen-nf4-v2,massive-test,massive-test-13464,intent,general_quirky,calendar_query,0.9605177640914917
qwen-nf4-v2,massive-test,massive-test-13467,intent,general_quirky,music_dislikeness,0.7951628565788269
qwen-nf4-v2,massive-test,massive-test-13473,intent,qa_factoid,lists_query,0.7744082808494568
qwen-nf4-v2,massive-test,massive-test-13486,intent,general_quirky,lists_query,0.9933559894561768
qwen-nf4-v2,massive-test,massive-test-13491,intent,general_quirky,lists_query,0.8660659193992615
qwen-nf4-v2,massive-test,massive-test-13513,intent,qa_factoid,lists_query,0.4299039840698242
qwen-nf4-v2,massive-test,massive-test-13516,intent,qa_factoid,general_quirky,0.5616747140884399
qwen-nf4-v2,massive-test,massive-test-13521,intent,general_quirky,lists_query,0.396493524312973
qwen-nf4-v2,massive-test,massive-test-13524,intent,general_quirky,lists_query,0.27674436569213867
qwen-nf4-v2,massive-test,massive-test-13536,intent,general_quirky,music_dislikeness,0.8987911343574524
qwen-nf4-v2,massive-test,massive-test-13546,intent,qa_factoid,recommendation_movies,0.9954506754875183
qwen-nf4-v2,massive-test,massive-test-13547,intent,general_quirky,calendar_query,0.43150264024734497
qwen-nf4-v2,massive-test,massive-test-13548,intent,iot_wemo_on,iot_hue_lighton,0.9961590766906738
qwen-nf4-v2,massive-test,massive-test-13554,intent,qa_factoid,lists_query,0.5646109580993652
qwen-nf4-v2,massive-test,massive-test-13575,intent,qa_factoid,recommendation_movies,0.9989832043647766
qwen-nf4-v2,massive-test,massive-test-13580,intent,qa_factoid,lists_query,0.8021529912948608
qwen-nf4-v2,massive-test,massive-test-13592,intent,qa_factoid,lists_query,0.7464023232460022
qwen-nf4-v2,massive-test,massive-test-13607,intent,qa_factoid,lists_query,0.470936119556427
qwen-nf4-v2,massive-test,massive-test-13616,intent,qa_factoid,recommendation_locations,0.9225448369979858
qwen-nf4-v2,massive-test,massive-test-13618,intent,general_quirky,alarm_set,0.33855611085891724
qwen-nf4-v2,massive-test,massive-test-13619,intent,recommendation_events,recommendation_locations,0.958350658416748
qwen-nf4-v2,massive-test,massive-test-13625,intent,qa_definition,lists_query,0.4660901129245758
qwen-nf4-v2,massive-test,massive-test-13636,intent,qa_factoid,calendar_query,0.39539557695388794
qwen-nf4-v2,massive-test,massive-test-13679,intent,qa_factoid,general_quirky,0.9524223804473877
qwen-nf4-v2,massive-test,massive-test-13681,intent,qa_factoid,music_query,0.9854210019111633
qwen-nf4-v2,massive-test,massive-test-13683,intent,qa_factoid,lists_query,0.9429835081100464
qwen-nf4-v2,massive-test,massive-test-13690,intent,qa_factoid,iot_hue_lightchange,0.7299932837486267
qwen-nf4-v2,massive-test,massive-test-13693,intent,qa_factoid,datetime_convert,0.4163447320461273
qwen-nf4-v2,massive-test,massive-test-13694,intent,general_quirky,lists_query,0.7089731097221375
qwen-nf4-v2,massive-test,massive-test-13706,intent,qa_definition,lists_query,0.375571608543396
qwen-nf4-v2,massive-test,massive-test-13717,intent,qa_factoid,general_quirky,0.5527663230895996
qwen-nf4-v2,massive-test,massive-test-13744,intent,general_quirky,lists_query,0.7774638533592224
qwen-nf4-v2,massive-test,massive-test-13758,intent,qa_factoid,lists_query,0.5511195063591003
qwen-nf4-v2,massive-test,massive-test-13761,intent,qa_factoid,qa_definition,0.9985702037811279
qwen-nf4-v2,massive-test,massive-test-13774,intent,qa_factoid,lists_query,0.8546002507209778
qwen-nf4-v2,massive-test,massive-test-13777,intent,qa_definition,lists_query,0.872763454914093
qwen-nf4-v2,massive-test,massive-test-13780,intent,qa_factoid,calendar_query,0.8456609845161438
qwen-nf4-v2,massive-test,massive-test-13823,intent,qa_factoid,iot_hue_lighton,0.25780823826789856
qwen-nf4-v2,massive-test,massive-test-13854,intent,qa_factoid,music_query,0.9879200458526611
qwen-nf4-v2,massive-test,massive-test-13858,intent,qa_stock,lists_query,0.9811050295829773
qwen-nf4-v2,massive-test,massive-test-13867,intent,qa_factoid,lists_query,0.3024197220802307
qwen-nf4-v2,massive-test,massive-test-13869,intent,qa_factoid,lists_query,0.9191516637802124
qwen-nf4-v2,massive-test,massive-test-13871,intent,qa_definition,calendar_query,0.2945702075958252
qwen-nf4-v2,massive-test,massive-test-13881,intent,qa_factoid,music_query,0.9998530149459839
qwen-nf4-v2,massive-test,massive-test-13888,intent,qa_factoid,weather_query,0.9995676875114441
qwen-nf4-v2,massive-test,massive-test-13895,intent,qa_factoid,music_query,0.8281286954879761
qwen-nf4-v2,massive-test,massive-test-13907,intent,qa_definition,music_dislikeness,0.7016924023628235
qwen-nf4-v2,massive-test,massive-test-13926,intent,qa_factoid,lists_query,0.44838303327560425
qwen-nf4-v2,massive-test,massive-test-13927,intent,qa_factoid,lists_query,0.7054591774940491
qwen-nf4-v2,massive-test,massive-test-13929,intent,general_quirky,weather_query,0.9958866238594055
qwen-nf4-v2,massive-test,massive-test-13983,intent,qa_definition,music_dislikeness,0.9929078817367554
qwen-nf4-v2,massive-test,massive-test-13984,intent,qa_definition,music_dislikeness,0.2618233263492584
qwen-nf4-v2,massive-test,massive-test-13986,intent,general_quirky,lists_query,0.6024932861328125
qwen-nf4-v2,massive-test,massive-test-13997,intent,qa_factoid,lists_query,0.7086236476898193
qwen-nf4-v2,massive-test,massive-test-14000,intent,qa_definition,iot_wemo_on,0.30820590257644653
qwen-nf4-v2,massive-test,massive-test-14011,intent,qa_factoid,calendar_query,0.9506233930587769
qwen-nf4-v2,massive-test,massive-test-14015,intent,qa_factoid,datetime_convert,0.5857328176498413
qwen-nf4-v2,massive-test,massive-test-14023,intent,qa_definition,music_dislikeness,0.8723976612091064
qwen-nf4-v2,massive-test,massive-test-14038,intent,qa_factoid,play_audiobook,0.8032733798027039
qwen-nf4-v2,massive-test,massive-test-14040,intent,qa_factoid,lists_query,0.38784000277519226
qwen-nf4-v2,massive-test,massive-test-14063,intent,qa_factoid,music_query,0.999950647354126
qwen-nf4-v2,massive-test,massive-test-14071,intent,general_quirky,lists_query,0.7853518128395081
qwen-nf4-v2,massive-test,massive-test-14083,intent,qa_factoid,lists_query,0.5619013905525208
qwen-nf4-v2,massive-test,massive-test-14096,intent,qa_factoid,lists_query,0.551693320274353
qwen-nf4-v2,massive-test,massive-test-14101,intent,general_quirky,music_query,0.9974658489227295
qwen-nf4-v2,massive-test,massive-test-14115,intent,qa_definition,lists_query,0.8577955961227417
qwen-nf4-v2,massive-test,massive-test-14116,intent,qa_definition,iot_hue_lighton,0.2721133232116699
qwen-nf4-v2,massive-test,massive-test-14117,intent,qa_factoid,calendar_query,0.7418050765991211
qwen-nf4-v2,massive-test,massive-test-14118,intent,qa_factoid,calendar_query,0.590467631816864
qwen-nf4-v2,massive-test,massive-test-14126,intent,qa_factoid,music_query,0.9996991157531738
qwen-nf4-v2,massive-test,massive-test-14130,intent,qa_stock,lists_query,0.8230015635490417
qwen-nf4-v2,massive-test,massive-test-14150,intent,qa_definition,lists_query,0.44866427779197693
qwen-nf4-v2,massive-test,massive-test-14151,intent,qa_factoid,music_dislikeness,0.6444562077522278
qwen-nf4-v2,massive-test,massive-test-14154,intent,qa_factoid,news_query,0.6443560719490051
qwen-nf4-v2,massive-test,massive-test-14163,intent,qa_factoid,calendar_query,0.8324730396270752
qwen-nf4-v2,massive-test,massive-test-14169,intent,qa_factoid,lists_query,0.37781092524528503
qwen-nf4-v2,massive-test,massive-test-14170,intent,qa_factoid,music_dislikeness,0.5397198796272278
qwen-nf4-v2,massive-test,massive-test-14179,intent,qa_factoid,datetime_convert,0.36688634753227234
qwen-nf4-v2,massive-test,massive-test-14214,intent,transport_query,lists_query,0.9312689304351807
qwen-nf4-v2,massive-test,massive-test-14229,intent,qa_factoid,recommendation_movies,0.9978640675544739
qwen-nf4-v2,massive-test,massive-test-14243,intent,qa_factoid,lists_query,0.6759934425354004
qwen-nf4-v2,massive-test,massive-test-14246,intent,general_quirky,music_dislikeness,0.7181158661842346
qwen-nf4-v2,massive-test,massive-test-14272,intent,qa_definition,music_dislikeness,0.30007636547088623
qwen-nf4-v2,massive-test,massive-test-14283,intent,qa_factoid,calendar_query,0.6555227637290955
qwen-nf4-v2,massive-test,massive-test-14306,intent,qa_factoid,qa_definition,0.5875309705734253
qwen-nf4-v2,massive-test,massive-test-14308,intent,qa_factoid,lists_query,0.5922828316688538
qwen-nf4-v2,massive-test,massive-test-14315,intent,general_quirky,calendar_query,0.6668934226036072
qwen-nf4-v2,massive-test,massive-test-14316,intent,qa_factoid,iot_hue_lighton,0.5062427520751953
qwen-nf4-v2,massive-test,massive-test-14317,intent,qa_factoid,lists_query,0.3844788074493408
qwen-nf4-v2,massive-test,massive-test-14323,intent,qa_factoid,lists_query,0.670575737953186
qwen-nf4-v2,massive-test,massive-test-14330,intent,qa_factoid,alarm_set,0.22326138615608215
qwen-nf4-v2,massive-test,massive-test-14339,intent,general_quirky,qa_maths,0.81374591588974
qwen-nf4-v2,massive-test,massive-test-14348,intent,general_quirky,lists_query,0.7124860882759094
qwen-nf4-v2,massive-test,massive-test-14354,intent,qa_factoid,alarm_remove,0.31489279866218567
qwen-nf4-v2,massive-test,massive-test-14355,intent,qa_factoid,calendar_query,0.2631136476993561
qwen-nf4-v2,massive-test,massive-test-14356,intent,general_quirky,alarm_remove,0.2346443235874176
qwen-nf4-v2,massive-test,massive-test-14368,intent,general_quirky,lists_query,0.505486786365509
qwen-nf4-v2,massive-test,massive-test-14370,intent,qa_factoid,music_query,0.7646462917327881
qwen-nf4-v2,massive-test,massive-test-14382,intent,qa_factoid,lists_query,0.3150307238101959
qwen-nf4-v2,massive-test,massive-test-14412,intent,general_quirky,lists_query,0.8378148078918457
qwen-nf4-v2,massive-test,massive-test-14414,intent,qa_definition,iot_wemo_on,0.6029030084609985
qwen-nf4-v2,massive-test,massive-test-14417,intent,qa_factoid,play_audiobook,0.43692824244499207
qwen-nf4-v2,massive-test,massive-test-14418,intent,general_quirky,calendar_query,0.9922775030136108
qwen-nf4-v2,massive-test,massive-test-14419,intent,qa_factoid,recommendation_movies,0.9997939467430115
qwen-nf4-v2,massive-test,massive-test-14442,intent,qa_factoid,lists_query,0.6362810730934143
qwen-nf4-v2,massive-test,massive-test-14444,intent,qa_factoid,recommendation_movies,0.8763198852539062
qwen-nf4-v2,massive-test,massive-test-14449,intent,qa_factoid,qa_maths,0.3373708426952362
qwen-nf4-v2,massive-test,massive-test-14457,intent,qa_factoid,transport_query,0.9979308843612671
qwen-nf4-v2,massive-test,massive-test-14461,intent,general_quirky,lists_query,0.5930290222167969
qwen-nf4-v2,massive-test,massive-test-14481,intent,general_quirky,iot_hue_lighton,0.40336912870407104
qwen-nf4-v2,massive-test,massive-test-14498,intent,qa_definition,lists_query,0.8965892195701599
qwen-nf4-v2,massive-test,massive-test-14504,intent,qa_factoid,lists_query,0.6842573285102844
qwen-nf4-v2,massive-test,massive-test-14505,intent,qa_factoid,lists_query,0.8437201380729675
qwen-nf4-v2,massive-test,massive-test-14508,intent,qa_factoid,music_query,0.9985243678092957
qwen-nf4-v2,massive-test,massive-test-14509,intent,qa_factoid,lists_query,0.7682497501373291
qwen-nf4-v2,massive-test,massive-test-14539,intent,qa_factoid,lists_query,0.9149646162986755
qwen-nf4-v2,massive-test,massive-test-14545,intent,qa_factoid,play_audiobook,0.37752819061279297
qwen-nf4-v2,massive-test,massive-test-14549,intent,lists_createoradd,music_query,0.9956433773040771
qwen-nf4-v2,massive-test,massive-test-14553,intent,general_quirky,qa_factoid,0.9884942173957825
qwen-nf4-v2,massive-test,massive-test-14564,intent,general_quirky,qa_definition,0.9937273263931274
qwen-nf4-v2,massive-test,massive-test-14585,intent,qa_factoid,datetime_convert,0.7650657892227173
qwen-nf4-v2,massive-test,massive-test-14591,intent,qa_definition,lists_query,0.7648268342018127
qwen-nf4-v2,massive-test,massive-test-14592,intent,qa_definition,lists_query,0.8870580196380615
qwen-nf4-v2,massive-test,massive-test-14597,intent,qa_factoid,lists_query,0.8521328568458557
qwen-nf4-v2,massive-test,massive-test-14605,intent,qa_factoid,calendar_query,0.6096792221069336
qwen-nf4-v2,massive-test,massive-test-14608,intent,qa_factoid,recommendation_movies,0.9999667406082153
qwen-nf4-v2,massive-test,massive-test-14646,intent,transport_ticket,transport_query,0.5640327334403992
qwen-nf4-v2,massive-test,massive-test-14653,intent,qa_factoid,lists_query,0.8950281143188477
qwen-nf4-v2,massive-test,massive-test-14661,intent,qa_factoid,lists_query,0.5141202211380005
qwen-nf4-v2,massive-test,massive-test-14668,intent,qa_definition,iot_hue_lightchange,0.948246419429779
qwen-nf4-v2,massive-test,massive-test-14673,intent,general_quirky,qa_factoid,0.9963337182998657
qwen-nf4-v2,massive-test,massive-test-14683,intent,qa_factoid,music_query,0.49618789553642273
qwen-nf4-v2,massive-test,massive-test-14684,intent,qa_factoid,lists_query,0.9323727488517761
qwen-nf4-v2,massive-test,massive-test-14690,intent,qa_definition,calendar_query,0.6846043467521667
qwen-nf4-v2,massive-test,massive-test-14700,intent,qa_definition,lists_query,0.5154097676277161
qwen-nf4-v2,massive-test,massive-test-14701,intent,qa_definition,play_game,0.999957799911499
qwen-nf4-v2,massive-test,massive-test-14705,intent,qa_factoid,calendar_query,0.6452203392982483
qwen-nf4-v2,massive-test,massive-test-14706,intent,qa_factoid,lists_query,0.8097386956214905
qwen-nf4-v2,massive-test,massive-test-14757,intent,qa_maths,lists_query,0.33945879340171814
qwen-nf4-v2,massive-test,massive-test-14767,intent,qa_definition,iot_hue_lighton,0.35519683361053467
qwen-nf4-v2,massive-test,massive-test-14787,intent,qa_factoid,datetime_convert,0.5456019639968872
qwen-nf4-v2,massive-test,massive-test-14791,intent,qa_factoid,qa_definition,0.3896642327308655
qwen-nf4-v2,massive-test,massive-test-14792,intent,recommendation_locations,lists_query,0.4974105954170227
qwen-nf4-v2,massive-test,massive-test-14794,intent,qa_factoid,music_query,0.9973921775817871
qwen-nf4-v2,massive-test,massive-test-14817,intent,general_quirky,music_dislikeness,0.9900064468383789
qwen-nf4-v2,massive-test,massive-test-14822,intent,qa_factoid,music_dislikeness,0.837547779083252
qwen-nf4-v2,massive-test,massive-test-14838,intent,qa_factoid,qa_maths,0.6798113584518433
qwen-nf4-v2,massive-test,massive-test-14877,intent,qa_factoid,weather_query,0.9993908405303955
qwen-nf4-v2,massive-test,massive-test-14879,intent,qa_definition,lists_query,0.42344045639038086
qwen-nf4-v2,massive-test,massive-test-14889,intent,qa_definition,lists_query,0.47309476137161255
qwen-nf4-v2,massive-test,massive-test-14891,intent,qa_factoid,music_query,0.7611246109008789
qwen-nf4-v2,massive-test,massive-test-14917,intent,qa_factoid,music_query,0.9990887641906738
qwen-nf4-v2,massive-test,massive-test-14919,intent,qa_stock,calendar_query,0.4404899477958679
qwen-nf4-v2,massive-test,massive-test-14939,intent,qa_factoid,music_query,0.6286921501159668
qwen-nf4-v2,massive-test,massive-test-14958,intent,general_quirky,calendar_query,0.3921017348766327
qwen-nf4-v2,massive-test,massive-test-14963,intent,general_quirky,iot_hue_lighton,0.2876002788543701
qwen-nf4-v2,massive-test,massive-test-14981,intent,qa_definition,calendar_query,0.42573830485343933
qwen-nf4-v2,massive-test,massive-test-14994,intent,qa_factoid,recommendation_movies,0.9999247789382935
qwen-nf4-v2,massive-test,massive-test-14995,intent,qa_definition,music_dislikeness,0.7055823802947998
qwen-nf4-v2,massive-test,massive-test-15020,intent,qa_factoid,lists_query,0.8924522995948792
qwen-nf4-v2,massive-test,massive-test-15039,intent,qa_factoid,music_dislikeness,0.3855999708175659
qwen-nf4-v2,massive-test,massive-test-15056,intent,qa_factoid,lists_query,0.8505747318267822
qwen-nf4-v2,massive-test,massive-test-15062,intent,qa_factoid,calendar_query,0.8450677394866943
qwen-nf4-v2,massive-test,massive-test-15075,intent,qa_factoid,calendar_query,0.5742605924606323
qwen-nf4-v2,massive-test,massive-test-15092,intent,qa_definition,lists_query,0.9096518158912659
qwen-nf4-v2,massive-test,massive-test-15094,intent,qa_factoid,lists_query,0.8875150680541992
qwen-nf4-v2,massive-test,massive-test-15113,intent,general_quirky,lists_query,0.5530303120613098
qwen-nf4-v2,massive-test,massive-test-15127,intent,qa_definition,lists_query,0.8432473540306091
qwen-nf4-v2,massive-test,massive-test-15133,intent,qa_stock,lists_query,0.8338446617126465
qwen-nf4-v2,massive-test,massive-test-15137,intent,general_quirky,iot_hue_lighton,0.6463892459869385
qwen-nf4-v2,massive-test,massive-test-15138,intent,social_query,social_post,0.9997696280479431
qwen-nf4-v2,massive-test,massive-test-15181,intent,social_query,alarm_remove,0.37584543228149414
qwen-nf4-v2,massive-test,massive-test-15185,intent,social_post,music_dislikeness,0.6458428502082825
qwen-nf4-v2,massive-test,massive-test-15186,intent,social_post,calendar_query,0.2628159523010254
qwen-nf4-v2,massive-test,massive-test-15199,intent,social_query,music_dislikeness,0.894577145576477
qwen-nf4-v2,massive-test,massive-test-15200,intent,social_query,social_post,0.6701850891113281
qwen-nf4-v2,massive-test,massive-test-15203,intent,social_query,alarm_query,0.3262479305267334
qwen-nf4-v2,massive-test,massive-test-15205,intent,social_query,social_post,0.9996541738510132
qwen-nf4-v2,massive-test,massive-test-15213,intent,news_query,alarm_remove,0.2899031639099121
qwen-nf4-v2,massive-test,massive-test-15225,intent,social_query,calendar_query,0.8604660630226135
qwen-nf4-v2,massive-test,massive-test-15229,intent,social_query,social_post,0.9966253042221069
qwen-nf4-v2,massive-test,massive-test-15249,intent,social_query,social_post,0.9999947547912598
qwen-nf4-v2,massive-test,massive-test-15274,intent,social_query,social_post,0.999984860420227
qwen-nf4-v2,massive-test,massive-test-15276,intent,social_post,weather_query,0.9624841809272766
qwen-nf4-v2,massive-test,massive-test-15280,intent,social_query,social_post,0.5897693037986755
qwen-nf4-v2,massive-test,massive-test-15289,intent,social_post,iot_hue_lighton,0.7613085508346558
qwen-nf4-v2,massive-test,massive-test-15304,intent,social_query,social_post,0.9932597279548645
qwen-nf4-v2,massive-test,massive-test-15305,intent,calendar_query,lists_query,0.6208078861236572
qwen-nf4-v2,massive-test,massive-test-15311,intent,social_query,lists_query,0.4307439625263214
qwen-nf4-v2,massive-test,massive-test-15318,intent,social_post,general_greet,0.999683141708374
qwen-nf4-v2,massive-test,massive-test-15321,intent,social_query,social_post,0.5279344916343689
qwen-nf4-v2,massive-test,massive-test-15326,intent,social_query,lists_query,0.44967418909072876
qwen-nf4-v2,massive-test,massive-test-15333,intent,social_query,alarm_remove,0.319193571805954
qwen-nf4-v2,massive-test,massive-test-15345,intent,social_query,social_post,0.5065998435020447
qwen-nf4-v2,massive-test,massive-test-15348,intent,social_query,social_post,0.9851646423339844
qwen-nf4-v2,massive-test,massive-test-15350,intent,social_post,music_dislikeness,0.9999326467514038
qwen-nf4-v2,massive-test,massive-test-15364,intent,social_post,music_dislikeness,0.9978274703025818
qwen-nf4-v2,massive-test,massive-test-15382,intent,social_post,iot_cleaning,0.9889360070228577
qwen-nf4-v2,massive-test,massive-test-15399,intent,social_post,lists_query,0.5373886227607727
qwen-nf4-v2,massive-test,massive-test-15413,intent,social_post,lists_query,0.39966344833374023
qwen-nf4-v2,massive-test,massive-test-15444,intent,social_post,music_dislikeness,0.9025927782058716
qwen-nf4-v2,massive-test,massive-test-15445,intent,social_query,music_dislikeness,0.6390589475631714
qwen-nf4-v2,massive-test,massive-test-15467,intent,social_post,music_dislikeness,0.9999961853027344
qwen-nf4-v2,massive-test,massive-test-15511,intent,social_query,social_post,0.9999924898147583
qwen-nf4-v2,massive-test,massive-test-15553,intent,social_post,music_dislikeness,0.9999231100082397
qwen-nf4-v2,massive-test,massive-test-15561,intent,general_quirky,music_dislikeness,0.9041075110435486
qwen-nf4-v2,massive-test,massive-test-15563,intent,general_quirky,alarm_remove,0.37322238087654114
qwen-nf4-v2,massive-test,massive-test-15565,intent,social_post,music_dislikeness,0.9999586343765259
qwen-nf4-v2,massive-test,massive-test-15587,intent,social_post,iot_hue_lightchange,0.2627209722995758
qwen-nf4-v2,massive-test,massive-test-15598,intent,social_post,lists_query,0.5866521000862122
qwen-nf4-v2,massive-test,massive-test-15651,intent,social_post,alarm_remove,0.45961448550224304
qwen-nf4-v2,massive-test,massive-test-15652,intent,social_post,music_dislikeness,0.9223464131355286
qwen-nf4-v2,massive-test,massive-test-15686,intent,social_post,general_greet,0.9999980926513672
qwen-nf4-v2,massive-test,massive-test-15700,intent,social_post,lists_query,0.7046253085136414
qwen-nf4-v2,massive-test,massive-test-15708,intent,social_post,music_dislikeness,0.9979446530342102
qwen-nf4-v2,massive-test,massive-test-15732,intent,social_post,music_dislikeness,0.9977445602416992
qwen-nf4-v2,massive-test,massive-test-15736,intent,social_post,music_dislikeness,0.9999334812164307
qwen-nf4-v2,massive-test,massive-test-15765,intent,email_sendemail,email_query,0.999967098236084
qwen-nf4-v2,massive-test,massive-test-15794,intent,email_querycontact,calendar_query,0.6519443392753601
qwen-nf4-v2,massive-test,massive-test-15815,intent,email_querycontact,calendar_query,0.20325522124767303
qwen-nf4-v2,massive-test,massive-test-15825,intent,email_sendemail,calendar_query,0.7303305268287659
qwen-nf4-v2,massive-test,massive-test-15828,intent,email_sendemail,email_addcontact,0.999997615814209
qwen-nf4-v2,massive-test,massive-test-15829,intent,email_sendemail,email_addcontact,0.9999957084655762
qwen-nf4-v2,massive-test,massive-test-15839,intent,email_query,alarm_remove,0.34694400429725647
qwen-nf4-v2,massive-test,massive-test-15845,intent,email_sendemail,lists_query,0.5540285110473633
qwen-nf4-v2,massive-test,massive-test-15847,intent,email_sendemail,lists_query,0.7591553926467896
qwen-nf4-v2,massive-test,massive-test-15906,intent,email_sendemail,general_greet,0.9955520033836365
qwen-nf4-v2,massive-test,massive-test-15946,intent,email_querycontact,email_addcontact,0.9996232986450195
qwen-nf4-v2,massive-test,massive-test-15948,intent,email_querycontact,email_addcontact,0.8803356289863586
qwen-nf4-v2,massive-test,massive-test-15950,intent,email_sendemail,email_query,0.9999994039535522
qwen-nf4-v2,massive-test,massive-test-15966,intent,email_query,email_sendemail,0.7772982120513916
qwen-nf4-v2,massive-test,massive-test-15982,intent,email_querycontact,email_addcontact,0.9612094759941101
qwen-nf4-v2,massive-test,massive-test-15983,intent,email_querycontact,email_query,0.49859845638275146
qwen-nf4-v2,massive-test,massive-test-15987,intent,email_addcontact,email_sendemail,0.9999830722808838
qwen-nf4-v2,massive-test,massive-test-16050,intent,email_query,calendar_query,0.2118479162454605
qwen-nf4-v2,massive-test,massive-test-16056,intent,email_sendemail,email_query,0.8518821001052856
qwen-nf4-v2,massive-test,massive-test-16100,intent,email_query,lists_query,0.9984081387519836
qwen-nf4-v2,massive-test,massive-test-16131,intent,email_sendemail,email_addcontact,0.9999021291732788
qwen-nf4-v2,massive-test,massive-test-16146,intent,news_query,calendar_query,0.9913668036460876
qwen-nf4-v2,massive-test,massive-test-16151,intent,email_query,calendar_query,0.999911904335022
qwen-nf4-v2,massive-test,massive-test-16158,intent,email_addcontact,email_query,0.9999982118606567
qwen-nf4-v2,massive-test,massive-test-16162,intent,email_sendemail,iot_hue_lighton,0.4523616135120392
qwen-nf4-v2,massive-test,massive-test-16165,intent,email_query,music_dislikeness,0.48087143898010254
qwen-nf4-v2,massive-test,massive-test-16166,intent,email_sendemail,calendar_query,0.9996975660324097
qwen-nf4-v2,massive-test,massive-test-16221,intent,email_sendemail,email_query,0.985927939414978
qwen-nf4-v2,massive-test,massive-test-16222,intent,email_querycontact,calendar_query,0.43769943714141846
qwen-nf4-v2,massive-test,massive-test-16228,intent,email_querycontact,calendar_query,0.9964655637741089
qwen-nf4-v2,massive-test,massive-test-16229,intent,email_querycontact,lists_query,0.36987361311912537
qwen-nf4-v2,massive-test,massive-test-16273,intent,email_querycontact,calendar_query,0.8376593589782715
qwen-nf4-v2,massive-test,massive-test-16275,intent,email_query,email_sendemail,0.989009439945221
qwen-nf4-v2,massive-test,massive-test-16282,intent,email_sendemail,calendar_remove,0.9995669722557068
qwen-nf4-v2,massive-test,massive-test-16318,intent,email_sendemail,email_query,0.8518821001052856
qwen-nf4-v2,massive-test,massive-test-16320,intent,email_sendemail,email_query,0.985934853553772
qwen-nf4-v2,massive-test,massive-test-16356,intent,email_query,email_sendemail,0.9770212769508362
qwen-nf4-v2,massive-test,massive-test-16357,intent,email_query,email_sendemail,0.982012152671814
qwen-nf4-v2,massive-test,massive-test-16406,intent,email_sendemail,email_query,0.9999830722808838
qwen-nf4-v2,massive-test,massive-test-16455,intent,email_addcontact,email_sendemail,0.9999897480010986
qwen-nf4-v2,massive-test,massive-test-16518,intent,email_sendemail,email_addcontact,0.9999992847442627
qwen-nf4-v2,massive-test,massive-test-16519,intent,email_sendemail,email_addcontact,0.9999988079071045
qwen-nf4-v2,massive-test,massive-test-16529,intent,email_querycontact,lists_query,0.5672518610954285
qwen-nf4-v2,massive-test,massive-test-16532,intent,email_querycontact,iot_hue_lightup,0.6294205188751221
qwen-nf4-v2,massive-test,massive-test-16583,intent,email_querycontact,audio_volume_other,0.41319698095321655
qwen-nf4-v2,massive-test,massive-test-16591,intent,email_sendemail,email_query,0.999998927116394
qwen-nf4-v2,massive-test,massive-test-16593,intent,email_sendemail,email_query,0.9999991655349731
qwen-nf4-v2,massive-test,massive-test-16613,intent,email_sendemail,email_query,0.9999796152114868
qwen-nf4-v2,massive-test,massive-test-16630,intent,email_sendemail,email_query,0.9999986886978149
qwen-nf4-v2,massive-test,massive-test-16672,intent,email_query,calendar_query,0.9214714765548706
qwen-nf4-v2,massive-test,massive-test-16693,intent,email_addcontact,email_sendemail,0.9859359264373779
qwen-nf4-v2,massive-test,massive-test-16701,intent,email_sendemail,email_query,0.962668776512146
qwen-nf4-v2,massive-test,massive-test-16703,intent,email_sendemail,email_query,0.9999995231628418
qwen-nf4-v2,massive-test,massive-test-16711,intent,email_querycontact,lists_query,0.47488027811050415
qwen-nf4-v2,massive-test,massive-test-16754,intent,email_sendemail,email_query,0.9996781349182129
qwen-nf4-v2,massive-test,massive-test-16777,intent,email_querycontact,email_addcontact,0.9238633513450623
qwen-nf4-v2,massive-test,massive-test-16797,intent,email_querycontact,transport_taxi,0.9539070725440979
qwen-nf4-v2,massive-test,massive-test-16846,intent,email_addcontact,email_sendemail,0.9999017715454102
qwen-nf4-v2,massive-test,massive-test-16851,intent,email_query,email_sendemail,0.9997225403785706
qwen-nf4-v2,massive-test,massive-test-16874,intent,email_querycontact,lists_query,0.6741170883178711
qwen-nf4-v2,massive-test,massive-test-16886,intent,email_sendemail,email_query,0.9999933242797852
qwen-nf4-v2,massive-test,massive-test-16907,intent,email_querycontact,alarm_remove,0.28184232115745544
qwen-nf4-v2,massive-test,massive-test-16916,intent,email_sendemail,email_query,0.9999994039535522
qwen-nf4-v2,massive-test,massive-test-16938,intent,email_sendemail,email_query,0.9914097189903259
qwen-nf4-v2,massive-test,massive-test-16947,intent,email_sendemail,email_query,0.8518821001052856
qwen-nf4-v2,massive-test,massive-test-16961,intent,email_sendemail,lists_query,0.49898603558540344
qwen-nf4-v2,massive-test,massive-test-16983,intent,email_querycontact,calendar_query,0.48089808225631714
qwen-nf4-v2,massive-test,massive-test-17015,intent,email_sendemail,alarm_query,0.8646741509437561
qwen-nf4-v2,massive-test,massive-test-17019,intent,email_sendemail,email_query,0.9999939203262329
qwen-nf4-v2,massive-test,massive-test-17020,intent,email_sendemail,email_query,0.9999990463256836
qwen-nf4-v2,massive-test,massive-test-17023,intent,email_sendemail,weather_query,0.9988381266593933
qwen-nf4-v2,massive-test,massive-test-17051,intent,email_query,email_sendemail,0.9046452641487122
qwen-nf4-v2,massive-test,massive-test-17052,intent,email_query,music_dislikeness,0.5116869211196899
qwen-nf4-v2,massive-test,massive-test-17090,intent,email_querycontact,email_addcontact,0.9997184872627258
qwen-nf4-v2,massive-test,massive-test-17095,intent,email_querycontact,email_query,0.9999167919158936
qwen-nf4-v2,massive-test,massive-test-17111,intent,email_querycontact,email_addcontact,0.9769812226295471
qwen-nf4-v2,massive-test,massive-test-17123,intent,email_sendemail,email_query,0.9999970197677612
qwen-nf4-v2,massive-test,massive-test-17135,intent,email_query,news_query,0.4930139183998108
qwen-nf4-v2,massive-test,massive-test-17138,intent,email_query,lists_query,0.46961644291877747
qwen-nf4-v2,massive-test,massive-test-17147,intent,email_sendemail,general_greet,0.9968711733818054
qwen-nf4-v2,massive-test,massive-test-17148,intent,email_sendemail,general_greet,0.9999462366104126
qwen-nf4-v2,massive-test,massive-test-17151,intent,email_sendemail,email_query,0.9929273724555969
qwen-qlora-v2,business-test,biz-product_terms-0,route,tool,llm,0.7693047523498535
qwen-qlora-v2,business-test,biz-product_terms-0,tool,queryLoanProducts,none,
qwen-qlora-v2,business-test,biz-product_terms-1,tool,queryLoanProducts,none,0.9003186225891113
qwen-qlora-v2,business-test,biz-product_terms-2,tool,queryLoanProducts,none,0.8524385094642639
qwen-qlora-v2,business-test,biz-product_terms-3,tool,queryLoanProducts,none,0.6983199715614319
qwen-qlora-v2,business-test,biz-product_login-1,route,clarify,llm,0.5325310826301575
qwen-qlora-v2,business-test,biz-product_login-3,intent,products,security,0.43266984820365906
qwen-qlora-v2,business-test,biz-applications_list-0,route,tool,llm,0.706599235534668
qwen-qlora-v2,business-test,biz-applications_list-0,tool,queryMyApplications,none,
qwen-qlora-v2,business-test,biz-applications_list-1,tool,queryMyApplications,none,0.7660725116729736
qwen-qlora-v2,business-test,biz-application_missing-0,route,clarify,tool,0.7412062287330627
qwen-qlora-v2,business-test,biz-application_missing-1,route,clarify,tool,0.3859499394893646
qwen-qlora-v2,business-test,biz-application_missing-2,route,clarify,tool,0.7558957934379578
qwen-qlora-v2,business-test,biz-application_missing-3,route,clarify,tool,0.3890721797943115
qwen-qlora-v2,business-test,biz-status_reject-0,route,tool,llm,0.4480094611644745
qwen-qlora-v2,business-test,biz-status_reject-0,intent,status_code,application_detail,0.7304847240447998
qwen-qlora-v2,business-test,biz-status_reject-0,tool,explainApplicationStatus,none,
qwen-qlora-v2,business-test,biz-status_reject-1,route,tool,llm,0.8108310699462891
qwen-qlora-v2,business-test,biz-status_reject-1,tool,explainApplicationStatus,none,
qwen-qlora-v2,business-test,biz-status_reject-2,route,tool,llm,0.7591541409492493
qwen-qlora-v2,business-test,biz-status_reject-2,tool,explainApplicationStatus,none,
qwen-qlora-v2,business-test,biz-status_reject-3,route,tool,llm,0.8730574250221252
qwen-qlora-v2,business-test,biz-status_reject-3,intent,status_code,application_detail,0.43491068482398987
qwen-qlora-v2,business-test,biz-status_reject-3,tool,explainApplicationStatus,none,
qwen-qlora-v2,business-test,biz-status_approved-0,route,tool,llm,0.7974472045898438
qwen-qlora-v2,business-test,biz-status_approved-0,tool,explainApplicationStatus,none,
qwen-qlora-v2,business-test,biz-status_approved-1,route,tool,llm,0.900305449962616
qwen-qlora-v2,business-test,biz-status_approved-1,intent,status_code,application_detail,0.45090147852897644
qwen-qlora-v2,business-test,biz-status_approved-1,tool,explainApplicationStatus,none,
qwen-qlora-v2,business-test,biz-status_approved-2,route,tool,llm,0.7862130403518677
qwen-qlora-v2,business-test,biz-status_approved-2,tool,explainApplicationStatus,none,
qwen-qlora-v2,business-test,biz-status_approved-3,route,tool,llm,0.6166358590126038
qwen-qlora-v2,business-test,biz-status_approved-3,intent,status_code,products,0.23827040195465088
qwen-qlora-v2,business-test,biz-status_approved-3,tool,explainApplicationStatus,none,
qwen-qlora-v2,business-test,biz-ui_unlisted-0,route,llm,human,0.7171699404716492
qwen-qlora-v2,business-test,biz-ui_unlisted-0,intent,ui_issue,application_detail,0.8182600140571594
qwen-qlora-v2,business-test,biz-ui_unlisted-0,needs_human,no,yes,
qwen-qlora-v2,business-test,biz-ui_unlisted-1,route,llm,human,0.5367287397384644
qwen-qlora-v2,business-test,biz-ui_unlisted-1,needs_human,no,yes,
qwen-qlora-v2,business-test,biz-ui_unlisted-2,route,llm,human,0.6649267077445984
qwen-qlora-v2,business-test,biz-ui_unlisted-2,needs_human,no,yes,
qwen-qlora-v2,business-test,biz-ui_unlisted-3,route,llm,human,0.8152219653129578
qwen-qlora-v2,business-test,biz-ui_unlisted-3,intent,ui_issue,products,0.4103912115097046
qwen-qlora-v2,business-test,biz-ui_unlisted-3,needs_human,no,yes,
qwen-qlora-v2,business-test,biz-ui_pending-0,route,llm,human,0.7856306433677673
qwen-qlora-v2,business-test,biz-ui_pending-0,intent,ui_issue,application_detail,0.536530613899231
qwen-qlora-v2,business-test,biz-ui_pending-0,needs_human,no,yes,
qwen-qlora-v2,business-test,biz-ui_pending-1,route,llm,human,0.8056533932685852
qwen-qlora-v2,business-test,biz-ui_pending-1,needs_human,no,yes,
qwen-qlora-v2,business-test,biz-ui_pending-2,route,llm,human,0.8107136487960815
qwen-qlora-v2,business-test,biz-ui_pending-2,intent,ui_issue,application_detail,0.5155262351036072
qwen-qlora-v2,business-test,biz-ui_pending-2,needs_human,no,yes,
qwen-qlora-v2,business-test,biz-ui_pending-3,route,llm,human,0.6846434473991394
qwen-qlora-v2,business-test,biz-ui_pending-3,intent,ui_issue,applications,0.38359540700912476
qwen-qlora-v2,business-test,biz-ui_pending-3,needs_human,no,yes,
qwen-qlora-v2,business-test,biz-ui_disagree-2,route,human,tool,0.7148716449737549
qwen-qlora-v2,business-test,biz-ui_disagree-2,needs_human,yes,no,
qwen-qlora-v2,business-test,biz-ui_disagree-3,intent,ui_issue,handoff,0.29946041107177734
qwen-qlora-v2,business-test,biz-general_unclear-0,route,clarify,llm,0.5816750526428223
qwen-qlora-v2,business-test,biz-general_unclear-0,intent,general,products,0.5474036931991577
qwen-qlora-v2,business-test,biz-general_unclear-1,route,clarify,human,0.3918190598487854
qwen-qlora-v2,business-test,biz-general_unclear-1,intent,general,repayment,0.17855335772037506
qwen-qlora-v2,business-test,biz-general_unclear-1,needs_human,no,yes,
qwen-qlora-v2,business-test,biz-general_unclear-2,route,clarify,llm,0.7025154829025269
qwen-qlora-v2,business-test,biz-general_unclear-2,intent,general,applications,0.2671453356742859
qwen-qlora-v2,business-test,biz-general_unclear-3,route,clarify,llm,0.9123277068138123
qwen-qlora-v2,business-test,biz-general_unclear-3,intent,general,products,0.6016353368759155
qwen-qlora-v2,business-test,biz-product_typo-0,route,tool,llm,0.7998656034469604
qwen-qlora-v2,business-test,biz-product_typo-0,tool,queryLoanProducts,none,
qwen-qlora-v2,business-test,biz-product_typo-1,route,tool,llm,0.5876404047012329
qwen-qlora-v2,business-test,biz-product_typo-1,tool,queryLoanProducts,none,
qwen-qlora-v2,business-test,biz-product_typo-2,route,tool,llm,0.5368245840072632
qwen-qlora-v2,business-test,biz-product_typo-2,tool,queryLoanProducts,none,
qwen-qlora-v2,business-test,biz-product_typo-3,tool,queryLoanProducts,none,0.7224002480506897
qwen-qlora-v2,business-test,biz-ui_amount-0,route,llm,human,0.6398464441299438
qwen-qlora-v2,business-test,biz-ui_amount-0,needs_human,no,yes,
qwen-qlora-v2,business-test,biz-ui_amount-1,route,llm,tool,0.42873165011405945
qwen-qlora-v2,business-test,biz-ui_amount-2,route,llm,human,0.5844157338142395
qwen-qlora-v2,business-test,biz-ui_amount-2,intent,ui_issue,application_detail,0.885880708694458
qwen-qlora-v2,business-test,biz-ui_amount-2,needs_human,no,yes,
qwen-qlora-v2,business-test,biz-ui_amount-3,route,llm,human,0.7772386074066162
qwen-qlora-v2,business-test,biz-ui_amount-3,intent,ui_issue,handoff,0.32507845759391785
qwen-qlora-v2,business-test,biz-ui_amount-3,needs_human,no,yes,
qwen-qlora-v2,business-test,biz-ui_empty-1,route,llm,human,0.591838538646698
qwen-qlora-v2,business-test,biz-ui_empty-1,intent,ui_issue,application_detail,0.5587965846061707
qwen-qlora-v2,business-test,biz-ui_empty-1,needs_human,no,yes,
qwen-qlora-v2,business-test,biz-ui_empty-2,route,llm,human,0.4045257270336151
qwen-qlora-v2,business-test,biz-ui_empty-2,needs_human,no,yes,
qwen-qlora-v2,business-test,biz-ui_empty-3,route,llm,human,0.6238889694213867
qwen-qlora-v2,business-test,biz-ui_empty-3,needs_human,no,yes,
qwen-qlora-v2,business-test,biz-repay_change-0,intent,repayment,handoff,0.45692145824432373
qwen-qlora-v2,business-test,biz-repay_change-1,intent,repayment,handoff,0.29966145753860474
qwen-qlora-v2,business-test,biz-repay_change-2,intent,repayment,handoff,0.49540379643440247
qwen-qlora-v2,business-test,biz-application_other-0,route,human,tool,0.754561722278595
qwen-qlora-v2,business-test,biz-application_other-0,needs_human,yes,no,
qwen-qlora-v2,business-test,biz-application_other-1,intent,application_detail,handoff,0.24779736995697021
qwen-qlora-v2,business-test,biz-application_other-2,intent,application_detail,security,0.781453013420105
qwen-qlora-v2,business-test,biz-application_other-3,route,human,tool,0.6964101195335388
qwen-qlora-v2,business-test,biz-application_other-3,intent,application_detail,repayment,0.22015829384326935
qwen-qlora-v2,business-test,biz-application_other-3,needs_human,yes,no,
qwen-qlora-v2,crosswoz-test,crosswoz-8017-12,intent,taxi,restaurant,0.829555094242096
qwen-qlora-v2,crosswoz-test,crosswoz-11801-8,intent,taxi,restaurant,0.8613556027412415
qwen-qlora-v2,crosswoz-test,crosswoz-7805-12,intent,taxi,restaurant,0.7313637733459473
qwen-qlora-v2,crosswoz-test,crosswoz-10606-12,intent,taxi,restaurant,0.890559196472168
qwen-qlora-v2,crosswoz-test,crosswoz-10511-8,intent,taxi,hotel,0.6131836175918579
qwen-qlora-v2,crosswoz-test,crosswoz-4433-20,intent,taxi,restaurant,0.9909254312515259
qwen-qlora-v2,crosswoz-test,crosswoz-11949-20,intent,taxi,restaurant,0.49749302864074707
qwen-qlora-v2,crosswoz-test,crosswoz-10038-10,intent,taxi,attraction,0.7293304204940796
qwen-qlora-v2,crosswoz-test,crosswoz-10113-4,intent,taxi,restaurant,0.7921053767204285
qwen-qlora-v2,crosswoz-test,crosswoz-9521-8,intent,taxi,attraction,0.6988652348518372
qwen-qlora-v2,crosswoz-test,crosswoz-8328-20,intent,taxi,hotel,0.923935055732727
qwen-qlora-v2,crosswoz-test,crosswoz-10540-10,intent,taxi,attraction,0.9593549966812134
qwen-qlora-v2,crosswoz-test,crosswoz-11754-8,intent,taxi,restaurant,0.8560238480567932
qwen-qlora-v2,crosswoz-test,crosswoz-10875-10,intent,taxi,restaurant,0.7273142337799072
qwen-qlora-v2,crosswoz-test,crosswoz-11114-20,intent,taxi,restaurant,0.6348263025283813
qwen-qlora-v2,crosswoz-test,crosswoz-4960-6,intent,metro,attraction,0.9710690379142761
qwen-qlora-v2,crosswoz-test,crosswoz-7675-16,intent,metro,restaurant,0.9825363159179688
qwen-qlora-v2,crosswoz-test,crosswoz-253-6,intent,metro,hotel,0.429638534784317
qwen-qlora-v2,crosswoz-test,crosswoz-7198-22,intent,metro,attraction,0.6704079508781433
qwen-qlora-v2,crosswoz-test,crosswoz-1791-8,intent,metro,attraction,0.9365026354789734
qwen-qlora-v2,crosswoz-test,crosswoz-11409-8,intent,metro,attraction,0.8582314848899841
qwen-qlora-v2,crosswoz-test,crosswoz-12061-16,intent,metro,attraction,0.9946205615997314
qwen-qlora-v2,crosswoz-test,crosswoz-6867-10,intent,metro,restaurant,0.9363396763801575
qwen-qlora-v2,crosswoz-test,crosswoz-8908-10,intent,metro,attraction,0.8681899905204773
qwen-qlora-v2,crosswoz-test,crosswoz-12480-12,intent,metro,attraction,0.9792518019676208
qwen-qlora-v2,crosswoz-test,crosswoz-10184-10,intent,metro,restaurant,0.5669060945510864
qwen-qlora-v2,crosswoz-test,crosswoz-10416-8,intent,metro,hotel,0.9783389568328857
qwen-qlora-v2,crosswoz-test,crosswoz-132-16,intent,metro,attraction,0.9103148579597473
qwen-qlora-v2,crosswoz-test,crosswoz-10847-10,intent,metro,hotel,0.5702221989631653
qwen-qlora-v2,crosswoz-test,crosswoz-6877-22,intent,metro,hotel,0.9467782974243164
qwen-qlora-v2,crosswoz-test,crosswoz-7585-18,intent,metro,restaurant,0.9376891255378723
qwen-qlora-v2,crosswoz-test,crosswoz-7297-14,intent,metro,attraction,0.9752005934715271
qwen-qlora-v2,crosswoz-test,crosswoz-443-8,intent,metro,attraction,0.8342162370681763
qwen-qlora-v2,crosswoz-test,crosswoz-1820-12,intent,metro,hotel,0.7210115194320679
qwen-qlora-v2,crosswoz-test,crosswoz-8723-14,intent,metro,restaurant,0.7743960022926331
qwen-qlora-v2,crosswoz-test,crosswoz-10023-12,intent,metro,restaurant,0.9957436919212341
qwen-qlora-v2,crosswoz-test,crosswoz-8408-12,intent,metro,hotel,0.9837242364883423
qwen-qlora-v2,crosswoz-test,crosswoz-10123-12,intent,metro,attraction,0.7466078400611877
qwen-qlora-v2,crosswoz-test,crosswoz-3184-18,intent,metro,restaurant,0.7716627717018127
qwen-qlora-v2,crosswoz-test,crosswoz-6058-12,intent,metro,restaurant,0.9854115843772888
qwen-qlora-v2,crosswoz-test,crosswoz-12035-12,intent,metro,hotel,0.7369663715362549
qwen-qlora-v2,crosswoz-test,crosswoz-12114-12,intent,metro,attraction,0.9536672830581665
qwen-qlora-v2,crosswoz-test,crosswoz-12207-10,intent,metro,hotel,0.9827938079833984
qwen-qlora-v2,crosswoz-test,crosswoz-9548-18,intent,metro,restaurant,0.9573166966438293
qwen-qlora-v2,crosswoz-test,crosswoz-10496-16,intent,metro,attraction,0.8725137710571289
qwen-qlora-v2,crosswoz-test,crosswoz-7242-12,intent,metro,restaurant,0.435583233833313
qwen-qlora-v2,crosswoz-test,crosswoz-12035-14,intent,metro,hotel,0.6294251680374146
qwen-qlora-v2,crosswoz-test,crosswoz-2424-20,intent,metro,hotel,0.7223002910614014
qwen-qlora-v2,crosswoz-test,crosswoz-9219-8,intent,metro,hotel,0.6129143238067627
qwen-qlora-v2,crosswoz-test,crosswoz-8490-8,intent,metro,restaurant,0.9507303833961487
qwen-qlora-v2,crosswoz-test,crosswoz-11292-12,intent,metro,attraction,0.9432108402252197
qwen-qlora-v2,crosswoz-test,crosswoz-10091-10,intent,metro,restaurant,0.7812470197677612
qwen-qlora-v2,crosswoz-test,crosswoz-2467-20,intent,metro,restaurant,0.9627917408943176
qwen-qlora-v2,crosswoz-test,crosswoz-11293-14,intent,attraction,hotel,0.9657077789306641
qwen-qlora-v2,crosswoz-test,crosswoz-133-6,intent,attraction,hotel,0.701784074306488
qwen-qlora-v2,crosswoz-test,crosswoz-7543-8,intent,attraction,restaurant,0.9786030650138855
qwen-qlora-v2,crosswoz-test,crosswoz-7951-12,intent,attraction,hotel,0.9188423752784729
qwen-qlora-v2,crosswoz-test,crosswoz-9301-4,intent,attraction,restaurant,0.9859678745269775
qwen-qlora-v2,crosswoz-test,crosswoz-9186-8,intent,attraction,restaurant,0.9742853045463562
qwen-qlora-v2,crosswoz-test,crosswoz-8814-12,intent,attraction,restaurant,0.8467857241630554
qwen-qlora-v2,crosswoz-test,crosswoz-8490-2,intent,attraction,restaurant,0.6207912564277649
qwen-qlora-v2,crosswoz-test,crosswoz-8524-10,intent,attraction,restaurant,0.9936378598213196
qwen-qlora-v2,crosswoz-test,crosswoz-9921-6,intent,hotel,restaurant,0.8629978895187378
qwen-qlora-v2,crosswoz-test,crosswoz-221-4,intent,hotel,restaurant,0.8890653252601624
qwen-qlora-v2,crosswoz-test,crosswoz-12126-4,intent,hotel,attraction,0.7265100479125977
qwen-qlora-v2,crosswoz-test,crosswoz-8181-10,intent,hotel,attraction,0.9960101842880249
qwen-qlora-v2,crosswoz-test,crosswoz-11034-12,intent,hotel,attraction,0.9719191789627075
qwen-qlora-v2,crosswoz-test,crosswoz-8226-8,intent,hotel,attraction,0.5877856612205505
qwen-qlora-v2,crosswoz-test,crosswoz-8404-2,intent,hotel,attraction,0.9136497974395752
qwen-qlora-v2,crosswoz-test,crosswoz-8696-10,intent,restaurant,attraction,0.8426117897033691
qwen-qlora-v2,crosswoz-test,crosswoz-364-4,intent,restaurant,hotel,0.9866392016410828
qwen-qlora-v2,massive-test,massive-test-3,intent,audio_volume_mute,audio_volume_down,0.30355870723724365
qwen-qlora-v2,massive-test,massive-test-14,intent,iot_hue_lighton,weather_query,0.4778868556022644
qwen-qlora-v2,massive-test,massive-test-27,intent,iot_cleaning,music_dislikeness,0.8303601741790771
qwen-qlora-v2,massive-test,massive-test-31,intent,iot_cleaning,iot_hue_lightchange,0.1919678896665573
qwen-qlora-v2,massive-test,massive-test-41,intent,general_quirky,iot_hue_lightchange,0.3512739837169647
qwen-qlora-v2,massive-test,massive-test-47,intent,datetime_query,datetime_convert,0.2622165381908417
qwen-qlora-v2,massive-test,massive-test-61,intent,alarm_query,iot_hue_lighton,0.20213358104228973
qwen-qlora-v2,massive-test,massive-test-168,intent,takeaway_query,takeaway_order,0.5305519700050354
qwen-qlora-v2,massive-test,massive-test-169,intent,takeaway_query,takeaway_order,0.6169779300689697
qwen-qlora-v2,massive-test,massive-test-170,intent,takeaway_query,takeaway_order,0.5592260956764221
qwen-qlora-v2,massive-test,massive-test-171,intent,takeaway_query,takeaway_order,0.6111598610877991
qwen-qlora-v2,massive-test,massive-test-250,intent,play_music,music_likeness,0.47950783371925354
qwen-qlora-v2,massive-test,massive-test-258,intent,audio_volume_up,music_dislikeness,0.5367201566696167
qwen-qlora-v2,massive-test,massive-test-261,intent,audio_volume_up,iot_wemo_on,0.5424158573150635
qwen-qlora-v2,massive-test,massive-test-281,intent,news_query,qa_currency,0.9174181222915649
qwen-qlora-v2,massive-test,massive-test-315,intent,audio_volume_mute,audio_volume_down,0.45717179775238037
qwen-qlora-v2,massive-test,massive-test-317,intent,audio_volume_mute,music_dislikeness,0.34850940108299255
qwen-qlora-v2,massive-test,massive-test-329,intent,play_music,music_likeness,0.4458453953266144
qwen-qlora-v2,massive-test,massive-test-366,intent,news_query,calendar_query,0.4451647996902466
qwen-qlora-v2,massive-test,massive-test-379,intent,music_likeness,play_music,0.6742070317268372
qwen-qlora-v2,massive-test,massive-test-385,intent,news_query,qa_factoid,0.27150124311447144
qwen-qlora-v2,massive-test,massive-test-399,intent,alarm_remove,lists_remove,0.7329034805297852
qwen-qlora-v2,massive-test,massive-test-400,intent,play_music,play_audiobook,0.4467073380947113
qwen-qlora-v2,massive-test,massive-test-451,intent,news_query,qa_stock,0.9937484264373779
qwen-qlora-v2,massive-test,massive-test-473,intent,play_music,music_dislikeness,0.1176433116197586
qwen-qlora-v2,massive-test,massive-test-475,intent,general_quirky,qa_factoid,0.30462968349456787
qwen-qlora-v2,massive-test,massive-test-486,intent,datetime_query,qa_factoid,0.34135738015174866
qwen-qlora-v2,massive-test,massive-test-512,intent,weather_query,calendar_query,0.05695369094610214
qwen-qlora-v2,massive-test,massive-test-525,intent,takeaway_query,takeaway_order,0.874177098274231
qwen-qlora-v2,massive-test,massive-test-585,intent,news_query,social_query,0.22796884179115295
qwen-qlora-v2,massive-test,massive-test-608,intent,audio_volume_up,audio_volume_mute,0.49263063073158264
qwen-qlora-v2,massive-test,massive-test-631,intent,news_query,qa_stock,0.20930886268615723
qwen-qlora-v2,massive-test,massive-test-680,intent,news_query,qa_stock,0.9945214986801147
qwen-qlora-v2,massive-test,massive-test-686,intent,datetime_query,weather_query,0.2658115029335022
qwen-qlora-v2,massive-test,massive-test-751,intent,audio_volume_mute,music_dislikeness,0.22040574252605438
qwen-qlora-v2,massive-test,massive-test-767,intent,news_query,recommendation_locations,0.9367702603340149
qwen-qlora-v2,massive-test,massive-test-779,intent,play_music,music_likeness,0.37252146005630493
qwen-qlora-v2,massive-test,massive-test-796,intent,alarm_query,alarm_set,0.7394418120384216
qwen-qlora-v2,massive-test,massive-test-861,intent,alarm_query,alarm_set,0.8415539264678955
qwen-qlora-v2,massive-test,massive-test-862,intent,alarm_query,alarm_set,0.8040972352027893
qwen-qlora-v2,massive-test,massive-test-870,intent,music_likeness,music_dislikeness,0.1873851716518402
qwen-qlora-v2,massive-test,massive-test-940,intent,alarm_set,alarm_query,0.5080795884132385
qwen-qlora-v2,massive-test,massive-test-967,intent,takeaway_query,takeaway_order,0.8869770765304565
qwen-qlora-v2,massive-test,massive-test-974,intent,datetime_query,weather_query,0.32690221071243286
qwen-qlora-v2,massive-test,massive-test-1042,intent,takeaway_order,audio_volume_other,0.11243470758199692
qwen-qlora-v2,massive-test,massive-test-1047,intent,play_music,music_likeness,0.381946861743927
qwen-qlora-v2,massive-test,massive-test-1071,intent,iot_hue_lightup,iot_hue_lighton,0.9778556227684021
qwen-qlora-v2,massive-test,massive-test-1084,intent,news_query,iot_hue_lighton,0.06959764659404755
qwen-qlora-v2,massive-test,massive-test-1115,intent,play_music,music_likeness,0.3339281380176544
qwen-qlora-v2,massive-test,massive-test-1120,intent,news_query,general_quirky,0.1850164383649826
qwen-qlora-v2,massive-test,massive-test-1124,intent,play_music,music_settings,0.6355273723602295
qwen-qlora-v2,massive-test,massive-test-1238,intent,play_music,music_dislikeness,0.0812240019440651
qwen-qlora-v2,massive-test,massive-test-1247,intent,takeaway_query,takeaway_order,0.4451676905155182
qwen-qlora-v2,massive-test,massive-test-1249,intent,weather_query,calendar_query,0.4855746924877167
qwen-qlora-v2,massive-test,massive-test-1294,intent,news_query,recommendation_movies,0.7717111706733704
qwen-qlora-v2,massive-test,massive-test-1300,intent,audio_volume_up,transport_taxi,0.8785538673400879
qwen-qlora-v2,massive-test,massive-test-1379,intent,takeaway_query,takeaway_order,0.4737106263637543
qwen-qlora-v2,massive-test,massive-test-1400,intent,weather_query,calendar_query,0.12825164198875427
qwen-qlora-v2,massive-test,massive-test-1401,intent,weather_query,calendar_query,0.13541127741336823
qwen-qlora-v2,massive-test,massive-test-1423,intent,news_query,qa_maths,0.11791451275348663
qwen-qlora-v2,massive-test,massive-test-1449,intent,datetime_query,qa_factoid,0.7405745387077332
qwen-qlora-v2,massive-test,massive-test-1452,intent,alarm_remove,lists_remove,0.45853403210639954
qwen-qlora-v2,massive-test,massive-test-1454,intent,alarm_remove,iot_hue_lightoff,0.5353400707244873
qwen-qlora-v2,massive-test,massive-test-1607,intent,datetime_query,weather_query,0.6945138573646545
qwen-qlora-v2,massive-test,massive-test-1677,intent,music_query,play_music,0.5973158478736877
qwen-qlora-v2,massive-test,massive-test-1692,intent,play_music,music_likeness,0.5499101877212524
qwen-qlora-v2,massive-test,massive-test-1744,intent,music_likeness,general_greet,0.5148228406906128
qwen-qlora-v2,massive-test,massive-test-1759,intent,news_query,qa_factoid,0.3848724961280823
qwen-qlora-v2,massive-test,massive-test-1774,intent,alarm_remove,iot_hue_lightoff,0.5353400707244873
qwen-qlora-v2,massive-test,massive-test-1794,intent,news_query,qa_factoid,0.8269919753074646
qwen-qlora-v2,massive-test,massive-test-1803,intent,news_query,qa_factoid,0.5185506939888
qwen-qlora-v2,massive-test,massive-test-1804,intent,iot_hue_lightup,iot_hue_lightchange,0.3409123420715332
qwen-qlora-v2,massive-test,massive-test-1808,intent,music_query,calendar_query,0.34856751561164856
qwen-qlora-v2,massive-test,massive-test-1874,intent,music_likeness,play_music,0.5445989966392517
qwen-qlora-v2,massive-test,massive-test-1904,intent,news_query,play_music,0.27281516790390015
qwen-qlora-v2,massive-test,massive-test-1913,intent,alarm_set,alarm_query,0.29888269305229187
qwen-qlora-v2,massive-test,massive-test-1993,intent,iot_hue_lightup,iot_hue_lighton,0.978571355342865
qwen-qlora-v2,massive-test,massive-test-2030,intent,music_query,play_music,0.40978363156318665
qwen-qlora-v2,massive-test,massive-test-2057,intent,music_likeness,music_settings,0.5929725170135498
qwen-qlora-v2,massive-test,massive-test-2062,intent,play_music,music_likeness,0.45298635959625244
qwen-qlora-v2,massive-test,massive-test-2075,intent,iot_hue_lightup,iot_hue_lightchange,0.4410189390182495
qwen-qlora-v2,massive-test,massive-test-2085,intent,play_music,music_settings,0.9157766103744507
qwen-qlora-v2,massive-test,massive-test-2093,intent,music_query,play_music,0.33187538385391235
qwen-qlora-v2,massive-test,massive-test-2094,intent,music_query,play_music,0.5312144160270691
qwen-qlora-v2,massive-test,massive-test-2134,intent,alarm_set,alarm_query,0.2500263750553131
qwen-qlora-v2,massive-test,massive-test-2160,intent,iot_hue_lightoff,general_greet,0.45842379331588745
qwen-qlora-v2,massive-test,massive-test-2165,intent,takeaway_query,cooking_query,0.2853388786315918
qwen-qlora-v2,massive-test,massive-test-2174,intent,music_query,music_likeness,0.281769335269928
qwen-qlora-v2,massive-test,massive-test-2207,intent,audio_volume_mute,audio_volume_down,0.604911208152771
qwen-qlora-v2,massive-test,massive-test-2208,intent,general_quirky,general_greet,0.6312337517738342
qwen-qlora-v2,massive-test,massive-test-2234,intent,iot_hue_lightup,iot_hue_lightoff,0.4869266748428345
qwen-qlora-v2,massive-test,massive-test-2263,intent,iot_hue_lightdim,iot_hue_lightchange,0.4166375994682312
qwen-qlora-v2,massive-test,massive-test-2264,intent,iot_hue_lightup,iot_hue_lightchange,0.9649933576583862
qwen-qlora-v2,massive-test,massive-test-2296,intent,news_query,play_game,0.14768542349338531
qwen-qlora-v2,massive-test,massive-test-2309,intent,datetime_convert,datetime_query,0.6536102890968323
qwen-qlora-v2,massive-test,massive-test-2311,intent,iot_hue_lightdim,iot_hue_lighton,0.6690577268600464
qwen-qlora-v2,massive-test,massive-test-2330,intent,datetime_query,datetime_convert,0.9209123253822327
qwen-qlora-v2,massive-test,massive-test-2365,intent,music_query,play_radio,0.8217955827713013
qwen-qlora-v2,massive-test,massive-test-2386,intent,news_query,calendar_query,0.20033565163612366
qwen-qlora-v2,massive-test,massive-test-2400,intent,music_likeness,music_dislikeness,0.9655148386955261
qwen-qlora-v2,massive-test,massive-test-2408,intent,play_music,music_likeness,0.2926621735095978
qwen-qlora-v2,massive-test,massive-test-2412,intent,datetime_query,datetime_convert,0.5274107456207275
qwen-qlora-v2,massive-test,massive-test-2451,intent,datetime_convert,weather_query,0.256887823343277
qwen-qlora-v2,massive-test,massive-test-2610,intent,takeaway_query,takeaway_order,0.8310023546218872
qwen-qlora-v2,massive-test,massive-test-2647,intent,music_settings,music_likeness,0.5394473671913147
qwen-qlora-v2,massive-test,massive-test-2673,intent,alarm_query,alarm_set,0.9207516312599182
qwen-qlora-v2,massive-test,massive-test-2684,intent,takeaway_query,takeaway_order,0.5436920523643494
qwen-qlora-v2,massive-test,massive-test-2704,intent,play_music,music_likeness,0.5243427157402039
qwen-qlora-v2,massive-test,massive-test-2709,intent,play_music,music_likeness,0.3604857623577118
qwen-qlora-v2,massive-test,massive-test-2717,intent,play_music,music_likeness,0.5072019100189209
qwen-qlora-v2,massive-test,massive-test-2780,intent,music_likeness,music_query,0.5864704847335815
qwen-qlora-v2,massive-test,massive-test-2796,intent,audio_volume_mute,audio_volume_down,0.5842147469520569
qwen-qlora-v2,massive-test,massive-test-2798,intent,play_music,music_dislikeness,0.6881424784660339
qwen-qlora-v2,massive-test,massive-test-2816,intent,iot_hue_lightchange,iot_hue_lightdim,0.7897905707359314
qwen-qlora-v2,massive-test,massive-test-2850,intent,takeaway_query,iot_coffee,0.08045095205307007
qwen-qlora-v2,massive-test,massive-test-2887,intent,news_query,weather_query,0.9471833109855652
qwen-qlora-v2,massive-test,massive-test-2906,intent,iot_hue_lightchange,iot_hue_lightup,0.6323486566543579
qwen-qlora-v2,massive-test,massive-test-2908,intent,takeaway_query,takeaway_order,0.6374682784080505
qwen-qlora-v2,massive-test,massive-test-2957,intent,alarm_query,alarm_set,0.7902578115463257
qwen-qlora-v2,massive-test,massive-test-2983,intent,alarm_remove,lists_remove,0.642141580581665
qwen-qlora-v2,massive-test,massive-test-3008,intent,iot_hue_lightup,iot_hue_lighton,0.983932375907898
qwen-qlora-v2,massive-test,massive-test-3011,intent,iot_hue_lightup,iot_hue_lighton,0.8571487665176392
qwen-qlora-v2,massive-test,massive-test-3020,intent,takeaway_query,takeaway_order,0.4687560498714447
qwen-qlora-v2,massive-test,massive-test-3021,intent,takeaway_query,takeaway_order,0.614727795124054
qwen-qlora-v2,massive-test,massive-test-3080,intent,takeaway_order,cooking_query,0.07538840919733047
qwen-qlora-v2,massive-test,massive-test-3091,intent,datetime_query,datetime_convert,0.5368772149085999
qwen-qlora-v2,massive-test,massive-test-3101,intent,news_query,play_radio,0.8186148405075073
qwen-qlora-v2,massive-test,massive-test-3118,intent,datetime_query,datetime_convert,0.8923231959342957
qwen-qlora-v2,massive-test,massive-test-3127,intent,general_quirky,weather_query,0.7836073637008667
qwen-qlora-v2,massive-test,massive-test-3128,intent,general_quirky,weather_query,0.640186607837677
qwen-qlora-v2,massive-test,massive-test-3161,intent,alarm_query,alarm_set,0.6660501956939697
qwen-qlora-v2,massive-test,massive-test-3184,intent,iot_wemo_on,recommendation_events,0.15522374212741852
qwen-qlora-v2,massive-test,massive-test-3193,intent,music_likeness,music_dislikeness,0.1908821016550064
qwen-qlora-v2,massive-test,massive-test-3204,intent,music_likeness,music_dislikeness,0.8910565972328186
qwen-qlora-v2,massive-test,massive-test-3207,intent,play_music,music_dislikeness,0.38842061161994934
qwen-qlora-v2,massive-test,massive-test-3212,intent,calendar_set,lists_createoradd,0.6774876117706299
qwen-qlora-v2,massive-test,massive-test-3276,intent,takeaway_query,takeaway_order,0.7200509905815125
qwen-qlora-v2,massive-test,massive-test-3337,intent,weather_query,qa_maths,0.26925960183143616
qwen-qlora-v2,massive-test,massive-test-3349,intent,audio_volume_up,recommendation_locations,0.33085229992866516
qwen-qlora-v2,massive-test,massive-test-3364,intent,general_joke,iot_hue_lighton,0.1490534394979477
qwen-qlora-v2,massive-test,massive-test-3386,intent,iot_hue_lightoff,iot_hue_lightchange,0.4202539622783661
qwen-qlora-v2,massive-test,massive-test-3413,intent,takeaway_query,takeaway_order,0.5690261721611023
qwen-qlora-v2,massive-test,massive-test-3434,intent,play_music,music_likeness,0.5045716762542725
qwen-qlora-v2,massive-test,massive-test-3435,intent,alarm_remove,lists_remove,0.8063091039657593
qwen-qlora-v2,massive-test,massive-test-3474,intent,audio_volume_down,iot_wemo_on,0.39506497979164124
qwen-qlora-v2,massive-test,massive-test-3486,intent,audio_volume_down,music_dislikeness,0.5862671732902527
qwen-qlora-v2,massive-test,massive-test-3546,intent,play_music,music_likeness,0.5980410575866699
qwen-qlora-v2,massive-test,massive-test-3566,intent,datetime_query,weather_query,0.2658115029335022
qwen-qlora-v2,massive-test,massive-test-3581,intent,audio_volume_mute,audio_volume_down,0.4228518605232239
qwen-qlora-v2,massive-test,massive-test-3590,intent,audio_volume_up,lists_remove,0.2257567048072815
qwen-qlora-v2,massive-test,massive-test-3598,intent,general_quirky,general_greet,0.687425971031189
qwen-qlora-v2,massive-test,massive-test-3600,intent,calendar_set,alarm_set,0.79856938123703
qwen-qlora-v2,massive-test,massive-test-3606,intent,datetime_query,datetime_convert,0.6012099385261536
qwen-qlora-v2,massive-test,massive-test-3654,intent,music_query,music_settings,0.8119103312492371
qwen-qlora-v2,massive-test,massive-test-3669,intent,datetime_convert,datetime_query,0.5482094883918762
qwen-qlora-v2,massive-test,massive-test-3671,intent,takeaway_query,takeaway_order,0.8974167108535767
qwen-qlora-v2,massive-test,massive-test-3683,intent,music_likeness,play_music,0.28487464785575867
qwen-qlora-v2,massive-test,massive-test-3700,intent,iot_hue_lightchange,iot_hue_lightoff,0.3493180572986603
qwen-qlora-v2,massive-test,massive-test-3723,intent,play_music,music_likeness,0.34992602467536926
qwen-qlora-v2,massive-test,massive-test-3741,intent,music_query,play_music,0.5327097177505493
qwen-qlora-v2,massive-test,massive-test-3750,intent,news_query,weather_query,0.3654932975769043
qwen-qlora-v2,massive-test,massive-test-3762,intent,iot_hue_lightup,iot_hue_lighton,0.5296564698219299
qwen-qlora-v2,massive-test,massive-test-3779,intent,play_music,music_query,0.2602575123310089
qwen-qlora-v2,massive-test,massive-test-3812,intent,audio_volume_mute,audio_volume_down,0.36287930607795715
qwen-qlora-v2,massive-test,massive-test-3819,intent,music_likeness,music_dislikeness,0.5612773299217224
qwen-qlora-v2,massive-test,massive-test-3822,intent,news_query,weather_query,0.22124500572681427
qwen-qlora-v2,massive-test,massive-test-3837,intent,audio_volume_mute,music_dislikeness,0.3135199248790741
qwen-qlora-v2,massive-test,massive-test-3838,intent,audio_volume_mute,audio_volume_down,0.4228518605232239
qwen-qlora-v2,massive-test,massive-test-3883,intent,iot_hue_lightup,iot_hue_lighton,0.7116204500198364
qwen-qlora-v2,massive-test,massive-test-3894,intent,play_audiobook,calendar_query,0.12295469641685486
qwen-qlora-v2,massive-test,massive-test-3911,intent,play_music,music_query,0.6228368878364563
qwen-qlora-v2,massive-test,massive-test-3912,intent,play_music,music_settings,0.6122561693191528
qwen-qlora-v2,massive-test,massive-test-3967,intent,play_music,music_likeness,0.33559322357177734
qwen-qlora-v2,massive-test,massive-test-4001,intent,news_query,qa_factoid,0.47313106060028076
qwen-qlora-v2,massive-test,massive-test-4024,intent,iot_wemo_off,iot_hue_lightoff,0.3053961396217346
qwen-qlora-v2,massive-test,massive-test-4026,intent,iot_wemo_off,iot_hue_lightoff,0.48257938027381897
qwen-qlora-v2,massive-test,massive-test-4048,intent,takeaway_query,takeaway_order,0.824830949306488
qwen-qlora-v2,massive-test,massive-test-4119,intent,news_query,qa_factoid,0.896414577960968
qwen-qlora-v2,massive-test,massive-test-4125,intent,takeaway_query,cooking_recipe,0.45213305950164795
qwen-qlora-v2,massive-test,massive-test-4137,intent,takeaway_query,takeaway_order,0.7137149572372437
qwen-qlora-v2,massive-test,massive-test-4145,intent,alarm_query,alarm_set,0.6267224550247192
qwen-qlora-v2,massive-test,massive-test-4155,intent,audio_volume_other,audio_volume_down,0.6813167929649353
qwen-qlora-v2,massive-test,massive-test-4166,intent,audio_volume_other,audio_volume_up,0.455365389585495
qwen-qlora-v2,massive-test,massive-test-4178,intent,news_query,calendar_query,0.226558119058609
qwen-qlora-v2,massive-test,massive-test-4201,intent,iot_wemo_on,iot_cleaning,0.8794017434120178
qwen-qlora-v2,massive-test,massive-test-4205,intent,play_music,music_likeness,0.38649484515190125
qwen-qlora-v2,massive-test,massive-test-4212,intent,weather_query,iot_cleaning,0.42908602952957153
qwen-qlora-v2,massive-test,massive-test-4224,intent,takeaway_query,takeaway_order,0.5379803776741028
qwen-qlora-v2,massive-test,massive-test-4236,intent,datetime_query,general_greet,0.40857651829719543
qwen-qlora-v2,massive-test,massive-test-4241,intent,audio_volume_mute,lists_createoradd,0.11969611048698425
qwen-qlora-v2,massive-test,massive-test-4253,intent,datetime_query,datetime_convert,0.6039112210273743
qwen-qlora-v2,massive-test,massive-test-4254,intent,datetime_query,datetime_convert,0.46985647082328796
qwen-qlora-v2,massive-test,massive-test-4268,intent,music_settings,play_music,0.4943731725215912
qwen-qlora-v2,massive-test,massive-test-4361,intent,play_music,music_likeness,0.48108455538749695
qwen-qlora-v2,massive-test,massive-test-4362,intent,datetime_query,weather_query,0.32690221071243286
qwen-qlora-v2,massive-test,massive-test-4428,intent,music_query,play_music,0.39717885851860046
qwen-qlora-v2,massive-test,massive-test-4463,intent,datetime_query,qa_factoid,0.7446497678756714
qwen-qlora-v2,massive-test,massive-test-4492,intent,news_query,qa_factoid,0.9127143621444702
qwen-qlora-v2,massive-test,massive-test-4589,intent,calendar_set,recommendation_events,0.5463109016418457
qwen-qlora-v2,massive-test,massive-test-4601,intent,alarm_set,datetime_query,0.7230886816978455
qwen-qlora-v2,massive-test,massive-test-4606,intent,news_query,qa_stock,0.9946586489677429
qwen-qlora-v2,massive-test,massive-test-4638,intent,audio_volume_other,audio_volume_down,0.5447584986686707
qwen-qlora-v2,massive-test,massive-test-4659,intent,audio_volume_mute,music_dislikeness,0.24769027531147003
qwen-qlora-v2,massive-test,massive-test-4680,intent,weather_query,general_quirky,0.16550344228744507
qwen-qlora-v2,massive-test,massive-test-4702,intent,audio_volume_up,play_music,0.6866488456726074
qwen-qlora-v2,massive-test,massive-test-4712,intent,alarm_remove,music_dislikeness,0.6842267513275146
qwen-qlora-v2,massive-test,massive-test-4772,intent,datetime_query,datetime_convert,0.5568259954452515
qwen-qlora-v2,massive-test,massive-test-4813,intent,datetime_query,datetime_convert,0.7105138897895813
qwen-qlora-v2,massive-test,massive-test-4833,intent,audio_volume_mute,lists_remove,0.22048823535442352
qwen-qlora-v2,massive-test,massive-test-4837,intent,news_query,general_greet,0.7233089208602905
qwen-qlora-v2,massive-test,massive-test-4854,intent,audio_volume_mute,audio_volume_down,0.4228518605232239
qwen-qlora-v2,massive-test,massive-test-4881,intent,datetime_query,datetime_convert,0.6733765006065369
qwen-qlora-v2,massive-test,massive-test-4890,intent,calendar_set,weather_query,0.9603846073150635
qwen-qlora-v2,massive-test,massive-test-4955,intent,iot_hue_lightchange,general_greet,0.265546977519989
qwen-qlora-v2,massive-test,massive-test-4960,intent,play_music,music_likeness,0.4921422600746155
qwen-qlora-v2,massive-test,massive-test-4985,intent,music_likeness,music_settings,0.6955285668373108
qwen-qlora-v2,massive-test,massive-test-5010,intent,iot_coffee,calendar_query,0.06361261010169983
qwen-qlora-v2,massive-test,massive-test-5016,intent,news_query,qa_stock,0.995897650718689
qwen-qlora-v2,massive-test,massive-test-5047,intent,iot_hue_lightdim,iot_hue_lightoff,0.9300057291984558
qwen-qlora-v2,massive-test,massive-test-5050,intent,iot_wemo_off,iot_hue_lightoff,0.3950261175632477
qwen-qlora-v2,massive-test,massive-test-5116,intent,alarm_remove,music_dislikeness,0.6494404077529907
qwen-qlora-v2,massive-test,massive-test-5118,intent,play_music,music_likeness,0.4458453953266144
qwen-qlora-v2,massive-test,massive-test-5127,intent,news_query,qa_factoid,0.8286669254302979
qwen-qlora-v2,massive-test,massive-test-5131,intent,datetime_query,datetime_convert,0.8266564011573792
qwen-qlora-v2,massive-test,massive-test-5152,intent,music_settings,music_dislikeness,0.7141008377075195
qwen-qlora-v2,massive-test,massive-test-5196,intent,news_query,qa_factoid,0.5195647478103638
qwen-qlora-v2,massive-test,massive-test-5258,intent,music_likeness,play_music,0.5258117318153381
qwen-qlora-v2,massive-test,massive-test-5279,intent,play_music,music_settings,0.7168200016021729
qwen-qlora-v2,massive-test,massive-test-5324,intent,takeaway_query,takeaway_order,0.6249247193336487
qwen-qlora-v2,massive-test,massive-test-5328,intent,play_music,music_likeness,0.6433999538421631
qwen-qlora-v2,massive-test,massive-test-5339,intent,weather_query,iot_cleaning,0.3607400059700012
qwen-qlora-v2,massive-test,massive-test-5341,intent,datetime_query,alarm_query,0.687748372554779
qwen-qlora-v2,massive-test,massive-test-5349,intent,iot_hue_lightdim,iot_hue_lightchange,0.6628358364105225
qwen-qlora-v2,massive-test,massive-test-5370,intent,news_query,qa_factoid,0.9032129049301147
qwen-qlora-v2,massive-test,massive-test-5378,intent,play_music,qa_definition,0.3393857777118683
qwen-qlora-v2,massive-test,massive-test-5427,intent,datetime_query,datetime_convert,0.6816695928573608
qwen-qlora-v2,massive-test,massive-test-5465,intent,weather_query,iot_hue_lightchange,0.16437163949012756
qwen-qlora-v2,massive-test,massive-test-5475,intent,alarm_set,transport_traffic,0.5021171569824219
qwen-qlora-v2,massive-test,massive-test-5501,intent,iot_hue_lightup,iot_hue_lighton,0.9870302081108093
qwen-qlora-v2,massive-test,massive-test-5523,intent,datetime_convert,datetime_query,0.4798767864704132
qwen-qlora-v2,massive-test,massive-test-5529,intent,weather_query,recommendation_locations,0.510794460773468
qwen-qlora-v2,massive-test,massive-test-5531,intent,music_likeness,music_query,0.4773201644420624
qwen-qlora-v2,massive-test,massive-test-5550,intent,audio_volume_mute,music_dislikeness,0.5597352385520935
qwen-qlora-v2,massive-test,massive-test-5552,intent,takeaway_query,takeaway_order,0.6536263227462769
qwen-qlora-v2,massive-test,massive-test-5557,intent,play_music,music_likeness,0.6777371764183044
qwen-qlora-v2,massive-test,massive-test-5574,intent,iot_hue_lightup,iot_hue_lighton,0.9216417670249939
qwen-qlora-v2,massive-test,massive-test-5579,intent,audio_volume_other,audio_volume_up,0.3471375107765198
qwen-qlora-v2,massive-test,massive-test-5614,intent,music_query,play_radio,0.9111928343772888
qwen-qlora-v2,massive-test,massive-test-5623,intent,alarm_set,alarm_query,0.538939356803894
qwen-qlora-v2,massive-test,massive-test-5707,intent,play_music,music_likeness,0.7989158034324646
qwen-qlora-v2,massive-test,massive-test-5727,intent,iot_hue_lightup,iot_hue_lighton,0.7066243886947632
qwen-qlora-v2,massive-test,massive-test-5812,intent,audio_volume_other,music_settings,0.5255866050720215
qwen-qlora-v2,massive-test,massive-test-5813,intent,play_music,music_dislikeness,0.33549532294273376
qwen-qlora-v2,massive-test,massive-test-5820,intent,play_music,music_likeness,0.3328512907028198
qwen-qlora-v2,massive-test,massive-test-5911,intent,music_settings,play_music,0.4889831840991974
qwen-qlora-v2,massive-test,massive-test-5912,intent,music_settings,music_dislikeness,0.6542630791664124
qwen-qlora-v2,massive-test,massive-test-5919,intent,news_query,qa_factoid,0.37581050395965576
qwen-qlora-v2,massive-test,massive-test-5953,intent,weather_query,recommendation_locations,0.3710790276527405
qwen-qlora-v2,massive-test,massive-test-5955,intent,weather_query,qa_factoid,0.8397404551506042
qwen-qlora-v2,massive-test,massive-test-5958,intent,audio_volume_mute,music_dislikeness,0.2278699427843094
qwen-qlora-v2,massive-test,massive-test-5974,intent,alarm_query,alarm_set,0.7223370671272278
qwen-qlora-v2,massive-test,massive-test-5997,intent,datetime_query,datetime_convert,0.5891842246055603
qwen-qlora-v2,massive-test,massive-test-6013,intent,music_query,play_radio,0.9743043184280396
qwen-qlora-v2,massive-test,massive-test-6027,intent,play_music,music_likeness,0.7752694487571716
qwen-qlora-v2,massive-test,massive-test-6045,intent,play_music,music_likeness,0.3505707383155823
qwen-qlora-v2,massive-test,massive-test-6055,intent,iot_hue_lightoff,iot_hue_lighton,0.5081380009651184
qwen-qlora-v2,massive-test,massive-test-6064,intent,audio_volume_mute,general_greet,0.5121300220489502
qwen-qlora-v2,massive-test,massive-test-6093,intent,weather_query,iot_hue_lighton,0.4428788423538208
qwen-qlora-v2,massive-test,massive-test-6109,intent,music_likeness,music_dislikeness,0.25961223244667053
qwen-qlora-v2,massive-test,massive-test-6118,intent,datetime_query,datetime_convert,0.5516451597213745
qwen-qlora-v2,massive-test,massive-test-6181,intent,general_quirky,general_greet,0.7445226311683655
qwen-qlora-v2,massive-test,massive-test-6195,intent,general_quirky,calendar_query,0.15045852959156036
qwen-qlora-v2,massive-test,massive-test-6201,intent,general_quirky,audio_volume_mute,0.10986924171447754
qwen-qlora-v2,massive-test,massive-test-6213,intent,general_quirky,calendar_query,0.9556184411048889
qwen-qlora-v2,massive-test,massive-test-6214,intent,general_quirky,calendar_query,0.29329171776771545
qwen-qlora-v2,massive-test,massive-test-6220,intent,general_quirky,lists_query,0.08574145287275314
qwen-qlora-v2,massive-test,massive-test-6221,intent,general_quirky,qa_factoid,0.19592466950416565
qwen-qlora-v2,massive-test,massive-test-6227,intent,general_quirky,calendar_query,0.7576203346252441
qwen-qlora-v2,massive-test,massive-test-6229,intent,general_quirky,music_dislikeness,0.7579528093338013
qwen-qlora-v2,massive-test,massive-test-6241,intent,general_quirky,social_post,0.254641056060791
qwen-qlora-v2,massive-test,massive-test-6243,intent,general_quirky,music_likeness,0.8607914447784424
qwen-qlora-v2,massive-test,massive-test-6248,intent,general_quirky,datetime_query,0.1250796914100647
qwen-qlora-v2,massive-test,massive-test-6267,intent,general_quirky,general_greet,0.580353856086731
qwen-qlora-v2,massive-test,massive-test-6282,intent,general_quirky,general_greet,0.665891706943512
qwen-qlora-v2,massive-test,massive-test-6288,intent,general_quirky,lists_createoradd,0.12017697840929031
qwen-qlora-v2,massive-test,massive-test-6290,intent,general_quirky,recommendation_movies,0.5807021856307983
qwen-qlora-v2,massive-test,massive-test-6293,intent,general_quirky,social_post,0.5823306441307068
qwen-qlora-v2,massive-test,massive-test-6294,intent,general_quirky,qa_stock,0.37122225761413574
qwen-qlora-v2,massive-test,massive-test-6295,intent,general_quirky,transport_traffic,0.31643491983413696
qwen-qlora-v2,massive-test,massive-test-6301,intent,general_quirky,general_joke,0.2892279624938965
qwen-qlora-v2,massive-test,massive-test-6304,intent,general_quirky,general_greet,0.5417865514755249
qwen-qlora-v2,massive-test,massive-test-6305,intent,general_quirky,general_greet,0.39325621724128723
qwen-qlora-v2,massive-test,massive-test-6313,intent,general_quirky,qa_maths,0.13429421186447144
qwen-qlora-v2,massive-test,massive-test-6319,intent,general_quirky,recommendation_locations,0.6752709150314331
qwen-qlora-v2,massive-test,massive-test-6322,intent,general_quirky,play_game,0.8235700130462646
qwen-qlora-v2,massive-test,massive-test-6325,intent,general_quirky,music_dislikeness,0.8598757982254028
qwen-qlora-v2,massive-test,massive-test-6331,intent,general_quirky,social_post,0.19371238350868225
qwen-qlora-v2,massive-test,massive-test-6337,intent,general_quirky,general_joke,0.2663591802120209
qwen-qlora-v2,massive-test,massive-test-6352,intent,general_quirky,recommendation_locations,0.4790154695510864
qwen-qlora-v2,massive-test,massive-test-6353,intent,general_quirky,takeaway_order,0.7558552026748657
qwen-qlora-v2,massive-test,massive-test-6371,intent,general_quirky,cooking_recipe,0.11927404999732971
qwen-qlora-v2,massive-test,massive-test-6378,intent,general_quirky,music_dislikeness,0.53801429271698
qwen-qlora-v2,massive-test,massive-test-6382,intent,general_quirky,general_joke,0.17726081609725952
qwen-qlora-v2,massive-test,massive-test-6385,intent,general_quirky,music_query,0.057384006679058075
qwen-qlora-v2,massive-test,massive-test-6388,intent,general_quirky,general_greet,0.6106149554252625
qwen-qlora-v2,massive-test,massive-test-6402,intent,general_quirky,weather_query,0.4737652540206909
qwen-qlora-v2,massive-test,massive-test-6405,intent,general_quirky,qa_factoid,0.23345240950584412
qwen-qlora-v2,massive-test,massive-test-6417,intent,general_quirky,lists_createoradd,0.8216720223426819
qwen-qlora-v2,massive-test,massive-test-6424,intent,general_quirky,general_greet,0.9252548813819885
qwen-qlora-v2,massive-test,massive-test-6426,intent,general_quirky,qa_stock,0.46344783902168274
qwen-qlora-v2,massive-test,massive-test-6431,intent,general_quirky,calendar_query,0.29037943482398987
qwen-qlora-v2,massive-test,massive-test-6432,intent,general_quirky,calendar_query,0.8936418294906616
qwen-qlora-v2,massive-test,massive-test-6433,intent,general_quirky,social_post,0.23158389329910278
qwen-qlora-v2,massive-test,massive-test-6434,intent,general_quirky,calendar_query,0.16578680276870728
qwen-qlora-v2,massive-test,massive-test-6438,intent,general_quirky,lists_remove,0.20613619685173035
qwen-qlora-v2,massive-test,massive-test-6439,intent,general_quirky,music_likeness,0.5348575711250305
qwen-qlora-v2,massive-test,massive-test-6446,intent,general_quirky,takeaway_query,0.21311068534851074
qwen-qlora-v2,massive-test,massive-test-6448,intent,general_quirky,calendar_query,0.14944739639759064
qwen-qlora-v2,massive-test,massive-test-6457,intent,general_quirky,general_joke,0.2405446469783783
qwen-qlora-v2,massive-test,massive-test-6469,intent,general_quirky,calendar_query,0.15045852959156036
qwen-qlora-v2,massive-test,massive-test-6473,intent,general_quirky,weather_query,0.961119532585144
qwen-qlora-v2,massive-test,massive-test-6477,intent,general_quirky,takeaway_query,0.13112951815128326
qwen-qlora-v2,massive-test,massive-test-6485,intent,general_quirky,music_likeness,0.8846269845962524
qwen-qlora-v2,massive-test,massive-test-6489,intent,general_quirky,takeaway_query,0.1809736043214798
qwen-qlora-v2,massive-test,massive-test-6495,intent,general_quirky,general_greet,0.09669480472803116
qwen-qlora-v2,massive-test,massive-test-6496,intent,general_quirky,general_joke,0.06428366154432297
qwen-qlora-v2,massive-test,massive-test-6500,intent,social_query,social_post,0.773449718952179
qwen-qlora-v2,massive-test,massive-test-6503,intent,general_quirky,music_dislikeness,0.10636159777641296
qwen-qlora-v2,massive-test,massive-test-6506,intent,general_quirky,qa_factoid,0.5874885320663452
qwen-qlora-v2,massive-test,massive-test-6515,intent,general_quirky,calendar_query,0.3473336398601532
qwen-qlora-v2,massive-test,massive-test-6516,intent,general_quirky,calendar_query,0.8872432112693787
qwen-qlora-v2,massive-test,massive-test-6517,intent,general_quirky,calendar_query,0.21684470772743225
qwen-qlora-v2,massive-test,massive-test-6533,intent,general_quirky,general_greet,0.22856727242469788
qwen-qlora-v2,massive-test,massive-test-6539,intent,calendar_set,lists_createoradd,0.4048027992248535
qwen-qlora-v2,massive-test,massive-test-6550,intent,general_quirky,social_post,0.36034056544303894
qwen-qlora-v2,massive-test,massive-test-6557,intent,general_quirky,play_audiobook,0.6096487045288086
qwen-qlora-v2,massive-test,massive-test-6559,intent,general_quirky,qa_maths,0.16759587824344635
qwen-qlora-v2,massive-test,massive-test-6561,intent,general_quirky,news_query,0.21449996531009674
qwen-qlora-v2,massive-test,massive-test-6562,intent,general_quirky,qa_maths,0.8857343196868896
qwen-qlora-v2,massive-test,massive-test-6568,intent,general_quirky,qa_maths,0.20119938254356384
qwen-qlora-v2,massive-test,massive-test-6575,intent,general_quirky,play_audiobook,0.09326228499412537
qwen-qlora-v2,massive-test,massive-test-6578,intent,general_quirky,music_likeness,0.4768171012401581
qwen-qlora-v2,massive-test,massive-test-6582,intent,general_quirky,general_greet,0.9587952494621277
qwen-qlora-v2,massive-test,massive-test-6593,intent,general_quirky,general_joke,0.4212673306465149
qwen-qlora-v2,massive-test,massive-test-6594,intent,general_quirky,recommendation_locations,0.8321320414543152
qwen-qlora-v2,massive-test,massive-test-6596,intent,general_quirky,general_greet,0.3577517569065094
qwen-qlora-v2,massive-test,massive-test-6600,intent,general_quirky,weather_query,0.2700902819633484
qwen-qlora-v2,massive-test,massive-test-6615,intent,general_quirky,music_dislikeness,0.15015289187431335
qwen-qlora-v2,massive-test,massive-test-6616,intent,general_quirky,datetime_query,0.1167931854724884
qwen-qlora-v2,massive-test,massive-test-6617,intent,general_quirky,qa_factoid,0.33982598781585693
qwen-qlora-v2,massive-test,massive-test-6621,intent,general_quirky,recommendation_movies,0.9431530833244324
qwen-qlora-v2,massive-test,massive-test-6623,intent,general_quirky,qa_factoid,0.12204501777887344
qwen-qlora-v2,massive-test,massive-test-6643,intent,general_quirky,qa_factoid,0.23273052275180817
qwen-qlora-v2,massive-test,massive-test-6645,intent,general_quirky,qa_factoid,0.0956980511546135
qwen-qlora-v2,massive-test,massive-test-6646,intent,general_quirky,qa_factoid,0.5065329670906067
qwen-qlora-v2,massive-test,massive-test-6650,intent,general_quirky,general_greet,0.5420395135879517
qwen-qlora-v2,massive-test,massive-test-6652,intent,general_quirky,music_dislikeness,0.09884431958198547
qwen-qlora-v2,massive-test,massive-test-6663,intent,general_quirky,recommendation_locations,0.9498369097709656
qwen-qlora-v2,massive-test,massive-test-6670,intent,general_quirky,news_query,0.11581793427467346
qwen-qlora-v2,massive-test,massive-test-6672,intent,general_quirky,general_greet,0.15476849675178528
qwen-qlora-v2,massive-test,massive-test-6682,intent,news_query,lists_createoradd,0.10417268425226212
qwen-qlora-v2,massive-test,massive-test-6683,intent,news_query,qa_stock,0.7697962522506714
qwen-qlora-v2,massive-test,massive-test-6694,intent,general_quirky,recommendation_events,0.17462556064128876
qwen-qlora-v2,massive-test,massive-test-6701,intent,general_quirky,weather_query,0.13934333622455597
qwen-qlora-v2,massive-test,massive-test-6708,intent,general_quirky,social_post,0.8200658559799194
qwen-qlora-v2,massive-test,massive-test-6710,intent,general_quirky,general_greet,0.22847530245780945
qwen-qlora-v2,massive-test,massive-test-6720,intent,general_quirky,recommendation_events,0.40130919218063354
qwen-qlora-v2,massive-test,massive-test-6725,intent,calendar_set,calendar_query,0.9038549065589905
qwen-qlora-v2,massive-test,massive-test-6729,intent,calendar_remove,takeaway_order,0.45040184259414673
qwen-qlora-v2,massive-test,massive-test-6737,intent,general_quirky,calendar_query,0.49535927176475525
qwen-qlora-v2,massive-test,massive-test-6744,intent,calendar_set,calendar_query,0.4552496075630188
qwen-qlora-v2,massive-test,massive-test-6747,intent,calendar_query,lists_query,0.28882870078086853
qwen-qlora-v2,massive-test,massive-test-6764,intent,calendar_set,iot_cleaning,0.5358898043632507
qwen-qlora-v2,massive-test,massive-test-6789,intent,calendar_set,calendar_query,0.6006686687469482
qwen-qlora-v2,massive-test,massive-test-6815,intent,calendar_set,alarm_set,0.797828197479248
qwen-qlora-v2,massive-test,massive-test-6819,intent,calendar_set,music_likeness,0.4722115099430084
qwen-qlora-v2,massive-test,massive-test-6836,intent,calendar_set,alarm_set,0.4793870449066162
qwen-qlora-v2,massive-test,massive-test-6856,intent,calendar_set,calendar_query,0.8597767353057861
qwen-qlora-v2,massive-test,massive-test-6860,intent,calendar_query,recommendation_events,0.8488290905952454
qwen-qlora-v2,massive-test,massive-test-6878,intent,calendar_set,calendar_query,0.3776388466358185
qwen-qlora-v2,massive-test,massive-test-6891,intent,calendar_query,play_radio,0.7205860614776611
qwen-qlora-v2,massive-test,massive-test-6892,intent,calendar_query,recommendation_movies,0.9733272194862366
qwen-qlora-v2,massive-test,massive-test-6897,intent,calendar_set,alarm_set,0.5289299488067627
qwen-qlora-v2,massive-test,massive-test-6901,intent,calendar_set,alarm_set,0.8873107433319092
qwen-qlora-v2,massive-test,massive-test-6902,intent,calendar_set,alarm_set,0.4292261004447937
qwen-qlora-v2,massive-test,massive-test-6923,intent,calendar_set,alarm_set,0.7472195625305176
qwen-qlora-v2,massive-test,massive-test-6926,intent,calendar_query,datetime_query,0.8492950797080994
qwen-qlora-v2,massive-test,massive-test-6928,intent,calendar_remove,lists_remove,0.6380316615104675
qwen-qlora-v2,massive-test,massive-test-6936,intent,calendar_set,alarm_set,0.4643420875072479
qwen-qlora-v2,massive-test,massive-test-6937,intent,calendar_set,alarm_set,0.8365320563316345
qwen-qlora-v2,massive-test,massive-test-6959,intent,calendar_set,alarm_set,0.6216827630996704
qwen-qlora-v2,massive-test,massive-test-6962,intent,calendar_set,calendar_query,0.8424485921859741
qwen-qlora-v2,massive-test,massive-test-6964,intent,calendar_set,alarm_set,0.8800492882728577
qwen-qlora-v2,massive-test,massive-test-6967,intent,calendar_query,qa_factoid,0.9267322421073914
qwen-qlora-v2,massive-test,massive-test-6973,intent,calendar_set,alarm_set,0.8793179392814636
qwen-qlora-v2,massive-test,massive-test-6974,intent,calendar_set,calendar_query,0.573356568813324
qwen-qlora-v2,massive-test,massive-test-6980,intent,calendar_query,lists_createoradd,0.5645463466644287
qwen-qlora-v2,massive-test,massive-test-6994,intent,calendar_set,iot_hue_lighton,0.24265217781066895
qwen-qlora-v2,massive-test,massive-test-7026,intent,recommendation_events,recommendation_locations,0.8355867862701416
qwen-qlora-v2,massive-test,massive-test-7044,intent,calendar_set,alarm_set,0.8299837708473206
qwen-qlora-v2,massive-test,massive-test-7061,intent,calendar_set,alarm_set,0.5307356119155884
qwen-qlora-v2,massive-test,massive-test-7073,intent,calendar_set,calendar_query,0.8374394774436951
qwen-qlora-v2,massive-test,massive-test-7087,intent,calendar_remove,calendar_query,0.7457552552223206
qwen-qlora-v2,massive-test,massive-test-7100,intent,calendar_set,alarm_set,0.5410126447677612
qwen-qlora-v2,massive-test,massive-test-7113,intent,calendar_query,recommendation_locations,0.5277869701385498
qwen-qlora-v2,massive-test,massive-test-7122,intent,calendar_set,calendar_remove,0.2585439682006836
qwen-qlora-v2,massive-test,massive-test-7140,intent,calendar_set,alarm_set,0.9277610778808594
qwen-qlora-v2,massive-test,massive-test-7151,intent,calendar_set,alarm_set,0.8676230311393738
qwen-qlora-v2,massive-test,massive-test-7152,intent,calendar_set,alarm_set,0.5478660464286804
qwen-qlora-v2,massive-test,massive-test-7161,intent,calendar_set,calendar_query,0.39689621329307556
qwen-qlora-v2,massive-test,massive-test-7168,intent,general_quirky,qa_factoid,0.8567163944244385
qwen-qlora-v2,massive-test,massive-test-7170,intent,calendar_set,alarm_set,0.657228946685791
qwen-qlora-v2,massive-test,massive-test-7181,intent,calendar_set,alarm_set,0.7918882369995117
qwen-qlora-v2,massive-test,massive-test-7194,intent,calendar_set,calendar_query,0.392961323261261
qwen-qlora-v2,massive-test,massive-test-7196,intent,calendar_set,calendar_query,0.3914247751235962
qwen-qlora-v2,massive-test,massive-test-7199,intent,calendar_set,alarm_set,0.909471333026886
qwen-qlora-v2,massive-test,massive-test-7209,intent,calendar_set,qa_stock,0.27605849504470825
qwen-qlora-v2,massive-test,massive-test-7216,intent,general_quirky,calendar_query,0.1242305338382721
qwen-qlora-v2,massive-test,massive-test-7224,intent,calendar_query,recommendation_locations,0.9381065368652344
qwen-qlora-v2,massive-test,massive-test-7232,intent,calendar_query,recommendation_events,0.5110048055648804
qwen-qlora-v2,massive-test,massive-test-7257,intent,calendar_set,alarm_set,0.8513720631599426
qwen-qlora-v2,massive-test,massive-test-7258,intent,calendar_set,email_sendemail,0.9609655141830444
qwen-qlora-v2,massive-test,massive-test-7262,intent,calendar_set,alarm_set,0.635338306427002
qwen-qlora-v2,massive-test,massive-test-7266,intent,calendar_query,lists_query,0.38532423973083496
qwen-qlora-v2,massive-test,massive-test-7278,intent,calendar_set,alarm_set,0.6026735901832581
qwen-qlora-v2,massive-test,massive-test-7287,intent,calendar_set,alarm_set,0.6600149869918823
qwen-qlora-v2,massive-test,massive-test-7289,intent,calendar_remove,lists_remove,0.6745798587799072
qwen-qlora-v2,massive-test,massive-test-7291,intent,calendar_set,alarm_set,0.6245595216751099
qwen-qlora-v2,massive-test,massive-test-7292,intent,calendar_set,calendar_query,0.4603158235549927
qwen-qlora-v2,massive-test,massive-test-7293,intent,calendar_set,calendar_query,0.5151267051696777
qwen-qlora-v2,massive-test,massive-test-7295,intent,calendar_remove,lists_remove,0.33694493770599365
qwen-qlora-v2,massive-test,massive-test-7353,intent,email_query,weather_query,0.9831294417381287
qwen-qlora-v2,massive-test,massive-test-7355,intent,calendar_set,alarm_set,0.8015449047088623
qwen-qlora-v2,massive-test,massive-test-7397,intent,calendar_query,recommendation_events,0.7143737077713013
qwen-qlora-v2,massive-test,massive-test-7449,intent,calendar_set,calendar_query,0.5475960373878479
qwen-qlora-v2,massive-test,massive-test-7450,intent,calendar_set,calendar_query,0.40030696988105774
qwen-qlora-v2,massive-test,massive-test-7455,intent,calendar_set,calendar_query,0.54900062084198
qwen-qlora-v2,massive-test,massive-test-7461,intent,calendar_set,social_post,0.3327857255935669
qwen-qlora-v2,massive-test,massive-test-7463,intent,calendar_set,calendar_query,0.5255319476127625
qwen-qlora-v2,massive-test,massive-test-7467,intent,calendar_query,datetime_query,0.47392067313194275
qwen-qlora-v2,massive-test,massive-test-7477,intent,calendar_set,alarm_set,0.1681724637746811
qwen-qlora-v2,massive-test,massive-test-7520,intent,calendar_set,alarm_set,0.8001835942268372
qwen-qlora-v2,massive-test,massive-test-7528,intent,calendar_set,datetime_query,0.75331050157547
qwen-qlora-v2,massive-test,massive-test-7531,intent,calendar_set,iot_hue_lightoff,0.061768777668476105
qwen-qlora-v2,massive-test,massive-test-7539,intent,calendar_query,general_greet,0.34882691502571106
qwen-qlora-v2,massive-test,massive-test-7542,intent,calendar_set,alarm_set,0.41573888063430786
qwen-qlora-v2,massive-test,massive-test-7549,intent,calendar_set,calendar_query,0.5879644751548767
qwen-qlora-v2,massive-test,massive-test-7559,intent,calendar_set,alarm_set,0.6939719915390015
qwen-qlora-v2,massive-test,massive-test-7563,intent,calendar_set,calendar_query,0.4150240421295166
qwen-qlora-v2,massive-test,massive-test-7565,intent,calendar_set,calendar_query,0.6692654490470886
qwen-qlora-v2,massive-test,massive-test-7567,intent,calendar_set,calendar_query,0.2853565514087677
qwen-qlora-v2,massive-test,massive-test-7569,intent,calendar_query,lists_createoradd,0.4541819095611572
qwen-qlora-v2,massive-test,massive-test-7596,intent,calendar_set,social_post,0.3493680953979492
qwen-qlora-v2,massive-test,massive-test-7598,intent,calendar_set,calendar_query,0.3662486970424652
qwen-qlora-v2,massive-test,massive-test-7606,intent,calendar_set,calendar_query,0.248604878783226
qwen-qlora-v2,massive-test,massive-test-7613,intent,calendar_query,recommendation_events,0.4282189905643463
qwen-qlora-v2,massive-test,massive-test-7628,intent,calendar_set,lists_createoradd,0.3531184792518616
qwen-qlora-v2,massive-test,massive-test-7654,intent,calendar_set,calendar_remove,0.20539739727973938
qwen-qlora-v2,massive-test,massive-test-7655,intent,calendar_set,alarm_set,0.48204079270362854
qwen-qlora-v2,massive-test,massive-test-7664,intent,calendar_set,takeaway_order,0.5355137586593628
qwen-qlora-v2,massive-test,massive-test-7666,intent,calendar_set,calendar_query,0.31902948021888733
qwen-qlora-v2,massive-test,massive-test-7686,intent,calendar_set,calendar_query,0.2222859114408493
qwen-qlora-v2,massive-test,massive-test-7697,intent,calendar_set,alarm_set,0.8627203702926636
qwen-qlora-v2,massive-test,massive-test-7711,intent,calendar_set,calendar_remove,0.8858298659324646
qwen-qlora-v2,massive-test,massive-test-7712,intent,calendar_set,calendar_remove,0.9147567749023438
qwen-qlora-v2,massive-test,massive-test-7718,intent,calendar_set,email_sendemail,0.9013510346412659
qwen-qlora-v2,massive-test,massive-test-7726,intent,calendar_set,alarm_set,0.8091294169425964
qwen-qlora-v2,massive-test,massive-test-7730,intent,calendar_set,calendar_query,0.5130606293678284
qwen-qlora-v2,massive-test,massive-test-7751,intent,calendar_set,alarm_set,0.4019416272640228
qwen-qlora-v2,massive-test,massive-test-7767,intent,calendar_set,recommendation_locations,0.6003931760787964
qwen-qlora-v2,massive-test,massive-test-7768,intent,calendar_set,recommendation_locations,0.8058292865753174
qwen-qlora-v2,massive-test,massive-test-7778,intent,calendar_set,calendar_query,0.7805764675140381
qwen-qlora-v2,massive-test,massive-test-7808,intent,calendar_set,alarm_set,0.4573461413383484
qwen-qlora-v2,massive-test,massive-test-7817,intent,calendar_query,datetime_query,0.8812375068664551
qwen-qlora-v2,massive-test,massive-test-7843,intent,calendar_set,alarm_set,0.8963906168937683
qwen-qlora-v2,massive-test,massive-test-7844,intent,calendar_query,alarm_query,0.44041115045547485
qwen-qlora-v2,massive-test,massive-test-7847,intent,calendar_set,alarm_set,0.08102846890687943
qwen-qlora-v2,massive-test,massive-test-7851,intent,calendar_set,calendar_query,0.8117024302482605
qwen-qlora-v2,massive-test,massive-test-7863,intent,calendar_set,alarm_set,0.6455811262130737
qwen-qlora-v2,massive-test,massive-test-7876,intent,news_query,calendar_query,0.43665367364883423
qwen-qlora-v2,massive-test,massive-test-7889,intent,calendar_query,weather_query,0.20660236477851868
qwen-qlora-v2,massive-test,massive-test-7894,intent,calendar_set,news_query,0.3567209243774414
qwen-qlora-v2,massive-test,massive-test-7916,intent,calendar_set,iot_cleaning,0.5376237034797668
qwen-qlora-v2,massive-test,massive-test-7918,intent,calendar_set,social_post,0.3023472726345062
qwen-qlora-v2,massive-test,massive-test-7919,intent,calendar_set,social_post,0.6750558018684387
qwen-qlora-v2,massive-test,massive-test-7946,intent,calendar_query,music_query,0.8953230977058411
qwen-qlora-v2,massive-test,massive-test-7956,intent,calendar_set,alarm_set,0.13407360017299652
qwen-qlora-v2,massive-test,massive-test-7966,intent,calendar_query,alarm_query,0.13319741189479828
qwen-qlora-v2,massive-test,massive-test-7970,intent,calendar_set,lists_createoradd,0.1588195115327835
qwen-qlora-v2,massive-test,massive-test-7971,intent,calendar_set,alarm_set,0.8247984647750854
qwen-qlora-v2,massive-test,massive-test-7975,intent,calendar_query,iot_cleaning,0.34507110714912415
qwen-qlora-v2,massive-test,massive-test-7980,intent,calendar_set,recommendation_events,0.7952589988708496
qwen-qlora-v2,massive-test,massive-test-7981,intent,calendar_set,calendar_query,0.38043859601020813
qwen-qlora-v2,massive-test,massive-test-8004,intent,calendar_set,calendar_query,0.3197631239891052
qwen-qlora-v2,massive-test,massive-test-8005,intent,calendar_set,calendar_query,0.41001009941101074
qwen-qlora-v2,massive-test,massive-test-8033,intent,datetime_query,qa_factoid,0.49746859073638916
qwen-qlora-v2,massive-test,massive-test-8035,intent,calendar_set,qa_stock,0.3098152279853821
qwen-qlora-v2,massive-test,massive-test-8037,intent,calendar_set,alarm_set,0.8645943403244019
qwen-qlora-v2,massive-test,massive-test-8079,intent,calendar_set,alarm_set,0.8307033777236938
qwen-qlora-v2,massive-test,massive-test-8085,intent,calendar_set,alarm_set,0.4311543405056
qwen-qlora-v2,massive-test,massive-test-8119,intent,calendar_query,recommendation_locations,0.9545838832855225
qwen-qlora-v2,massive-test,massive-test-8148,intent,calendar_query,lists_createoradd,0.31696054339408875
qwen-qlora-v2,massive-test,massive-test-8165,intent,calendar_query,alarm_set,0.34944337606430054
qwen-qlora-v2,massive-test,massive-test-8188,intent,calendar_query,datetime_query,0.9095866084098816
qwen-qlora-v2,massive-test,massive-test-8204,intent,calendar_set,calendar_remove,0.06697732955217361
qwen-qlora-v2,massive-test,massive-test-8206,intent,calendar_set,social_post,0.6131393909454346
qwen-qlora-v2,massive-test,massive-test-8245,intent,calendar_set,alarm_set,0.563992440700531
qwen-qlora-v2,massive-test,massive-test-8260,intent,calendar_set,alarm_set,0.6048142313957214
qwen-qlora-v2,massive-test,massive-test-8261,intent,calendar_set,calendar_remove,0.2644389271736145
qwen-qlora-v2,massive-test,massive-test-8269,intent,calendar_set,alarm_set,0.6257274150848389
qwen-qlora-v2,massive-test,massive-test-8280,intent,calendar_set,alarm_set,0.8764665722846985
qwen-qlora-v2,massive-test,massive-test-8290,intent,calendar_set,calendar_query,0.7067878246307373
qwen-qlora-v2,massive-test,massive-test-8300,intent,calendar_set,calendar_query,0.33867937326431274
qwen-qlora-v2,massive-test,massive-test-8308,intent,news_query,qa_factoid,0.5531548261642456
qwen-qlora-v2,massive-test,massive-test-8320,intent,general_quirky,recommendation_events,0.714394748210907
qwen-qlora-v2,massive-test,massive-test-8322,intent,general_quirky,recommendation_events,0.5291314721107483
qwen-qlora-v2,massive-test,massive-test-8345,intent,calendar_set,calendar_query,0.942115306854248
qwen-qlora-v2,massive-test,massive-test-8347,intent,calendar_query,qa_factoid,0.647413432598114
qwen-qlora-v2,massive-test,massive-test-8358,intent,calendar_set,alarm_query,0.5013107061386108
qwen-qlora-v2,massive-test,massive-test-8387,intent,calendar_set,alarm_set,0.8912829160690308
qwen-qlora-v2,massive-test,massive-test-8388,intent,calendar_set,iot_cleaning,0.2480657994747162
qwen-qlora-v2,massive-test,massive-test-8390,intent,calendar_set,calendar_query,0.6818939447402954
qwen-qlora-v2,massive-test,massive-test-8394,intent,calendar_set,alarm_set,0.6727911233901978
qwen-qlora-v2,massive-test,massive-test-8402,intent,general_quirky,calendar_query,0.7039281129837036
qwen-qlora-v2,massive-test,massive-test-8413,intent,calendar_set,iot_hue_lighton,0.1845579296350479
qwen-qlora-v2,massive-test,massive-test-8414,intent,calendar_set,alarm_set,0.2668515145778656
qwen-qlora-v2,massive-test,massive-test-8415,intent,calendar_set,calendar_query,0.8046652674674988
qwen-qlora-v2,massive-test,massive-test-8426,intent,calendar_query,news_query,0.9437978863716125
qwen-qlora-v2,massive-test,massive-test-8436,intent,calendar_set,calendar_query,0.483161985874176
qwen-qlora-v2,massive-test,massive-test-8442,intent,calendar_set,calendar_query,0.3879229426383972
qwen-qlora-v2,massive-test,massive-test-8449,intent,calendar_set,alarm_set,0.8565462827682495
qwen-qlora-v2,massive-test,massive-test-8466,intent,calendar_set,alarm_set,0.33933696150779724
qwen-qlora-v2,massive-test,massive-test-8539,intent,calendar_set,alarm_set,0.26944100856781006
qwen-qlora-v2,massive-test,massive-test-8541,intent,calendar_set,iot_hue_lighton,0.24265217781066895
qwen-qlora-v2,massive-test,massive-test-8568,intent,calendar_set,social_post,0.2986759543418884
qwen-qlora-v2,massive-test,massive-test-8570,intent,calendar_set,calendar_query,0.7092776298522949
qwen-qlora-v2,massive-test,massive-test-8585,intent,calendar_set,recommendation_events,0.4458642601966858
qwen-qlora-v2,massive-test,massive-test-8598,intent,calendar_set,transport_taxi,0.2516680359840393
qwen-qlora-v2,massive-test,massive-test-8618,intent,calendar_set,alarm_set,0.42942288517951965
qwen-qlora-v2,massive-test,massive-test-8635,intent,calendar_set,takeaway_order,0.4189823269844055
qwen-qlora-v2,massive-test,massive-test-8651,intent,calendar_set,calendar_query,0.6322320103645325
qwen-qlora-v2,massive-test,massive-test-8653,intent,calendar_set,alarm_set,0.758712649345398
qwen-qlora-v2,massive-test,massive-test-8672,intent,calendar_query,music_query,0.08391045778989792
qwen-qlora-v2,massive-test,massive-test-8679,intent,calendar_query,datetime_query,0.44686490297317505
qwen-qlora-v2,massive-test,massive-test-8694,intent,calendar_set,social_post,0.3741334080696106
qwen-qlora-v2,massive-test,massive-test-8767,intent,calendar_query,qa_factoid,0.8139358162879944
qwen-qlora-v2,massive-test,massive-test-8795,intent,calendar_query,lists_query,0.08233959972858429
qwen-qlora-v2,massive-test,massive-test-8825,intent,calendar_set,calendar_query,0.43883663415908813
qwen-qlora-v2,massive-test,massive-test-8857,intent,calendar_set,music_likeness,0.44962406158447266
qwen-qlora-v2,massive-test,massive-test-8868,intent,calendar_set,alarm_set,0.845794141292572
qwen-qlora-v2,massive-test,massive-test-8880,intent,calendar_set,alarm_set,0.7953691482543945
qwen-qlora-v2,massive-test,massive-test-8888,intent,calendar_remove,lists_remove,0.2727157175540924
qwen-qlora-v2,massive-test,massive-test-8900,intent,calendar_set,alarm_set,0.8869438171386719
qwen-qlora-v2,massive-test,massive-test-8907,intent,calendar_set,calendar_query,0.7649007439613342
qwen-qlora-v2,massive-test,massive-test-8939,intent,calendar_set,recommendation_events,0.4019544720649719
qwen-qlora-v2,massive-test,massive-test-8949,intent,calendar_remove,alarm_remove,0.6324968338012695
qwen-qlora-v2,massive-test,massive-test-8960,intent,calendar_set,alarm_set,0.8428040146827698
qwen-qlora-v2,massive-test,massive-test-8967,intent,calendar_set,alarm_set,0.796894371509552
qwen-qlora-v2,massive-test,massive-test-8968,intent,calendar_set,calendar_query,0.37424588203430176
qwen-qlora-v2,massive-test,massive-test-8977,intent,calendar_set,takeaway_query,0.24563732743263245
qwen-qlora-v2,massive-test,massive-test-8978,intent,calendar_set,calendar_query,0.7410811185836792
qwen-qlora-v2,massive-test,massive-test-8990,intent,calendar_set,calendar_query,0.09619849175214767
qwen-qlora-v2,massive-test,massive-test-8992,intent,calendar_set,calendar_query,0.8405135273933411
qwen-qlora-v2,massive-test,massive-test-9011,intent,calendar_query,qa_factoid,0.8461498022079468
qwen-qlora-v2,massive-test,massive-test-9014,intent,calendar_set,alarm_set,0.7615783214569092
qwen-qlora-v2,massive-test,massive-test-9043,intent,calendar_set,calendar_query,0.7789297103881836
qwen-qlora-v2,massive-test,massive-test-9054,intent,calendar_set,alarm_query,0.1801624298095703
qwen-qlora-v2,massive-test,massive-test-9059,intent,calendar_set,alarm_set,0.28710561990737915
qwen-qlora-v2,massive-test,massive-test-9062,intent,calendar_set,calendar_query,0.17212915420532227
qwen-qlora-v2,massive-test,massive-test-9074,intent,calendar_remove,lists_remove,0.8967370986938477
qwen-qlora-v2,massive-test,massive-test-9107,intent,calendar_query,music_query,0.8094227910041809
qwen-qlora-v2,massive-test,massive-test-9110,intent,calendar_set,datetime_query,0.7702277302742004
qwen-qlora-v2,massive-test,massive-test-9114,intent,calendar_set,alarm_set,0.5958535671234131
qwen-qlora-v2,massive-test,massive-test-9124,intent,calendar_set,calendar_query,0.9613044261932373
qwen-qlora-v2,massive-test,massive-test-9137,intent,calendar_query,takeaway_query,0.4827747941017151
qwen-qlora-v2,massive-test,massive-test-9156,intent,calendar_set,calendar_query,0.09634188562631607
qwen-qlora-v2,massive-test,massive-test-9187,intent,calendar_set,calendar_query,0.8419274091720581
qwen-qlora-v2,massive-test,massive-test-9193,intent,calendar_set,alarm_set,0.6185422539710999
qwen-qlora-v2,massive-test,massive-test-9233,intent,play_radio,play_audiobook,0.5128259062767029
qwen-qlora-v2,massive-test,massive-test-9236,intent,play_radio,play_music,0.43229979276657104
qwen-qlora-v2,massive-test,massive-test-9284,intent,play_radio,music_dislikeness,0.6487250924110413
qwen-qlora-v2,massive-test,massive-test-9291,intent,play_radio,play_audiobook,0.4467073380947113
qwen-qlora-v2,massive-test,massive-test-9301,intent,play_radio,music_likeness,0.3831997215747833
qwen-qlora-v2,massive-test,massive-test-9305,intent,play_radio,play_music,0.5584158897399902
qwen-qlora-v2,massive-test,massive-test-9323,intent,play_radio,iot_hue_lighton,0.16662269830703735
qwen-qlora-v2,massive-test,massive-test-9330,intent,play_radio,play_audiobook,0.4467073380947113
qwen-qlora-v2,massive-test,massive-test-9353,intent,play_radio,play_music,0.4952172636985779
qwen-qlora-v2,massive-test,massive-test-9364,intent,play_radio,play_music,0.5017228126525879
qwen-qlora-v2,massive-test,massive-test-9406,intent,play_radio,play_music,0.5953853130340576
qwen-qlora-v2,massive-test,massive-test-9426,intent,play_radio,music_settings,0.5918506979942322
qwen-qlora-v2,massive-test,massive-test-9494,intent,play_radio,play_podcasts,0.5353257656097412
qwen-qlora-v2,massive-test,massive-test-9519,intent,play_radio,play_music,0.6346839666366577
qwen-qlora-v2,massive-test,massive-test-9554,intent,play_radio,music_likeness,0.2622784376144409
qwen-qlora-v2,massive-test,massive-test-9562,intent,play_radio,play_music,0.7417424321174622
qwen-qlora-v2,massive-test,massive-test-9565,intent,play_radio,music_dislikeness,0.2471121996641159
qwen-qlora-v2,massive-test,massive-test-9568,intent,play_radio,play_music,0.3563249409198761
qwen-qlora-v2,massive-test,massive-test-9569,intent,play_radio,play_music,0.37331080436706543
qwen-qlora-v2,massive-test,massive-test-9630,intent,play_radio,play_music,0.7090815305709839
qwen-qlora-v2,massive-test,massive-test-9640,intent,play_radio,play_music,0.6349416375160217
qwen-qlora-v2,massive-test,massive-test-9651,intent,play_radio,play_music,0.4873720109462738
qwen-qlora-v2,massive-test,massive-test-9669,intent,play_audiobook,music_likeness,0.42698603868484497
qwen-qlora-v2,massive-test,massive-test-9678,intent,play_audiobook,play_music,0.3081202805042267
qwen-qlora-v2,massive-test,massive-test-9680,intent,play_audiobook,play_music,0.4604738652706146
qwen-qlora-v2,massive-test,massive-test-9694,intent,play_audiobook,play_music,0.4874398708343506
qwen-qlora-v2,massive-test,massive-test-9700,intent,play_audiobook,play_music,0.5441702604293823
qwen-qlora-v2,massive-test,massive-test-9718,intent,play_audiobook,play_music,0.6533804535865784
qwen-qlora-v2,massive-test,massive-test-9720,intent,play_audiobook,recommendation_movies,0.4417911767959595
qwen-qlora-v2,massive-test,massive-test-9746,intent,play_audiobook,play_music,0.5348154902458191
qwen-qlora-v2,massive-test,massive-test-9760,intent,play_audiobook,music_dislikeness,0.5755310654640198
qwen-qlora-v2,massive-test,massive-test-9761,intent,play_audiobook,iot_hue_lighton,0.07735852152109146
qwen-qlora-v2,massive-test,massive-test-9795,intent,play_music,music_dislikeness,0.576713502407074
qwen-qlora-v2,massive-test,massive-test-9827,intent,play_audiobook,play_podcasts,0.5156800746917725
qwen-qlora-v2,massive-test,massive-test-9851,intent,play_audiobook,play_game,0.1511140763759613
qwen-qlora-v2,massive-test,massive-test-9855,intent,play_audiobook,play_music,0.5767830014228821
qwen-qlora-v2,massive-test,massive-test-9856,intent,play_audiobook,play_music,0.6168296337127686
qwen-qlora-v2,massive-test,massive-test-9857,intent,play_audiobook,play_music,0.4658527076244354
qwen-qlora-v2,massive-test,massive-test-9885,intent,play_audiobook,play_music,0.5494564175605774
qwen-qlora-v2,massive-test,massive-test-9895,intent,play_audiobook,play_music,0.6082467436790466
qwen-qlora-v2,massive-test,massive-test-9896,intent,play_audiobook,lists_query,0.0758289322257042
qwen-qlora-v2,massive-test,massive-test-9897,intent,play_audiobook,play_music,0.23945370316505432
qwen-qlora-v2,massive-test,massive-test-9912,intent,cooking_recipe,cooking_query,0.729030430316925
qwen-qlora-v2,massive-test,massive-test-9923,intent,cooking_recipe,cooking_query,0.5896211266517639
qwen-qlora-v2,massive-test,massive-test-9930,intent,cooking_recipe,cooking_query,0.7753493785858154
qwen-qlora-v2,massive-test,massive-test-9931,intent,cooking_recipe,cooking_query,0.6567886471748352
qwen-qlora-v2,massive-test,massive-test-9941,intent,cooking_recipe,cooking_query,0.6340983510017395
qwen-qlora-v2,massive-test,massive-test-9956,intent,cooking_recipe,music_settings,0.27094751596450806
qwen-qlora-v2,massive-test,massive-test-9961,intent,cooking_recipe,cooking_query,0.827250599861145
qwen-qlora-v2,massive-test,massive-test-9964,intent,cooking_recipe,music_settings,0.30136650800704956
qwen-qlora-v2,massive-test,massive-test-9969,intent,cooking_recipe,cooking_query,0.4623717963695526
qwen-qlora-v2,massive-test,massive-test-9971,intent,cooking_recipe,cooking_query,0.6142050623893738
qwen-qlora-v2,massive-test,massive-test-9980,intent,cooking_recipe,cooking_query,0.4482693076133728
qwen-qlora-v2,massive-test,massive-test-9986,intent,cooking_recipe,recommendation_events,0.12882287800312042
qwen-qlora-v2,massive-test,massive-test-10016,intent,cooking_recipe,music_settings,0.20454499125480652
qwen-qlora-v2,massive-test,massive-test-10027,intent,cooking_recipe,cooking_query,0.3288600444793701
qwen-qlora-v2,massive-test,massive-test-10038,intent,cooking_recipe,cooking_query,0.6833562254905701
qwen-qlora-v2,massive-test,massive-test-10048,intent,cooking_recipe,cooking_query,0.38102173805236816
qwen-qlora-v2,massive-test,massive-test-10053,intent,cooking_recipe,cooking_query,0.33025848865509033
qwen-qlora-v2,massive-test,massive-test-10061,intent,cooking_recipe,cooking_query,0.41983380913734436
qwen-qlora-v2,massive-test,massive-test-10072,intent,cooking_recipe,cooking_query,0.6358494758605957
qwen-qlora-v2,massive-test,massive-test-10076,intent,cooking_recipe,cooking_query,0.31865212321281433
qwen-qlora-v2,massive-test,massive-test-10078,intent,cooking_recipe,cooking_query,0.540556013584137
qwen-qlora-v2,massive-test,massive-test-10080,intent,cooking_recipe,music_settings,0.4087674617767334
qwen-qlora-v2,massive-test,massive-test-10093,intent,cooking_recipe,cooking_query,0.34504464268684387
qwen-qlora-v2,massive-test,massive-test-10105,intent,cooking_recipe,cooking_query,0.838294506072998
qwen-qlora-v2,massive-test,massive-test-10119,intent,cooking_recipe,iot_hue_lighton,0.08990812301635742
qwen-qlora-v2,massive-test,massive-test-10125,intent,cooking_recipe,music_settings,0.3873492181301117
qwen-qlora-v2,massive-test,massive-test-10132,intent,cooking_recipe,cooking_query,0.8770519495010376
qwen-qlora-v2,massive-test,massive-test-10164,intent,cooking_recipe,cooking_query,0.285881370306015
qwen-qlora-v2,massive-test,massive-test-10216,intent,cooking_recipe,takeaway_query,0.5079324245452881
qwen-qlora-v2,massive-test,massive-test-10220,intent,cooking_recipe,cooking_query,0.420837938785553
qwen-qlora-v2,massive-test,massive-test-10224,intent,cooking_recipe,music_settings,0.343489408493042
qwen-qlora-v2,massive-test,massive-test-10256,intent,play_game,music_dislikeness,0.10285523533821106
qwen-qlora-v2,massive-test,massive-test-10335,intent,play_game,social_query,0.07094813138246536
qwen-qlora-v2,massive-test,massive-test-10349,intent,play_game,iot_hue_lightchange,0.2727813124656677
qwen-qlora-v2,massive-test,massive-test-10353,intent,play_game,news_query,0.22103814780712128
qwen-qlora-v2,massive-test,massive-test-10403,intent,play_game,iot_hue_lighton,0.15980544686317444
qwen-qlora-v2,massive-test,massive-test-10440,intent,lists_query,lists_createoradd,0.4459127187728882
qwen-qlora-v2,massive-test,massive-test-10451,intent,lists_query,calendar_query,0.775361180305481
qwen-qlora-v2,massive-test,massive-test-10455,intent,lists_query,lists_createoradd,0.7872797846794128
qwen-qlora-v2,massive-test,massive-test-10493,intent,lists_query,lists_createoradd,0.4842544496059418
qwen-qlora-v2,massive-test,massive-test-10497,intent,qa_factoid,recommendation_locations,0.9039696455001831
qwen-qlora-v2,massive-test,massive-test-10525,intent,lists_remove,calendar_remove,0.8357699513435364
qwen-qlora-v2,massive-test,massive-test-10534,intent,lists_query,lists_createoradd,0.5980596542358398
qwen-qlora-v2,massive-test,massive-test-10538,intent,lists_query,lists_createoradd,0.7675755023956299
qwen-qlora-v2,massive-test,massive-test-10571,intent,lists_query,iot_hue_lighton,0.11959277093410492
qwen-qlora-v2,massive-test,massive-test-10577,intent,lists_query,lists_createoradd,0.8338659405708313
qwen-qlora-v2,massive-test,massive-test-10579,intent,lists_remove,lists_createoradd,0.38235071301460266
qwen-qlora-v2,massive-test,massive-test-10608,intent,lists_createoradd,calendar_query,0.43279412388801575
qwen-qlora-v2,massive-test,massive-test-10655,intent,lists_remove,lists_query,0.5099372863769531
qwen-qlora-v2,massive-test,massive-test-10687,intent,lists_remove,calendar_remove,0.8437614440917969
qwen-qlora-v2,massive-test,massive-test-10696,intent,lists_remove,iot_hue_lighton,0.1122714951634407
qwen-qlora-v2,massive-test,massive-test-10731,intent,lists_query,lists_createoradd,0.6500878930091858
qwen-qlora-v2,massive-test,massive-test-10753,intent,lists_query,takeaway_query,0.35329222679138184
qwen-qlora-v2,massive-test,massive-test-10756,intent,lists_remove,lists_createoradd,0.41809695959091187
qwen-qlora-v2,massive-test,massive-test-10759,intent,lists_query,lists_createoradd,0.871222972869873
qwen-qlora-v2,massive-test,massive-test-10776,intent,lists_query,lists_createoradd,0.7981348037719727
qwen-qlora-v2,massive-test,massive-test-10804,intent,lists_query,lists_createoradd,0.685124933719635
qwen-qlora-v2,massive-test,massive-test-10816,intent,lists_createoradd,play_music,0.8283222317695618
qwen-qlora-v2,massive-test,massive-test-10853,intent,lists_remove,music_dislikeness,0.10166855901479721
qwen-qlora-v2,massive-test,massive-test-10909,intent,lists_query,lists_createoradd,0.8114854097366333
qwen-qlora-v2,massive-test,massive-test-10927,intent,lists_query,lists_createoradd,0.8857846856117249
qwen-qlora-v2,massive-test,massive-test-10956,intent,lists_query,email_querycontact,0.692130982875824
qwen-qlora-v2,massive-test,massive-test-10981,intent,lists_query,lists_createoradd,0.7365918159484863
qwen-qlora-v2,massive-test,massive-test-11098,intent,lists_remove,calendar_remove,0.4381251037120819
qwen-qlora-v2,massive-test,massive-test-11124,intent,lists_query,lists_createoradd,0.9710115790367126
qwen-qlora-v2,massive-test,massive-test-11125,intent,lists_query,takeaway_query,0.8517625331878662
qwen-qlora-v2,massive-test,massive-test-11146,intent,lists_createoradd,email_addcontact,0.8581456542015076
qwen-qlora-v2,massive-test,massive-test-11166,intent,lists_query,lists_createoradd,0.8992539048194885
qwen-qlora-v2,massive-test,massive-test-11172,intent,lists_query,lists_createoradd,0.5456179976463318
qwen-qlora-v2,massive-test,massive-test-11180,intent,calendar_query,recommendation_events,0.4618813991546631
qwen-qlora-v2,massive-test,massive-test-11186,intent,lists_query,lists_createoradd,0.9181594848632812
qwen-qlora-v2,massive-test,massive-test-11189,intent,lists_query,lists_createoradd,0.6033422946929932
qwen-qlora-v2,massive-test,massive-test-11204,intent,lists_query,audio_volume_other,0.11041487753391266
qwen-qlora-v2,massive-test,massive-test-11215,intent,lists_query,lists_createoradd,0.7316049337387085
qwen-qlora-v2,massive-test,massive-test-11250,intent,lists_query,lists_createoradd,0.8719069361686707
qwen-qlora-v2,massive-test,massive-test-11257,intent,play_podcasts,play_music,0.37897592782974243
qwen-qlora-v2,massive-test,massive-test-11261,intent,play_podcasts,iot_hue_lighton,0.06861238181591034
qwen-qlora-v2,massive-test,massive-test-11265,intent,play_podcasts,play_music,0.6549232602119446
qwen-qlora-v2,massive-test,massive-test-11272,intent,play_podcasts,play_music,0.563139796257019
qwen-qlora-v2,massive-test,massive-test-11273,intent,play_audiobook,play_music,0.40988215804100037
qwen-qlora-v2,massive-test,massive-test-11306,intent,play_podcasts,play_music,0.42254602909088135
qwen-qlora-v2,massive-test,massive-test-11322,intent,play_podcasts,general_greet,0.39325621724128723
qwen-qlora-v2,massive-test,massive-test-11343,intent,play_podcasts,social_post,0.1848098486661911
qwen-qlora-v2,massive-test,massive-test-11366,intent,play_podcasts,play_audiobook,0.23096631467342377
qwen-qlora-v2,massive-test,massive-test-11417,intent,play_podcasts,recommendation_movies,0.11628224700689316
qwen-qlora-v2,massive-test,massive-test-11423,intent,play_podcasts,audio_volume_down,0.1063174307346344
qwen-qlora-v2,massive-test,massive-test-11424,intent,play_podcasts,music_dislikeness,0.14558225870132446
qwen-qlora-v2,massive-test,massive-test-11427,intent,play_podcasts,iot_hue_lighton,0.09598793089389801
qwen-qlora-v2,massive-test,massive-test-11455,intent,play_podcasts,calendar_query,0.12168210744857788
qwen-qlora-v2,massive-test,massive-test-11483,intent,play_podcasts,play_music,0.6695629358291626
qwen-qlora-v2,massive-test,massive-test-11502,intent,play_podcasts,calendar_set,0.06449490785598755
qwen-qlora-v2,massive-test,massive-test-11546,intent,play_podcasts,calendar_query,0.25498971343040466
qwen-qlora-v2,massive-test,massive-test-11563,intent,recommendation_events,recommendation_locations,0.8755401372909546
qwen-qlora-v2,massive-test,massive-test-11570,intent,recommendation_events,weather_query,0.41594284772872925
qwen-qlora-v2,massive-test,massive-test-11582,intent,recommendation_events,recommendation_locations,0.8641011714935303
qwen-qlora-v2,massive-test,massive-test-11600,intent,recommendation_events,recommendation_movies,0.9622810482978821
qwen-qlora-v2,massive-test,massive-test-11610,intent,recommendation_events,recommendation_locations,0.49835851788520813
qwen-qlora-v2,massive-test,massive-test-11612,intent,recommendation_events,qa_factoid,0.7129005193710327
qwen-qlora-v2,massive-test,massive-test-11643,intent,recommendation_events,calendar_query,0.4642516076564789
qwen-qlora-v2,massive-test,massive-test-11650,intent,recommendation_events,qa_factoid,0.8094363212585449
qwen-qlora-v2,massive-test,massive-test-11677,intent,recommendation_locations,takeaway_query,0.6358837485313416
qwen-qlora-v2,massive-test,massive-test-11681,intent,recommendation_events,recommendation_locations,0.6700515151023865
qwen-qlora-v2,massive-test,massive-test-11685,intent,recommendation_events,general_greet,0.27756571769714355
qwen-qlora-v2,massive-test,massive-test-11705,intent,recommendation_events,recommendation_locations,0.6791296601295471
qwen-qlora-v2,massive-test,massive-test-11720,intent,recommendation_events,music_dislikeness,0.06576015055179596
qwen-qlora-v2,massive-test,massive-test-11764,intent,recommendation_movies,datetime_convert,0.06832093000411987
qwen-qlora-v2,massive-test,massive-test-11827,intent,recommendation_events,recommendation_locations,0.9485356211662292
qwen-qlora-v2,massive-test,massive-test-11841,intent,recommendation_events,recommendation_locations,0.7224720120429993
qwen-qlora-v2,massive-test,massive-test-11860,intent,recommendation_events,recommendation_locations,0.8651703596115112
qwen-qlora-v2,massive-test,massive-test-11867,intent,recommendation_events,weather_query,0.8061359524726868
qwen-qlora-v2,massive-test,massive-test-11875,intent,recommendation_events,recommendation_locations,0.6153156161308289
qwen-qlora-v2,massive-test,massive-test-11904,intent,recommendation_events,calendar_query,0.5191940665245056
qwen-qlora-v2,massive-test,massive-test-11911,intent,recommendation_events,recommendation_locations,0.7394479513168335
qwen-qlora-v2,massive-test,massive-test-11916,intent,recommendation_events,recommendation_locations,0.9384666681289673
qwen-qlora-v2,massive-test,massive-test-11922,intent,recommendation_locations,takeaway_query,0.5261321067810059
qwen-qlora-v2,massive-test,massive-test-11932,intent,recommendation_movies,calendar_query,0.5329108238220215
qwen-qlora-v2,massive-test,massive-test-11954,intent,recommendation_locations,recommendation_movies,0.7761215567588806
qwen-qlora-v2,massive-test,massive-test-11969,intent,recommendation_events,recommendation_locations,0.8992612957954407
qwen-qlora-v2,massive-test,massive-test-12054,intent,recommendation_events,recommendation_locations,0.35386377573013306
qwen-qlora-v2,massive-test,massive-test-12070,intent,recommendation_events,takeaway_query,0.720994234085083
qwen-qlora-v2,massive-test,massive-test-12073,intent,recommendation_events,calendar_query,0.7567311525344849
qwen-qlora-v2,massive-test,massive-test-12098,intent,recommendation_events,play_music,0.36901387572288513
qwen-qlora-v2,massive-test,massive-test-12160,intent,transport_taxi,transport_ticket,0.5891178250312805
qwen-qlora-v2,massive-test,massive-test-12182,intent,transport_traffic,takeaway_order,0.3759381175041199
qwen-qlora-v2,massive-test,massive-test-12240,intent,transport_query,transport_traffic,0.7746068239212036
qwen-qlora-v2,massive-test,massive-test-12245,intent,transport_query,transport_ticket,0.7684054970741272
qwen-qlora-v2,massive-test,massive-test-12251,intent,transport_query,transport_ticket,0.76261967420578
qwen-qlora-v2,massive-test,massive-test-12252,intent,transport_query,transport_ticket,0.7498809695243835
qwen-qlora-v2,massive-test,massive-test-12254,intent,transport_traffic,transport_query,0.842428982257843
qwen-qlora-v2,massive-test,massive-test-12256,intent,transport_traffic,recommendation_locations,0.8905525803565979
qwen-qlora-v2,massive-test,massive-test-12261,intent,transport_query,transport_ticket,0.82401442527771
qwen-qlora-v2,massive-test,massive-test-12263,intent,transport_query,weather_query,0.214025616645813
qwen-qlora-v2,massive-test,massive-test-12264,intent,transport_query,calendar_query,0.36353012919425964
qwen-qlora-v2,massive-test,massive-test-12289,intent,transport_traffic,music_dislikeness,0.47891631722450256
qwen-qlora-v2,massive-test,massive-test-12294,intent,transport_query,transport_ticket,0.7672380805015564
qwen-qlora-v2,massive-test,massive-test-12310,intent,transport_query,transport_ticket,0.7663094401359558
qwen-qlora-v2,massive-test,massive-test-12343,intent,transport_query,transport_ticket,0.6708544492721558
qwen-qlora-v2,massive-test,massive-test-12354,intent,transport_query,transport_ticket,0.6282452344894409
qwen-qlora-v2,massive-test,massive-test-12392,intent,transport_query,datetime_query,0.26169678568840027
qwen-qlora-v2,massive-test,massive-test-12402,intent,transport_query,transport_ticket,0.7590331435203552
qwen-qlora-v2,massive-test,massive-test-12430,intent,transport_query,transport_ticket,0.7626258134841919
qwen-qlora-v2,massive-test,massive-test-12446,intent,transport_query,transport_ticket,0.6806613802909851
qwen-qlora-v2,massive-test,massive-test-12526,intent,transport_query,recommendation_locations,0.5745521187782288
qwen-qlora-v2,massive-test,massive-test-12604,intent,transport_query,transport_ticket,0.8497685194015503
qwen-qlora-v2,massive-test,massive-test-12618,intent,transport_query,transport_ticket,0.7990419864654541
qwen-qlora-v2,massive-test,massive-test-12623,intent,transport_query,transport_ticket,0.5404422283172607
qwen-qlora-v2,massive-test,massive-test-12629,intent,transport_query,qa_factoid,0.4986668825149536
qwen-qlora-v2,massive-test,massive-test-12634,intent,transport_query,transport_ticket,0.7256386280059814
qwen-qlora-v2,massive-test,massive-test-12675,intent,transport_traffic,transport_ticket,0.25439727306365967
qwen-qlora-v2,massive-test,massive-test-12693,intent,transport_traffic,transport_query,0.9555209279060364
qwen-qlora-v2,massive-test,massive-test-12759,intent,transport_query,transport_taxi,0.4391157031059265
qwen-qlora-v2,massive-test,massive-test-12789,intent,transport_traffic,transport_query,0.5040823221206665
qwen-qlora-v2,massive-test,massive-test-12800,intent,transport_query,recommendation_locations,0.949151337146759
qwen-qlora-v2,massive-test,massive-test-12813,intent,transport_ticket,transport_query,0.515109121799469
qwen-qlora-v2,massive-test,massive-test-12818,intent,transport_query,transport_ticket,0.7824407815933228
qwen-qlora-v2,massive-test,massive-test-12824,intent,transport_query,transport_ticket,0.6599625945091248
qwen-qlora-v2,massive-test,massive-test-12835,intent,transport_query,transport_ticket,0.6774407625198364
qwen-qlora-v2,massive-test,massive-test-12839,intent,transport_query,recommendation_locations,0.974850594997406
qwen-qlora-v2,massive-test,massive-test-12930,intent,transport_query,recommendation_locations,0.9491217136383057
qwen-qlora-v2,massive-test,massive-test-12932,intent,transport_query,recommendation_locations,0.8873263001441956
qwen-qlora-v2,massive-test,massive-test-12987,intent,general_quirky,music_likeness,0.23969632387161255
qwen-qlora-v2,massive-test,massive-test-12999,intent,qa_factoid,music_query,0.7283198833465576
qwen-qlora-v2,massive-test,massive-test-13031,intent,recommendation_locations,takeaway_order,0.648734450340271
qwen-qlora-v2,massive-test,massive-test-13043,intent,lists_createoradd,recommendation_locations,0.9309287071228027
qwen-qlora-v2,massive-test,massive-test-13044,intent,general_quirky,music_query,0.4833123981952667
qwen-qlora-v2,massive-test,massive-test-13064,intent,general_quirky,qa_definition,0.8139630556106567
qwen-qlora-v2,massive-test,massive-test-13067,intent,general_quirky,music_settings,0.27984604239463806
qwen-qlora-v2,massive-test,massive-test-13074,intent,qa_factoid,recommendation_movies,0.5469008684158325
qwen-qlora-v2,massive-test,massive-test-13083,intent,general_quirky,transport_taxi,0.24946218729019165
qwen-qlora-v2,massive-test,massive-test-13140,intent,qa_definition,weather_query,0.5952743291854858
qwen-qlora-v2,massive-test,massive-test-13150,intent,general_quirky,qa_maths,0.09182728081941605
qwen-qlora-v2,massive-test,massive-test-13175,intent,general_quirky,recommendation_locations,0.5371037125587463
qwen-qlora-v2,massive-test,massive-test-13177,intent,calendar_set,lists_createoradd,0.1113775297999382
qwen-qlora-v2,massive-test,massive-test-13178,intent,calendar_set,social_post,0.24122630059719086
qwen-qlora-v2,massive-test,massive-test-13186,intent,general_quirky,general_greet,0.6168249845504761
qwen-qlora-v2,massive-test,massive-test-13188,intent,news_query,qa_factoid,0.4235204756259918
qwen-qlora-v2,massive-test,massive-test-13197,intent,general_quirky,lists_query,0.12364829331636429
qwen-qlora-v2,massive-test,massive-test-13206,intent,qa_definition,calendar_query,0.13413137197494507
qwen-qlora-v2,massive-test,massive-test-13221,intent,general_quirky,recommendation_movies,0.3551827073097229
qwen-qlora-v2,massive-test,massive-test-13222,intent,general_quirky,takeaway_query,0.4004118740558624
qwen-qlora-v2,massive-test,massive-test-13242,intent,general_quirky,cooking_recipe,0.8529366254806519
qwen-qlora-v2,massive-test,massive-test-13283,intent,qa_factoid,qa_stock,0.6440345644950867
qwen-qlora-v2,massive-test,massive-test-13298,intent,qa_factoid,music_settings,0.13259150087833405
qwen-qlora-v2,massive-test,massive-test-13303,intent,general_quirky,cooking_query,0.44655323028564453
qwen-qlora-v2,massive-test,massive-test-13312,intent,qa_maths,qa_currency,0.851849377155304
qwen-qlora-v2,massive-test,massive-test-13340,intent,general_quirky,qa_maths,0.503991961479187
qwen-qlora-v2,massive-test,massive-test-13341,intent,general_quirky,music_settings,0.8364298939704895
qwen-qlora-v2,massive-test,massive-test-13342,intent,general_quirky,lists_query,0.23267008364200592
qwen-qlora-v2,massive-test,massive-test-13363,intent,general_quirky,datetime_query,0.20612794160842896
qwen-qlora-v2,massive-test,massive-test-13372,intent,general_quirky,music_query,0.20189449191093445
qwen-qlora-v2,massive-test,massive-test-13404,intent,general_quirky,recommendation_locations,0.4377920925617218
qwen-qlora-v2,massive-test,massive-test-13407,intent,general_quirky,qa_factoid,0.8554842472076416
qwen-qlora-v2,massive-test,massive-test-13451,intent,general_quirky,lists_createoradd,0.11591685563325882
qwen-qlora-v2,massive-test,massive-test-13457,intent,calendar_set,alarm_set,0.5846382975578308
qwen-qlora-v2,massive-test,massive-test-13464,intent,general_quirky,calendar_query,0.4168117940425873
qwen-qlora-v2,massive-test,massive-test-13467,intent,general_quirky,general_greet,0.07809894531965256
qwen-qlora-v2,massive-test,massive-test-13486,intent,general_quirky,lists_query,0.44869956374168396
qwen-qlora-v2,massive-test,massive-test-13491,intent,general_quirky,takeaway_query,0.4048234522342682
qwen-qlora-v2,massive-test,massive-test-13521,intent,general_quirky,qa_factoid,0.8957628011703491
qwen-qlora-v2,massive-test,massive-test-13524,intent,general_quirky,lists_createoradd,0.34237948060035706
qwen-qlora-v2,massive-test,massive-test-13536,intent,general_quirky,recommendation_movies,0.19244001805782318
qwen-qlora-v2,massive-test,massive-test-13546,intent,qa_factoid,recommendation_movies,0.7079912424087524
qwen-qlora-v2,massive-test,massive-test-13547,intent,general_quirky,recommendation_locations,0.26419922709465027
qwen-qlora-v2,massive-test,massive-test-13548,intent,iot_wemo_on,iot_hue_lighton,0.5995470285415649
qwen-qlora-v2,massive-test,massive-test-13554,intent,qa_factoid,recommendation_movies,0.7303298711776733
qwen-qlora-v2,massive-test,massive-test-13575,intent,qa_factoid,recommendation_movies,0.6584022641181946
qwen-qlora-v2,massive-test,massive-test-13616,intent,qa_factoid,recommendation_locations,0.9223695397377014
qwen-qlora-v2,massive-test,massive-test-13618,intent,general_quirky,recommendation_events,0.7419398427009583
qwen-qlora-v2,massive-test,massive-test-13625,intent,qa_definition,qa_factoid,0.8608154058456421
qwen-qlora-v2,massive-test,massive-test-13679,intent,qa_factoid,general_quirky,0.22622574865818024
qwen-qlora-v2,massive-test,massive-test-13681,intent,qa_factoid,music_query,0.598356306552887
qwen-qlora-v2,massive-test,massive-test-13690,intent,qa_factoid,iot_hue_lightchange,0.3501679301261902
qwen-qlora-v2,massive-test,massive-test-13694,intent,general_quirky,play_audiobook,0.14669714868068695
qwen-qlora-v2,massive-test,massive-test-13706,intent,qa_definition,qa_stock,0.10057071596384048
qwen-qlora-v2,massive-test,massive-test-13744,intent,general_quirky,qa_definition,0.41933906078338623
qwen-qlora-v2,massive-test,massive-test-13761,intent,qa_factoid,qa_definition,0.8324153423309326
qwen-qlora-v2,massive-test,massive-test-13762,intent,general_quirky,qa_factoid,0.2460385262966156
qwen-qlora-v2,massive-test,massive-test-13777,intent,qa_definition,takeaway_query,0.12369760870933533
qwen-qlora-v2,massive-test,massive-test-13823,intent,qa_factoid,weather_query,0.5955724120140076
qwen-qlora-v2,massive-test,massive-test-13854,intent,qa_factoid,music_query,0.7562490701675415
qwen-qlora-v2,massive-test,massive-test-13858,intent,qa_stock,takeaway_query,0.7652618288993835
qwen-qlora-v2,massive-test,massive-test-13867,intent,qa_factoid,recommendation_locations,0.9432185888290405
qwen-qlora-v2,massive-test,massive-test-13869,intent,qa_factoid,recommendation_locations,0.8944371938705444
qwen-qlora-v2,massive-test,massive-test-13871,intent,qa_definition,general_greet,0.41741079092025757
qwen-qlora-v2,massive-test,massive-test-13881,intent,qa_factoid,music_query,0.46708378195762634
qwen-qlora-v2,massive-test,massive-test-13888,intent,qa_factoid,weather_query,0.9236183762550354
qwen-qlora-v2,massive-test,massive-test-13907,intent,qa_definition,general_joke,0.08494687080383301
qwen-qlora-v2,massive-test,massive-test-13927,intent,qa_factoid,qa_stock,0.4367212951183319
qwen-qlora-v2,massive-test,massive-test-13929,intent,general_quirky,weather_query,0.7713135480880737
qwen-qlora-v2,massive-test,massive-test-13983,intent,qa_definition,music_dislikeness,0.3640548288822174
qwen-qlora-v2,massive-test,massive-test-13984,intent,qa_definition,calendar_query,0.12203991413116455
qwen-qlora-v2,massive-test,massive-test-13986,intent,general_quirky,play_audiobook,0.1005476713180542
qwen-qlora-v2,massive-test,massive-test-13997,intent,qa_factoid,takeaway_query,0.5306506156921387
qwen-qlora-v2,massive-test,massive-test-14011,intent,qa_factoid,datetime_query,0.5061177611351013
qwen-qlora-v2,massive-test,massive-test-14023,intent,qa_definition,calendar_query,0.21732445061206818
qwen-qlora-v2,massive-test,massive-test-14071,intent,general_quirky,lists_query,0.2598181366920471
qwen-qlora-v2,massive-test,massive-test-14101,intent,general_quirky,music_query,0.6885491013526917
qwen-qlora-v2,massive-test,massive-test-14115,intent,qa_definition,qa_factoid,0.1520654559135437
qwen-qlora-v2,massive-test,massive-test-14117,intent,qa_factoid,recommendation_locations,0.6697104573249817
qwen-qlora-v2,massive-test,massive-test-14118,intent,qa_factoid,recommendation_locations,0.4811876118183136
qwen-qlora-v2,massive-test,massive-test-14126,intent,qa_factoid,music_query,0.7577332258224487
qwen-qlora-v2,massive-test,massive-test-14151,intent,qa_factoid,lists_query,0.05886170640587807
qwen-qlora-v2,massive-test,massive-test-14154,intent,qa_factoid,news_query,0.697263777256012
qwen-qlora-v2,massive-test,massive-test-14163,intent,qa_factoid,recommendation_locations,0.6369349360466003
qwen-qlora-v2,massive-test,massive-test-14169,intent,qa_factoid,recommendation_locations,0.38018882274627686
qwen-qlora-v2,massive-test,massive-test-14170,intent,qa_factoid,music_likeness,0.1890985071659088
qwen-qlora-v2,massive-test,massive-test-14179,intent,qa_factoid,transport_query,0.3302602171897888
qwen-qlora-v2,massive-test,massive-test-14229,intent,qa_factoid,recommendation_movies,0.8176706433296204
qwen-qlora-v2,massive-test,massive-test-14243,intent,qa_factoid,email_addcontact,0.32014745473861694
qwen-qlora-v2,massive-test,massive-test-14246,intent,general_quirky,qa_factoid,0.37937653064727783
qwen-qlora-v2,massive-test,massive-test-14272,intent,qa_definition,play_audiobook,0.8079110980033875
qwen-qlora-v2,massive-test,massive-test-14283,intent,qa_factoid,recommendation_locations,0.4787677824497223
qwen-qlora-v2,massive-test,massive-test-14308,intent,qa_factoid,recommendation_movies,0.38303300738334656
qwen-qlora-v2,massive-test,massive-test-14315,intent,general_quirky,qa_factoid,0.5606576800346375
qwen-qlora-v2,massive-test,massive-test-14323,intent,qa_factoid,qa_definition,0.4026084542274475
qwen-qlora-v2,massive-test,massive-test-14339,intent,general_quirky,qa_factoid,0.6295409202575684
qwen-qlora-v2,massive-test,massive-test-14348,intent,general_quirky,weather_query,0.09451143443584442
qwen-qlora-v2,massive-test,massive-test-14356,intent,general_quirky,recommendation_locations,0.6667742729187012
qwen-qlora-v2,massive-test,massive-test-14367,intent,general_quirky,general_joke,0.26277220249176025
qwen-qlora-v2,massive-test,massive-test-14368,intent,general_quirky,qa_factoid,0.9263057112693787
qwen-qlora-v2,massive-test,massive-test-14412,intent,general_quirky,play_audiobook,0.11364186555147171
qwen-qlora-v2,massive-test,massive-test-14414,intent,qa_definition,transport_query,0.10084652155637741
qwen-qlora-v2,massive-test,massive-test-14418,intent,general_quirky,qa_factoid,0.6924611926078796
qwen-qlora-v2,massive-test,massive-test-14419,intent,qa_factoid,recommendation_movies,0.9710851907730103
qwen-qlora-v2,massive-test,massive-test-14442,intent,qa_factoid,recommendation_locations,0.8759334683418274
qwen-qlora-v2,massive-test,massive-test-14444,intent,qa_factoid,recommendation_movies,0.905099630355835
qwen-qlora-v2,massive-test,massive-test-14457,intent,qa_factoid,transport_query,0.9493787288665771
qwen-qlora-v2,massive-test,massive-test-14461,intent,general_quirky,qa_definition,0.27501022815704346
qwen-qlora-v2,massive-test,massive-test-14465,intent,transport_query,recommendation_locations,0.7759665250778198
qwen-qlora-v2,massive-test,massive-test-14481,intent,general_quirky,weather_query,0.17242825031280518
qwen-qlora-v2,massive-test,massive-test-14498,intent,qa_definition,qa_factoid,0.4484651982784271
qwen-qlora-v2,massive-test,massive-test-14539,intent,qa_factoid,recommendation_locations,0.8102754950523376
qwen-qlora-v2,massive-test,massive-test-14549,intent,lists_createoradd,music_query,0.627371609210968
qwen-qlora-v2,massive-test,massive-test-14553,intent,general_quirky,qa_factoid,0.8636258840560913
qwen-qlora-v2,massive-test,massive-test-14564,intent,general_quirky,qa_definition,0.44485393166542053
qwen-qlora-v2,massive-test,massive-test-14585,intent,qa_factoid,transport_query,0.5565654635429382
qwen-qlora-v2,massive-test,massive-test-14591,intent,qa_definition,qa_factoid,0.17640170454978943
qwen-qlora-v2,massive-test,massive-test-14592,intent,qa_definition,lists_query,0.15410564839839935
qwen-qlora-v2,massive-test,massive-test-14608,intent,qa_factoid,recommendation_movies,0.9613706469535828
qwen-qlora-v2,massive-test,massive-test-14668,intent,qa_definition,iot_hue_lightchange,0.1533321887254715
qwen-qlora-v2,massive-test,massive-test-14673,intent,general_quirky,qa_factoid,0.9317741394042969
qwen-qlora-v2,massive-test,massive-test-14690,intent,qa_definition,qa_factoid,0.5614414811134338
qwen-qlora-v2,massive-test,massive-test-14701,intent,qa_definition,play_game,0.9236236810684204
qwen-qlora-v2,massive-test,massive-test-14705,intent,qa_factoid,recommendation_locations,0.10570205003023148
qwen-qlora-v2,massive-test,massive-test-14767,intent,qa_definition,lists_createoradd,0.09868630766868591
qwen-qlora-v2,massive-test,massive-test-14791,intent,qa_factoid,qa_definition,0.8144789934158325
qwen-qlora-v2,massive-test,massive-test-14794,intent,qa_factoid,music_query,0.5131440162658691
qwen-qlora-v2,massive-test,massive-test-14817,intent,general_quirky,music_dislikeness,0.23683492839336395
qwen-qlora-v2,massive-test,massive-test-14822,intent,qa_factoid,calendar_query,0.1634046733379364
qwen-qlora-v2,massive-test,massive-test-14838,intent,qa_factoid,qa_definition,0.5540968179702759
qwen-qlora-v2,massive-test,massive-test-14877,intent,qa_factoid,weather_query,0.9580440521240234
qwen-qlora-v2,massive-test,massive-test-14889,intent,qa_definition,lists_query,0.11903678625822067
qwen-qlora-v2,massive-test,massive-test-14891,intent,qa_factoid,music_settings,0.20746152102947235
qwen-qlora-v2,massive-test,massive-test-14917,intent,qa_factoid,music_query,0.8401861786842346
qwen-qlora-v2,massive-test,massive-test-14958,intent,general_quirky,calendar_query,0.08992861211299896
qwen-qlora-v2,massive-test,massive-test-14963,intent,general_quirky,iot_hue_lighton,0.07281468063592911
qwen-qlora-v2,massive-test,massive-test-14967,intent,general_quirky,qa_maths,0.18848106265068054
qwen-qlora-v2,massive-test,massive-test-14981,intent,qa_definition,audio_volume_mute,0.06060846894979477
qwen-qlora-v2,massive-test,massive-test-14994,intent,qa_factoid,recommendation_movies,0.969027578830719
qwen-qlora-v2,massive-test,massive-test-15020,intent,qa_factoid,recommendation_movies,0.44883209466934204
qwen-qlora-v2,massive-test,massive-test-15062,intent,qa_factoid,calendar_query,0.43403691053390503
qwen-qlora-v2,massive-test,massive-test-15092,intent,qa_definition,qa_factoid,0.4901583790779114
qwen-qlora-v2,massive-test,massive-test-15113,intent,general_quirky,weather_query,0.5968165993690491
qwen-qlora-v2,massive-test,massive-test-15137,intent,general_quirky,qa_stock,0.1003098338842392
qwen-qlora-v2,massive-test,massive-test-15138,intent,social_query,social_post,0.710554838180542
qwen-qlora-v2,massive-test,massive-test-15181,intent,social_query,email_addcontact,0.42918455600738525
qwen-qlora-v2,massive-test,massive-test-15185,intent,social_post,music_dislikeness,0.1279716193675995
qwen-qlora-v2,massive-test,massive-test-15199,intent,social_query,music_dislikeness,0.1282648891210556
qwen-qlora-v2,massive-test,massive-test-15203,intent,social_query,calendar_query,0.19112750887870789
qwen-qlora-v2,massive-test,massive-test-15205,intent,social_query,social_post,0.7014721035957336
qwen-qlora-v2,massive-test,massive-test-15213,intent,news_query,recommendation_events,0.23132045567035675
qwen-qlora-v2,massive-test,massive-test-15225,intent,social_query,calendar_query,0.12342838943004608
qwen-qlora-v2,massive-test,massive-test-15249,intent,social_query,social_post,0.8665294051170349
qwen-qlora-v2,massive-test,massive-test-15274,intent,social_query,social_post,0.8003716468811035
qwen-qlora-v2,massive-test,massive-test-15280,intent,social_query,social_post,0.45230579376220703
qwen-qlora-v2,massive-test,massive-test-15305,intent,calendar_query,social_query,0.689956545829773
qwen-qlora-v2,massive-test,massive-test-15333,intent,social_query,takeaway_query,0.7174575328826904
qwen-qlora-v2,massive-test,massive-test-15350,intent,social_post,music_dislikeness,0.7300159335136414
qwen-qlora-v2,massive-test,massive-test-15364,intent,social_post,music_dislikeness,0.4345095753669739
qwen-qlora-v2,massive-test,massive-test-15382,intent,social_post,iot_cleaning,0.7505646347999573
qwen-qlora-v2,massive-test,massive-test-15399,intent,social_post,social_query,0.07948338985443115
qwen-qlora-v2,massive-test,massive-test-15413,intent,social_post,calendar_remove,0.1377197504043579
qwen-qlora-v2,massive-test,massive-test-15444,intent,social_post,music_likeness,0.6636322736740112
qwen-qlora-v2,massive-test,massive-test-15445,intent,social_query,music_dislikeness,0.08359046280384064
qwen-qlora-v2,massive-test,massive-test-15467,intent,social_post,music_dislikeness,0.9407144784927368
qwen-qlora-v2,massive-test,massive-test-15511,intent,social_query,social_post,0.5647757053375244
qwen-qlora-v2,massive-test,massive-test-15553,intent,social_post,music_dislikeness,0.3964216411113739
qwen-qlora-v2,massive-test,massive-test-15561,intent,general_quirky,calendar_query,0.37269073724746704
qwen-qlora-v2,massive-test,massive-test-15563,intent,general_quirky,calendar_query,0.08044303953647614
qwen-qlora-v2,massive-test,massive-test-15565,intent,social_post,music_dislikeness,0.8437274098396301
qwen-qlora-v2,massive-test,massive-test-15598,intent,social_post,lists_query,0.0659109354019165
qwen-qlora-v2,massive-test,massive-test-15651,intent,social_post,email_sendemail,0.21549944579601288
qwen-qlora-v2,massive-test,massive-test-15652,intent,social_post,calendar_query,0.2012040913105011
qwen-qlora-v2,massive-test,massive-test-15686,intent,social_post,general_greet,0.5883079767227173
qwen-qlora-v2,massive-test,massive-test-15700,intent,social_post,qa_stock,0.46409252285957336
qwen-qlora-v2,massive-test,massive-test-15708,intent,social_post,music_dislikeness,0.5886110067367554
qwen-qlora-v2,massive-test,massive-test-15736,intent,social_post,music_dislikeness,0.6123600602149963
qwen-qlora-v2,massive-test,massive-test-15765,intent,email_sendemail,email_query,0.42069461941719055
qwen-qlora-v2,massive-test,massive-test-15794,intent,email_querycontact,recommendation_locations,0.8327985405921936
qwen-qlora-v2,massive-test,massive-test-15815,intent,email_querycontact,email_addcontact,0.3663339614868164
qwen-qlora-v2,massive-test,massive-test-15825,intent,email_sendemail,general_greet,0.0882597342133522
qwen-qlora-v2,massive-test,massive-test-15828,intent,email_sendemail,email_addcontact,0.9869385957717896
qwen-qlora-v2,massive-test,massive-test-15829,intent,email_sendemail,email_addcontact,0.9717462062835693
qwen-qlora-v2,massive-test,massive-test-15839,intent,email_query,calendar_query,0.07211934030056
qwen-qlora-v2,massive-test,massive-test-15845,intent,email_sendemail,audio_volume_other,0.05470813065767288
qwen-qlora-v2,massive-test,massive-test-15847,intent,email_sendemail,takeaway_query,0.13788217306137085
qwen-qlora-v2,massive-test,massive-test-15906,intent,email_sendemail,general_greet,0.3231702148914337
qwen-qlora-v2,massive-test,massive-test-15948,intent,email_querycontact,email_addcontact,0.5008994340896606
qwen-qlora-v2,massive-test,massive-test-15950,intent,email_sendemail,email_query,0.7381191253662109
qwen-qlora-v2,massive-test,massive-test-15966,intent,email_query,email_sendemail,0.8729587197303772
qwen-qlora-v2,massive-test,massive-test-15982,intent,email_querycontact,email_addcontact,0.4374992549419403
qwen-qlora-v2,massive-test,massive-test-15987,intent,email_addcontact,email_sendemail,0.9607836604118347
qwen-qlora-v2,massive-test,massive-test-15998,intent,email_query,email_querycontact,0.43123263120651245
qwen-qlora-v2,massive-test,massive-test-16050,intent,email_query,social_query,0.2542894184589386
qwen-qlora-v2,massive-test,massive-test-16100,intent,email_query,lists_createoradd,0.6286435127258301
qwen-qlora-v2,massive-test,massive-test-16131,intent,email_sendemail,email_addcontact,0.9748621582984924
qwen-qlora-v2,massive-test,massive-test-16146,intent,news_query,calendar_query,0.5710275769233704
qwen-qlora-v2,massive-test,massive-test-16151,intent,email_query,calendar_query,0.9377909898757935
qwen-qlora-v2,massive-test,massive-test-16158,intent,email_addcontact,email_query,0.8412503600120544
qwen-qlora-v2,massive-test,massive-test-16162,intent,email_sendemail,iot_hue_lighton,0.1470557302236557
qwen-qlora-v2,massive-test,massive-test-16165,intent,email_query,music_dislikeness,0.08606035262346268
qwen-qlora-v2,massive-test,massive-test-16166,intent,email_sendemail,calendar_query,0.769249439239502
qwen-qlora-v2,massive-test,massive-test-16222,intent,email_querycontact,qa_factoid,0.7710249423980713
qwen-qlora-v2,massive-test,massive-test-16228,intent,email_querycontact,calendar_query,0.6014772653579712
qwen-qlora-v2,massive-test,massive-test-16275,intent,email_query,email_sendemail,0.8911544680595398
qwen-qlora-v2,massive-test,massive-test-16282,intent,email_sendemail,calendar_remove,0.8153994083404541
qwen-qlora-v2,massive-test,massive-test-16356,intent,email_query,email_sendemail,0.9049561619758606
qwen-qlora-v2,massive-test,massive-test-16357,intent,email_query,email_sendemail,0.7058737874031067
qwen-qlora-v2,massive-test,massive-test-16406,intent,email_sendemail,email_query,0.3908858299255371
qwen-qlora-v2,massive-test,massive-test-16455,intent,email_addcontact,email_sendemail,0.6090863943099976
qwen-qlora-v2,massive-test,massive-test-16518,intent,email_sendemail,email_addcontact,0.9691661596298218
qwen-qlora-v2,massive-test,massive-test-16519,intent,email_sendemail,email_addcontact,0.9800297617912292
qwen-qlora-v2,massive-test,massive-test-16529,intent,email_querycontact,email_addcontact,0.6410089731216431
qwen-qlora-v2,massive-test,massive-test-16583,intent,email_querycontact,qa_factoid,0.3696373701095581
qwen-qlora-v2,massive-test,massive-test-16591,intent,email_sendemail,email_query,0.8237601518630981
qwen-qlora-v2,massive-test,massive-test-16593,intent,email_sendemail,email_query,0.8935434222221375
qwen-qlora-v2,massive-test,massive-test-16613,intent,email_sendemail,email_query,0.5741219520568848
qwen-qlora-v2,massive-test,massive-test-16630,intent,email_sendemail,email_query,0.8974637389183044
qwen-qlora-v2,massive-test,massive-test-16672,intent,email_query,email_querycontact,0.3626546263694763
qwen-qlora-v2,massive-test,massive-test-16703,intent,email_sendemail,email_query,0.8769211769104004
qwen-qlora-v2,massive-test,massive-test-16711,intent,email_querycontact,qa_factoid,0.27920448780059814
qwen-qlora-v2,massive-test,massive-test-16754,intent,email_sendemail,email_query,0.5227588415145874
qwen-qlora-v2,massive-test,massive-test-16797,intent,email_querycontact,transport_taxi,0.8350074887275696
qwen-qlora-v2,massive-test,massive-test-16846,intent,email_addcontact,email_sendemail,0.8154326677322388
qwen-qlora-v2,massive-test,massive-test-16851,intent,email_query,email_sendemail,0.9447994828224182
qwen-qlora-v2,massive-test,massive-test-16859,intent,email_query,email_sendemail,0.8887895941734314
qwen-qlora-v2,massive-test,massive-test-16874,intent,email_querycontact,email_addcontact,0.3082906901836395
qwen-qlora-v2,massive-test,massive-test-16886,intent,email_sendemail,email_query,0.5960187911987305
qwen-qlora-v2,massive-test,massive-test-16890,intent,email_query,email_sendemail,0.5745602250099182
qwen-qlora-v2,massive-test,massive-test-16907,intent,email_querycontact,email_addcontact,0.7186926007270813
qwen-qlora-v2,massive-test,massive-test-16916,intent,email_sendemail,email_query,0.8863568305969238
qwen-qlora-v2,massive-test,massive-test-16961,intent,email_sendemail,iot_hue_lighton,0.11879751086235046
qwen-qlora-v2,massive-test,massive-test-17015,intent,email_sendemail,iot_hue_lighton,0.1067681536078453
qwen-qlora-v2,massive-test,massive-test-17019,intent,email_sendemail,email_query,0.7051411271095276
qwen-qlora-v2,massive-test,massive-test-17020,intent,email_sendemail,email_query,0.8536083102226257
qwen-qlora-v2,massive-test,massive-test-17023,intent,email_sendemail,weather_query,0.9343834519386292
qwen-qlora-v2,massive-test,massive-test-17051,intent,email_query,email_sendemail,0.7933810949325562
qwen-qlora-v2,massive-test,massive-test-17052,intent,email_query,calendar_query,0.25194457173347473
qwen-qlora-v2,massive-test,massive-test-17090,intent,email_querycontact,email_addcontact,0.7688214778900146
qwen-qlora-v2,massive-test,massive-test-17095,intent,email_querycontact,email_query,0.5539471507072449
qwen-qlora-v2,massive-test,massive-test-17111,intent,email_querycontact,email_addcontact,0.47863906621932983
qwen-qlora-v2,massive-test,massive-test-17123,intent,email_sendemail,email_query,0.6836057305335999
qwen-qlora-v2,massive-test,massive-test-17135,intent,email_query,news_query,0.4032818377017975
qwen-qlora-v2,massive-test,massive-test-17138,intent,email_query,lists_query,0.11888758093118668
qwen-qlora-v2,massive-test,massive-test-17147,intent,email_sendemail,general_greet,0.4322362542152405
qwen-qlora-v2,massive-test,massive-test-17148,intent,email_sendemail,general_greet,0.683505117893219
qwen-qlora-v2,massive-test,massive-test-17151,intent,email_sendemail,email_query,0.16151252388954163
qwen-nf4-v2-calibrated,business-test,biz-product_login-1,route,clarify,human,0.28533788093827683
qwen-nf4-v2-calibrated,business-test,biz-product_login-1,needs_human,no,yes,
qwen-nf4-v2-calibrated,business-test,biz-product_login-3,intent,products,applications,0.285042284180765
qwen-nf4-v2-calibrated,business-test,biz-applications_list-0,route,tool,human,0.4807893952100705
qwen-nf4-v2-calibrated,business-test,biz-applications_list-0,tool,queryMyApplications,none,
qwen-nf4-v2-calibrated,business-test,biz-applications_list-0,needs_human,no,yes,
qwen-nf4-v2-calibrated,business-test,biz-applications_list-2,route,tool,human,0.5658299124452678
qwen-nf4-v2-calibrated,business-test,biz-applications_list-2,tool,queryMyApplications,none,
qwen-nf4-v2-calibrated,business-test,biz-applications_list-2,needs_human,no,yes,
qwen-nf4-v2-calibrated,business-test,biz-applications_list-3,route,tool,human,0.446443856750108
qwen-nf4-v2-calibrated,business-test,biz-applications_list-3,tool,queryMyApplications,none,
qwen-nf4-v2-calibrated,business-test,biz-applications_list-3,needs_human,no,yes,
qwen-nf4-v2-calibrated,business-test,biz-application_missing-0,route,clarify,tool,0.49491467209949397
qwen-nf4-v2-calibrated,business-test,biz-application_missing-0,tool,none,queryApplicationDetail,0.3451029156939051
qwen-nf4-v2-calibrated,business-test,biz-application_missing-1,route,clarify,human,0.5453156533721013
qwen-nf4-v2-calibrated,business-test,biz-application_missing-1,needs_human,no,yes,
qwen-nf4-v2-calibrated,business-test,biz-application_missing-2,route,clarify,tool,0.4519057821609651
qwen-nf4-v2-calibrated,business-test,biz-application_missing-2,tool,none,queryMyApplications,0.32526734045329014
qwen-nf4-v2-calibrated,business-test,biz-application_missing-3,route,clarify,human,0.4502673951087575
qwen-nf4-v2-calibrated,business-test,biz-application_missing-3,needs_human,no,yes,
qwen-nf4-v2-calibrated,business-test,biz-status_reject-0,route,tool,human,0.6527845807332099
qwen-nf4-v2-calibrated,business-test,biz-status_reject-0,tool,explainApplicationStatus,none,
qwen-nf4-v2-calibrated,business-test,biz-status_reject-0,needs_human,no,yes,
qwen-nf4-v2-calibrated,business-test,biz-status_reject-1,route,tool,human,0.4093063196654696
qwen-nf4-v2-calibrated,business-test,biz-status_reject-1,tool,explainApplicationStatus,none,
qwen-nf4-v2-calibrated,business-test,biz-status_reject-1,needs_human,no,yes,
qwen-nf4-v2-calibrated,business-test,biz-status_reject-2,route,tool,human,0.39076240650900673
qwen-nf4-v2-calibrated,business-test,biz-status_reject-2,tool,explainApplicationStatus,none,
qwen-nf4-v2-calibrated,business-test,biz-status_reject-2,needs_human,no,yes,
qwen-nf4-v2-calibrated,business-test,biz-status_approved-0,route,tool,human,0.3510928448942717
qwen-nf4-v2-calibrated,business-test,biz-status_approved-0,tool,explainApplicationStatus,none,
qwen-nf4-v2-calibrated,business-test,biz-status_approved-0,needs_human,no,yes,
qwen-nf4-v2-calibrated,business-test,biz-status_approved-1,route,tool,human,0.5019158724525561
qwen-nf4-v2-calibrated,business-test,biz-status_approved-1,tool,explainApplicationStatus,none,
qwen-nf4-v2-calibrated,business-test,biz-status_approved-1,needs_human,no,yes,
qwen-nf4-v2-calibrated,business-test,biz-status_approved-2,route,tool,llm,0.3390899741382616
qwen-nf4-v2-calibrated,business-test,biz-status_approved-2,tool,explainApplicationStatus,none,
qwen-nf4-v2-calibrated,business-test,biz-status_approved-3,route,tool,human,0.49538651272459083
qwen-nf4-v2-calibrated,business-test,biz-status_approved-3,tool,explainApplicationStatus,none,
qwen-nf4-v2-calibrated,business-test,biz-status_approved-3,needs_human,no,yes,
qwen-nf4-v2-calibrated,business-test,biz-ui_unlisted-0,route,llm,human,0.8404269615149025
qwen-nf4-v2-calibrated,business-test,biz-ui_unlisted-0,intent,ui_issue,application_detail,0.6662420546871084
qwen-nf4-v2-calibrated,business-test,biz-ui_unlisted-0,needs_human,no,yes,
qwen-nf4-v2-calibrated,business-test,biz-ui_unlisted-1,route,llm,human,0.7204728048610186
qwen-nf4-v2-calibrated,business-test,biz-ui_unlisted-1,needs_human,no,yes,
qwen-nf4-v2-calibrated,business-test,biz-ui_unlisted-2,route,llm,human,0.757926810249037
qwen-nf4-v2-calibrated,business-test,biz-ui_unlisted-2,needs_human,no,yes,
qwen-nf4-v2-calibrated,business-test,biz-ui_unlisted-3,route,llm,human,0.866438324079361
qwen-nf4-v2-calibrated,business-test,biz-ui_unlisted-3,intent,ui_issue,application_detail,0.32050020011932284
qwen-nf4-v2-calibrated,business-test,biz-ui_unlisted-3,needs_human,no,yes,
qwen-nf4-v2-calibrated,business-test,biz-ui_pending-0,route,llm,human,0.926807033882326
qwen-nf4-v2-calibrated,business-test,biz-ui_pending-0,intent,ui_issue,application_detail,0.5255311507576115
qwen-nf4-v2-calibrated,business-test,biz-ui_pending-0,needs_human,no,yes,
qwen-nf4-v2-calibrated,business-test,biz-ui_pending-1,route,llm,human,0.8960192700883953
qwen-nf4-v2-calibrated,business-test,biz-ui_pending-1,intent,ui_issue,application_detail,0.34045564544743184
qwen-nf4-v2-calibrated,business-test,biz-ui_pending-1,needs_human,no,yes,
qwen-nf4-v2-calibrated,business-test,biz-ui_pending-2,route,llm,human,0.8619434324238523
qwen-nf4-v2-calibrated,business-test,biz-ui_pending-2,intent,ui_issue,application_detail,0.5297682239227042
qwen-nf4-v2-calibrated,business-test,biz-ui_pending-2,needs_human,no,yes,
qwen-nf4-v2-calibrated,business-test,biz-ui_pending-3,route,llm,human,0.8074391274906034
qwen-nf4-v2-calibrated,business-test,biz-ui_pending-3,intent,ui_issue,application_detail,0.47416594575618254
qwen-nf4-v2-calibrated,business-test,biz-ui_pending-3,needs_human,no,yes,
qwen-nf4-v2-calibrated,business-test,biz-ui_disagree-1,intent,ui_issue,application_detail,0.3969305027586106
qwen-nf4-v2-calibrated,business-test,biz-ui_disagree-2,intent,ui_issue,application_detail,0.31373873566994936
qwen-nf4-v2-calibrated,business-test,biz-ui_disagree-3,intent,ui_issue,application_detail,0.4051104196251992
qwen-nf4-v2-calibrated,business-test,biz-repay_early-0,route,llm,tool,0.3974975178479571
qwen-nf4-v2-calibrated,business-test,biz-repay_early-0,intent,repayment,application_detail,0.32688624442763475
qwen-nf4-v2-calibrated,business-test,biz-repay_early-0,tool,none,queryLoanProducts,0.37722905658462613
qwen-nf4-v2-calibrated,business-test,biz-repay_early-1,intent,repayment,application_detail,0.44884365070924775
qwen-nf4-v2-calibrated,business-test,biz-repay_early-2,route,llm,tool,0.44480020488611394
qwen-nf4-v2-calibrated,business-test,biz-repay_early-2,intent,repayment,application_detail,0.35217184632582366
qwen-nf4-v2-calibrated,business-test,biz-repay_early-2,tool,none,queryLoanProducts,0.568820667718548
qwen-nf4-v2-calibrated,business-test,biz-repay_early-3,route,llm,tool,0.37544484091589236
qwen-nf4-v2-calibrated,business-test,biz-repay_early-3,intent,repayment,application_detail,0.3770388572204611
qwen-nf4-v2-calibrated,business-test,biz-repay_early-3,tool,none,queryLoanProducts,0.5946324148698242
qwen-nf4-v2-calibrated,business-test,biz-security_identity-0,intent,security,application_detail,0.26101648357651536
qwen-nf4-v2-calibrated,business-test,biz-general_unclear-0,route,clarify,human,0.5220880074425843
qwen-nf4-v2-calibrated,business-test,biz-general_unclear-0,intent,general,application_detail,0.24223091768305405
qwen-nf4-v2-calibrated,business-test,biz-general_unclear-0,needs_human,no,yes,
qwen-nf4-v2-calibrated,business-test,biz-general_unclear-1,route,clarify,human,0.682456185122095
qwen-nf4-v2-calibrated,business-test,biz-general_unclear-1,intent,general,application_detail,0.231132417864219
qwen-nf4-v2-calibrated,business-test,biz-general_unclear-1,needs_human,no,yes,
qwen-nf4-v2-calibrated,business-test,biz-general_unclear-2,route,clarify,human,0.6424519121928386
qwen-nf4-v2-calibrated,business-test,biz-general_unclear-2,intent,general,application_detail,0.29135610574638254
qwen-nf4-v2-calibrated,business-test,biz-general_unclear-2,needs_human,no,yes,
qwen-nf4-v2-calibrated,business-test,biz-general_unclear-3,route,clarify,human,0.38416019601732554
qwen-nf4-v2-calibrated,business-test,biz-general_unclear-3,intent,general,applications,0.25543975779932493
qwen-nf4-v2-calibrated,business-test,biz-general_unclear-3,needs_human,no,yes,
qwen-nf4-v2-calibrated,business-test,biz-product_typo-0,route,tool,human,0.3372905340264817
qwen-nf4-v2-calibrated,business-test,biz-product_typo-0,tool,queryLoanProducts,none,
qwen-nf4-v2-calibrated,business-test,biz-product_typo-0,needs_human,no,yes,
qwen-nf4-v2-calibrated,business-test,biz-ui_amount-0,route,llm,human,0.7136833801683947
qwen-nf4-v2-calibrated,business-test,biz-ui_amount-0,intent,ui_issue,application_detail,0.33127922381097813
qwen-nf4-v2-calibrated,business-test,biz-ui_amount-0,needs_human,no,yes,
qwen-nf4-v2-calibrated,business-test,biz-ui_amount-1,route,llm,human,0.6055842645163384
qwen-nf4-v2-calibrated,business-test,biz-ui_amount-1,needs_human,no,yes,
qwen-nf4-v2-calibrated,business-test,biz-ui_amount-2,route,llm,human,0.7305595851826129
qwen-nf4-v2-calibrated,business-test,biz-ui_amount-2,intent,ui_issue,application_detail,0.7196599645888062
qwen-nf4-v2-calibrated,business-test,biz-ui_amount-2,needs_human,no,yes,
qwen-nf4-v2-calibrated,business-test,biz-ui_amount-3,route,llm,human,0.8534301987214862
qwen-nf4-v2-calibrated,business-test,biz-ui_amount-3,intent,ui_issue,application_detail,0.33059113542348983
qwen-nf4-v2-calibrated,business-test,biz-ui_amount-3,needs_human,no,yes,
qwen-nf4-v2-calibrated,business-test,biz-ui_empty-0,route,llm,human,0.6162462351619505
qwen-nf4-v2-calibrated,business-test,biz-ui_empty-0,intent,ui_issue,application_detail,0.3186363105643913
qwen-nf4-v2-calibrated,business-test,biz-ui_empty-0,needs_human,no,yes,
qwen-nf4-v2-calibrated,business-test,biz-ui_empty-1,route,llm,human,0.7367996302165077
qwen-nf4-v2-calibrated,business-test,biz-ui_empty-1,intent,ui_issue,application_detail,0.4961557374119435
qwen-nf4-v2-calibrated,business-test,biz-ui_empty-1,needs_human,no,yes,
qwen-nf4-v2-calibrated,business-test,biz-ui_empty-2,route,llm,human,0.6441184837364138
qwen-nf4-v2-calibrated,business-test,biz-ui_empty-2,needs_human,no,yes,
qwen-nf4-v2-calibrated,business-test,biz-ui_empty-3,route,llm,human,0.8480760839783301
qwen-nf4-v2-calibrated,business-test,biz-ui_empty-3,intent,ui_issue,application_detail,0.3762548022698302
qwen-nf4-v2-calibrated,business-test,biz-ui_empty-3,needs_human,no,yes,
qwen-nf4-v2-calibrated,business-test,biz-repay_change-0,intent,repayment,application_detail,0.22029735779726614
qwen-nf4-v2-calibrated,business-test,biz-repay_change-1,intent,repayment,application_detail,0.3629290274496766
qwen-nf4-v2-calibrated,business-test,biz-repay_change-2,intent,repayment,application_detail,0.2601226044962511
qwen-nf4-v2-calibrated,business-test,biz-repay_change-3,intent,repayment,application_detail,0.2032540753926472
qwen-nf4-v2-calibrated,business-test,biz-application_other-0,route,human,tool,0.6020867519904367
qwen-nf4-v2-calibrated,business-test,biz-application_other-0,tool,none,queryApplicationDetail,0.40790006179754146
qwen-nf4-v2-calibrated,business-test,biz-application_other-0,needs_human,yes,no,
qwen-nf4-v2-calibrated,business-test,biz-application_other-3,route,human,tool,0.4862839159399318
qwen-nf4-v2-calibrated,business-test,biz-application_other-3,tool,none,queryLoanProducts,0.4327511490037264
qwen-nf4-v2-calibrated,business-test,biz-application_other-3,needs_human,yes,no,
qwen-nf4-v2-calibrated,massive-test,massive-test-0,intent,alarm_set,alarm_query,0.30245608413760283
qwen-nf4-v2-calibrated,massive-test,massive-test-3,intent,audio_volume_mute,iot_wemo_on,0.30889258076520354
qwen-nf4-v2-calibrated,massive-test,massive-test-8,intent,iot_hue_lightchange,recommendation_locations,0.3247293366044086
qwen-nf4-v2-calibrated,massive-test,massive-test-14,intent,iot_hue_lighton,iot_hue_lightdim,0.2997208163538826
qwen-nf4-v2-calibrated,massive-test,massive-test-27,intent,iot_cleaning,music_dislikeness,0.5677128744256538
qwen-nf4-v2-calibrated,massive-test,massive-test-31,intent,iot_cleaning,music_dislikeness,0.08740201232132112
qwen-nf4-v2-calibrated,massive-test,massive-test-41,intent,general_quirky,iot_hue_lightchange,0.34355341794731453
qwen-nf4-v2-calibrated,massive-test,massive-test-47,intent,datetime_query,datetime_convert,0.13906244273914803
qwen-nf4-v2-calibrated,massive-test,massive-test-61,intent,alarm_query,iot_hue_lighton,0.2643149672242818
qwen-nf4-v2-calibrated,massive-test,massive-test-89,intent,takeaway_order,music_settings,0.18792867790677859
qwen-nf4-v2-calibrated,massive-test,massive-test-151,intent,play_music,music_dislikeness,0.30381787848699887
qwen-nf4-v2-calibrated,massive-test,massive-test-169,intent,takeaway_query,takeaway_order,0.4350197583081548
qwen-nf4-v2-calibrated,massive-test,massive-test-170,intent,takeaway_query,takeaway_order,0.33330957496380104
qwen-nf4-v2-calibrated,massive-test,massive-test-171,intent,takeaway_query,takeaway_order,0.5226261867953522
qwen-nf4-v2-calibrated,massive-test,massive-test-197,intent,datetime_query,iot_hue_lighton,0.14292044911183574
qwen-nf4-v2-calibrated,massive-test,massive-test-250,intent,play_music,music_likeness,0.6919229028259988
qwen-nf4-v2-calibrated,massive-test,massive-test-258,intent,audio_volume_up,music_dislikeness,0.42415675917815965
qwen-nf4-v2-calibrated,massive-test,massive-test-261,intent,audio_volume_up,iot_wemo_on,0.681385394851306
qwen-nf4-v2-calibrated,massive-test,massive-test-281,intent,news_query,qa_currency,0.8427178623552087
qwen-nf4-v2-calibrated,massive-test,massive-test-315,intent,audio_volume_mute,iot_wemo_on,0.6266504103333929
qwen-nf4-v2-calibrated,massive-test,massive-test-317,intent,audio_volume_mute,general_greet,0.3511427968339144
qwen-nf4-v2-calibrated,massive-test,massive-test-329,intent,play_music,music_dislikeness,0.1614587037349056
qwen-nf4-v2-calibrated,massive-test,massive-test-366,intent,news_query,calendar_query,0.28607281591651196
qwen-nf4-v2-calibrated,massive-test,massive-test-379,intent,music_likeness,play_music,0.5014503740995371
qwen-nf4-v2-calibrated,massive-test,massive-test-385,intent,news_query,calendar_query,0.10223412016841334
qwen-nf4-v2-calibrated,massive-test,massive-test-399,intent,alarm_remove,lists_remove,0.4194864679852715
qwen-nf4-v2-calibrated,massive-test,massive-test-400,intent,play_music,play_audiobook,0.20080141610859262
qwen-nf4-v2-calibrated,massive-test,massive-test-437,intent,play_music,iot_hue_lighton,0.13348810916062906
qwen-nf4-v2-calibrated,massive-test,massive-test-451,intent,news_query,qa_stock,0.9247532327691412
qwen-nf4-v2-calibrated,massive-test,massive-test-473,intent,play_music,music_dislikeness,0.17286195608006283
qwen-nf4-v2-calibrated,massive-test,massive-test-475,intent,general_quirky,lists_query,0.09150768442159526
qwen-nf4-v2-calibrated,massive-test,massive-test-486,intent,datetime_query,datetime_convert,0.08387529370037583
qwen-nf4-v2-calibrated,massive-test,massive-test-506,intent,play_music,music_likeness,0.3995416678988962
qwen-nf4-v2-calibrated,massive-test,massive-test-512,intent,weather_query,lists_query,0.09777792924703908
qwen-nf4-v2-calibrated,massive-test,massive-test-525,intent,takeaway_query,takeaway_order,0.3835085933830657
qwen-nf4-v2-calibrated,massive-test,massive-test-555,intent,play_music,music_likeness,0.2738266220362237
qwen-nf4-v2-calibrated,massive-test,massive-test-585,intent,news_query,calendar_query,0.10354171411188055
qwen-nf4-v2-calibrated,massive-test,massive-test-608,intent,audio_volume_up,lists_createoradd,0.3083786473003724
qwen-nf4-v2-calibrated,massive-test,massive-test-631,intent,news_query,alarm_set,0.21786294156523198
qwen-nf4-v2-calibrated,massive-test,massive-test-680,intent,news_query,qa_stock,0.9141722345442373
qwen-nf4-v2-calibrated,massive-test,massive-test-686,intent,datetime_query,datetime_convert,0.10136618448318634
qwen-nf4-v2-calibrated,massive-test,massive-test-751,intent,audio_volume_mute,music_dislikeness,0.19844152394766962
qwen-nf4-v2-calibrated,massive-test,massive-test-767,intent,news_query,lists_query,0.11808350288466392
qwen-nf4-v2-calibrated,massive-test,massive-test-779,intent,play_music,music_likeness,0.6051272781362367
qwen-nf4-v2-calibrated,massive-test,massive-test-783,intent,play_music,music_likeness,0.3925859911306188
qwen-nf4-v2-calibrated,massive-test,massive-test-796,intent,alarm_query,alarm_set,0.537256761762648
qwen-nf4-v2-calibrated,massive-test,massive-test-804,intent,audio_volume_mute,lists_createoradd,0.2835354344297291
qwen-nf4-v2-calibrated,massive-test,massive-test-837,intent,news_query,play_radio,0.5608556835019249
qwen-nf4-v2-calibrated,massive-test,massive-test-861,intent,alarm_query,alarm_set,0.616874651622193
qwen-nf4-v2-calibrated,massive-test,massive-test-862,intent,alarm_query,alarm_set,0.5565950512906498
qwen-nf4-v2-calibrated,massive-test,massive-test-870,intent,music_likeness,music_dislikeness,0.23309262076701193
qwen-nf4-v2-calibrated,massive-test,massive-test-940,intent,alarm_set,alarm_query,0.5909723520570155
qwen-nf4-v2-calibrated,massive-test,massive-test-967,intent,takeaway_query,takeaway_order,0.5602252996511701
qwen-nf4-v2-calibrated,massive-test,massive-test-974,intent,datetime_query,datetime_convert,0.07755420849735532
qwen-nf4-v2-calibrated,massive-test,massive-test-1014,intent,datetime_query,play_audiobook,0.09831996540617662
qwen-nf4-v2-calibrated,massive-test,massive-test-1042,intent,takeaway_order,alarm_query,0.16124236210493476
qwen-nf4-v2-calibrated,massive-test,massive-test-1047,intent,play_music,music_likeness,0.5300479704346017
qwen-nf4-v2-calibrated,massive-test,massive-test-1048,intent,audio_volume_down,iot_wemo_on,0.737881314982242
qwen-nf4-v2-calibrated,massive-test,massive-test-1065,intent,audio_volume_other,audio_volume_down,0.341216597177414
qwen-nf4-v2-calibrated,massive-test,massive-test-1071,intent,iot_hue_lightup,iot_hue_lighton,0.8874960501140775
qwen-nf4-v2-calibrated,massive-test,massive-test-1084,intent,news_query,lists_query,0.1147915002265289
qwen-nf4-v2-calibrated,massive-test,massive-test-1108,intent,play_music,music_likeness,0.44861558128544543
qwen-nf4-v2-calibrated,massive-test,massive-test-1115,intent,play_music,music_likeness,0.27505631190021873
qwen-nf4-v2-calibrated,massive-test,massive-test-1120,intent,news_query,calendar_query,0.15124052285116074
qwen-nf4-v2-calibrated,massive-test,massive-test-1124,intent,play_music,music_likeness,0.31451802685046376
qwen-nf4-v2-calibrated,massive-test,massive-test-1144,intent,play_music,music_likeness,0.379493578608187
qwen-nf4-v2-calibrated,massive-test,massive-test-1148,intent,datetime_query,datetime_convert,0.11855250121152584
qwen-nf4-v2-calibrated,massive-test,massive-test-1156,intent,news_query,calendar_query,0.24132851277933784
qwen-nf4-v2-calibrated,massive-test,massive-test-1202,intent,datetime_query,datetime_convert,0.12710515128053845
qwen-nf4-v2-calibrated,massive-test,massive-test-1238,intent,play_music,music_dislikeness,0.15043265512759604
qwen-nf4-v2-calibrated,massive-test,massive-test-1249,intent,weather_query,calendar_query,0.09113666337788744
qwen-nf4-v2-calibrated,massive-test,massive-test-1294,intent,news_query,lists_query,0.12707550556871952
qwen-nf4-v2-calibrated,massive-test,massive-test-1300,intent,audio_volume_up,iot_wemo_off,0.18414490106355358
qwen-nf4-v2-calibrated,massive-test,massive-test-1352,intent,audio_volume_down,iot_wemo_on,0.6206404020556524
qwen-nf4-v2-calibrated,massive-test,massive-test-1400,intent,weather_query,music_dislikeness,0.11100527568849598
qwen-nf4-v2-calibrated,massive-test,massive-test-1401,intent,weather_query,lists_query,0.08308117457320305
qwen-nf4-v2-calibrated,massive-test,massive-test-1423,intent,news_query,general_quirky,0.14220321430301341
qwen-nf4-v2-calibrated,massive-test,massive-test-1440,intent,play_music,music_likeness,0.3312909392141456
qwen-nf4-v2-calibrated,massive-test,massive-test-1452,intent,alarm_remove,iot_hue_lightup,0.5006049907471377
qwen-nf4-v2-calibrated,massive-test,massive-test-1483,intent,alarm_query,iot_hue_lighton,0.20993870836300324
qwen-nf4-v2-calibrated,massive-test,massive-test-1509,intent,audio_volume_mute,audio_volume_down,0.22884754526269932
qwen-nf4-v2-calibrated,massive-test,massive-test-1510,intent,audio_volume_mute,audio_volume_down,0.2900652218140934
qwen-nf4-v2-calibrated,massive-test,massive-test-1607,intent,datetime_query,weather_query,0.12955218343500513
qwen-nf4-v2-calibrated,massive-test,massive-test-1617,intent,news_query,lists_query,0.18347499661477978
qwen-nf4-v2-calibrated,massive-test,massive-test-1639,intent,audio_volume_down,iot_wemo_on,0.7497563798025655
qwen-nf4-v2-calibrated,massive-test,massive-test-1675,intent,alarm_remove,iot_hue_lightup,0.5501191509751705
qwen-nf4-v2-calibrated,massive-test,massive-test-1677,intent,music_query,play_music,0.26369945675905254
qwen-nf4-v2-calibrated,massive-test,massive-test-1692,intent,play_music,music_likeness,0.47670846088456714
qwen-nf4-v2-calibrated,massive-test,massive-test-1710,intent,music_settings,play_music,0.4685369603558496
qwen-nf4-v2-calibrated,massive-test,massive-test-1715,intent,audio_volume_down,iot_wemo_on,0.5445463248215168
qwen-nf4-v2-calibrated,massive-test,massive-test-1744,intent,music_likeness,general_greet,0.21941933674768724
qwen-nf4-v2-calibrated,massive-test,massive-test-1759,intent,news_query,lists_query,0.09008880014941606
qwen-nf4-v2-calibrated,massive-test,massive-test-1794,intent,news_query,calendar_query,0.3513689266665832
qwen-nf4-v2-calibrated,massive-test,massive-test-1803,intent,news_query,lists_query,0.18523042684112823
qwen-nf4-v2-calibrated,massive-test,massive-test-1804,intent,iot_hue_lightup,iot_hue_lightchange,0.28850066059769286
qwen-nf4-v2-calibrated,massive-test,massive-test-1808,intent,music_query,calendar_query,0.13659925396884293
qwen-nf4-v2-calibrated,massive-test,massive-test-1830,intent,takeaway_order,music_settings,0.23305444103001724
qwen-nf4-v2-calibrated,massive-test,massive-test-1874,intent,music_likeness,play_music,0.47478183960991294
qwen-nf4-v2-calibrated,massive-test,massive-test-1904,intent,news_query,lists_query,0.24464690841375794
qwen-nf4-v2-calibrated,massive-test,massive-test-1913,intent,alarm_set,iot_hue_lighton,0.15557161789658194
qwen-nf4-v2-calibrated,massive-test,massive-test-1993,intent,iot_hue_lightup,iot_hue_lighton,0.9191105229381648
qwen-nf4-v2-calibrated,massive-test,massive-test-1994,intent,play_music,lists_query,0.11366201967187647
qwen-nf4-v2-calibrated,massive-test,massive-test-2030,intent,music_query,play_music,0.37874536397071734
qwen-nf4-v2-calibrated,massive-test,massive-test-2035,intent,takeaway_query,cooking_recipe,0.4250125586546095
qwen-nf4-v2-calibrated,massive-test,massive-test-2062,intent,play_music,music_likeness,0.5571240570213163
qwen-nf4-v2-calibrated,massive-test,massive-test-2075,intent,iot_hue_lightup,iot_hue_lightchange,0.323874341303963
qwen-nf4-v2-calibrated,massive-test,massive-test-2085,intent,play_music,music_settings,0.624581118089863
qwen-nf4-v2-calibrated,massive-test,massive-test-2113,intent,recommendation_events,lists_query,0.1525085903600595
qwen-nf4-v2-calibrated,massive-test,massive-test-2134,intent,alarm_set,iot_hue_lighton,0.21274585775491686
qwen-nf4-v2-calibrated,massive-test,massive-test-2160,intent,iot_hue_lightoff,general_greet,0.109012157906076
qwen-nf4-v2-calibrated,massive-test,massive-test-2164,intent,takeaway_query,iot_hue_lighton,0.10133698637129333
qwen-nf4-v2-calibrated,massive-test,massive-test-2165,intent,takeaway_query,cooking_query,0.5120835960294282
qwen-nf4-v2-calibrated,massive-test,massive-test-2167,intent,alarm_set,alarm_query,0.18736808036227132
qwen-nf4-v2-calibrated,massive-test,massive-test-2174,intent,music_query,music_likeness,0.1292482112160658
qwen-nf4-v2-calibrated,massive-test,massive-test-2205,intent,audio_volume_mute,iot_wemo_on,0.4833051903000694
qwen-nf4-v2-calibrated,massive-test,massive-test-2206,intent,audio_volume_mute,iot_wemo_on,0.25426771139438387
qwen-nf4-v2-calibrated,massive-test,massive-test-2207,intent,audio_volume_mute,iot_wemo_on,0.7545443340772944
qwen-nf4-v2-calibrated,massive-test,massive-test-2208,intent,general_quirky,iot_hue_lighton,0.11879283848682719
qwen-nf4-v2-calibrated,massive-test,massive-test-2234,intent,iot_hue_lightup,iot_hue_lighton,0.671138242706766
qwen-nf4-v2-calibrated,massive-test,massive-test-2258,intent,weather_query,calendar_query,0.11033966930151448
qwen-nf4-v2-calibrated,massive-test,massive-test-2264,intent,iot_hue_lightup,iot_hue_lightchange,0.7682155517306407
qwen-nf4-v2-calibrated,massive-test,massive-test-2296,intent,news_query,lists_query,0.1642117287665977
qwen-nf4-v2-calibrated,massive-test,massive-test-2309,intent,datetime_convert,datetime_query,0.31867453607899027
qwen-nf4-v2-calibrated,massive-test,massive-test-2311,intent,iot_hue_lightdim,iot_hue_lighton,0.23900445565269937
qwen-nf4-v2-calibrated,massive-test,massive-test-2330,intent,datetime_query,datetime_convert,0.5928262649960425
qwen-nf4-v2-calibrated,massive-test,massive-test-2365,intent,music_query,play_radio,0.5485570949733571
qwen-nf4-v2-calibrated,massive-test,massive-test-2384,intent,news_query,music_dislikeness,0.11990283288184445
qwen-nf4-v2-calibrated,massive-test,massive-test-2386,intent,news_query,calendar_query,0.20463733390656225
qwen-nf4-v2-calibrated,massive-test,massive-test-2400,intent,music_likeness,music_dislikeness,0.845201072565387
qwen-nf4-v2-calibrated,massive-test,massive-test-2403,intent,iot_hue_lightup,recommendation_locations,0.3367481822535308
qwen-nf4-v2-calibrated,massive-test,massive-test-2408,intent,play_music,music_query,0.39583119059295097
qwen-nf4-v2-calibrated,massive-test,massive-test-2412,intent,datetime_query,datetime_convert,0.42836472502608575
qwen-nf4-v2-calibrated,massive-test,massive-test-2414,intent,takeaway_order,news_query,0.236173443251903
qwen-nf4-v2-calibrated,massive-test,massive-test-2447,intent,takeaway_order,cooking_recipe,0.30582290745784224
qwen-nf4-v2-calibrated,massive-test,massive-test-2451,intent,datetime_convert,iot_hue_lighton,0.1322304456618339
qwen-nf4-v2-calibrated,massive-test,massive-test-2605,intent,play_music,music_likeness,0.40472845034678306
qwen-nf4-v2-calibrated,massive-test,massive-test-2610,intent,takeaway_query,takeaway_order,0.3413250425216695
qwen-nf4-v2-calibrated,massive-test,massive-test-2615,intent,weather_query,calendar_query,0.36380559705406285
qwen-nf4-v2-calibrated,massive-test,massive-test-2647,intent,music_settings,music_likeness,0.4027652352007338
qwen-nf4-v2-calibrated,massive-test,massive-test-2673,intent,alarm_query,alarm_set,0.7013608694046589
qwen-nf4-v2-calibrated,massive-test,massive-test-2704,intent,play_music,music_likeness,0.6073692669188937
qwen-nf4-v2-calibrated,massive-test,massive-test-2708,intent,play_music,music_likeness,0.33022022464680045
qwen-nf4-v2-calibrated,massive-test,massive-test-2709,intent,play_music,music_likeness,0.46893305231193955
qwen-nf4-v2-calibrated,massive-test,massive-test-2717,intent,play_music,music_likeness,0.3349078091658725
qwen-nf4-v2-calibrated,massive-test,massive-test-2780,intent,music_likeness,music_query,0.5387941607770137
qwen-nf4-v2-calibrated,massive-test,massive-test-2796,intent,audio_volume_mute,iot_wemo_on,0.4604296910296437
qwen-nf4-v2-calibrated,massive-test,massive-test-2798,intent,play_music,music_dislikeness,0.538272434497293
qwen-nf4-v2-calibrated,massive-test,massive-test-2801,intent,datetime_query,datetime_convert,0.1504575095439439
qwen-nf4-v2-calibrated,massive-test,massive-test-2816,intent,iot_hue_lightchange,iot_hue_lightdim,0.7119764464550814
qwen-nf4-v2-calibrated,massive-test,massive-test-2850,intent,takeaway_query,iot_hue_lightup,0.119374934203843
qwen-nf4-v2-calibrated,massive-test,massive-test-2859,intent,datetime_query,alarm_query,0.07546450279029764
qwen-nf4-v2-calibrated,massive-test,massive-test-2887,intent,news_query,weather_query,0.6009452969875093
qwen-nf4-v2-calibrated,massive-test,massive-test-2898,intent,news_query,calendar_query,0.24953542243884885
qwen-nf4-v2-calibrated,massive-test,massive-test-2927,intent,datetime_query,iot_hue_lighton,0.11606101796101151
qwen-nf4-v2-calibrated,massive-test,massive-test-2983,intent,alarm_remove,iot_hue_lightup,0.4054349347119148
qwen-nf4-v2-calibrated,massive-test,massive-test-3008,intent,iot_hue_lightup,iot_hue_lighton,0.9097120451586875
qwen-nf4-v2-calibrated,massive-test,massive-test-3011,intent,iot_hue_lightup,iot_hue_lighton,0.26151532117894327
qwen-nf4-v2-calibrated,massive-test,massive-test-3021,intent,takeaway_query,news_query,0.13179844917453024
qwen-nf4-v2-calibrated,massive-test,massive-test-3060,intent,news_query,lists_query,0.12251305968810222
qwen-nf4-v2-calibrated,massive-test,massive-test-3080,intent,takeaway_order,music_dislikeness,0.12500382958524286
qwen-nf4-v2-calibrated,massive-test,massive-test-3091,intent,datetime_query,datetime_convert,0.5348792153539187
qwen-nf4-v2-calibrated,massive-test,massive-test-3101,intent,news_query,play_radio,0.6031053239593215
qwen-nf4-v2-calibrated,massive-test,massive-test-3118,intent,datetime_query,datetime_convert,0.6913510602824231
qwen-nf4-v2-calibrated,massive-test,massive-test-3127,intent,general_quirky,weather_query,0.2293249942516281
qwen-nf4-v2-calibrated,massive-test,massive-test-3128,intent,general_quirky,weather_query,0.16273682059400457
qwen-nf4-v2-calibrated,massive-test,massive-test-3175,intent,audio_volume_mute,audio_volume_down,0.27925745637656496
qwen-nf4-v2-calibrated,massive-test,massive-test-3184,intent,iot_wemo_on,lists_query,0.09639393020867106
qwen-nf4-v2-calibrated,massive-test,massive-test-3193,intent,music_likeness,music_dislikeness,0.24328122696247717
qwen-nf4-v2-calibrated,massive-test,massive-test-3204,intent,music_likeness,music_dislikeness,0.870108028063206
qwen-nf4-v2-calibrated,massive-test,massive-test-3207,intent,play_music,music_dislikeness,0.5555554856256212
qwen-nf4-v2-calibrated,massive-test,massive-test-3212,intent,calendar_set,lists_query,0.16530181904348643
qwen-nf4-v2-calibrated,massive-test,massive-test-3214,intent,news_query,lists_query,0.2246363677365296
qwen-nf4-v2-calibrated,massive-test,massive-test-3276,intent,takeaway_query,takeaway_order,0.26508340593257407
qwen-nf4-v2-calibrated,massive-test,massive-test-3305,intent,weather_query,calendar_query,0.23735691317011193
qwen-nf4-v2-calibrated,massive-test,massive-test-3337,intent,weather_query,lists_query,0.06868193129675154
qwen-nf4-v2-calibrated,massive-test,massive-test-3349,intent,audio_volume_up,calendar_query,0.15346671320205874
qwen-nf4-v2-calibrated,massive-test,massive-test-3364,intent,general_joke,iot_hue_lighton,0.11950077694366949
qwen-nf4-v2-calibrated,massive-test,massive-test-3386,intent,iot_hue_lightoff,iot_hue_lightdim,0.1007210538468241
qwen-nf4-v2-calibrated,massive-test,massive-test-3413,intent,takeaway_query,takeaway_order,0.6105560709995255
qwen-nf4-v2-calibrated,massive-test,massive-test-3433,intent,play_music,music_likeness,0.3607644267930104
qwen-nf4-v2-calibrated,massive-test,massive-test-3434,intent,play_music,music_likeness,0.4059959115797608
qwen-nf4-v2-calibrated,massive-test,massive-test-3435,intent,alarm_remove,lists_remove,0.45662652811685966
qwen-nf4-v2-calibrated,massive-test,massive-test-3444,intent,datetime_query,alarm_query,0.23496276887472256
qwen-nf4-v2-calibrated,massive-test,massive-test-3474,intent,audio_volume_down,iot_wemo_on,0.563480238264305
qwen-nf4-v2-calibrated,massive-test,massive-test-3486,intent,audio_volume_down,music_dislikeness,0.457127324756057
qwen-nf4-v2-calibrated,massive-test,massive-test-3546,intent,play_music,music_likeness,0.7830843425298956
qwen-nf4-v2-calibrated,massive-test,massive-test-3562,intent,play_music,lists_query,0.12954448968268478
qwen-nf4-v2-calibrated,massive-test,massive-test-3566,intent,datetime_query,datetime_convert,0.10136618448318634
qwen-nf4-v2-calibrated,massive-test,massive-test-3581,intent,audio_volume_mute,audio_volume_down,0.33882927729842766
qwen-nf4-v2-calibrated,massive-test,massive-test-3582,intent,audio_volume_mute,iot_wemo_on,0.3479094311030478
qwen-nf4-v2-calibrated,massive-test,massive-test-3590,intent,audio_volume_up,music_dislikeness,0.2616355410541045
qwen-nf4-v2-calibrated,massive-test,massive-test-3598,intent,general_quirky,general_greet,0.33929443428672895
qwen-nf4-v2-calibrated,massive-test,massive-test-3600,intent,calendar_set,alarm_set,0.32571058995563573
qwen-nf4-v2-calibrated,massive-test,massive-test-3606,intent,datetime_query,datetime_convert,0.6667636081567102
qwen-nf4-v2-calibrated,massive-test,massive-test-3623,intent,news_query,music_dislikeness,0.1405479153610429
qwen-nf4-v2-calibrated,massive-test,massive-test-3654,intent,music_query,music_likeness,0.5954628118299543
qwen-nf4-v2-calibrated,massive-test,massive-test-3671,intent,takeaway_query,takeaway_order,0.6283633341373687
qwen-nf4-v2-calibrated,massive-test,massive-test-3683,intent,music_likeness,music_query,0.3407956502065365
qwen-nf4-v2-calibrated,massive-test,massive-test-3700,intent,iot_hue_lightchange,iot_hue_lightdim,0.2024075838007633
qwen-nf4-v2-calibrated,massive-test,massive-test-3723,intent,play_music,music_likeness,0.41098833333196655
qwen-nf4-v2-calibrated,massive-test,massive-test-3750,intent,news_query,music_dislikeness,0.14088244884742449
qwen-nf4-v2-calibrated,massive-test,massive-test-3761,intent,alarm_set,alarm_query,0.19339919791058774
qwen-nf4-v2-calibrated,massive-test,massive-test-3762,intent,iot_hue_lightup,iot_hue_lighton,0.23636204612064174
qwen-nf4-v2-calibrated,massive-test,massive-test-3809,intent,audio_volume_down,iot_wemo_on,0.737881314982242
qwen-nf4-v2-calibrated,massive-test,massive-test-3812,intent,audio_volume_mute,audio_volume_down,0.28494109106135607
qwen-nf4-v2-calibrated,massive-test,massive-test-3819,intent,music_likeness,music_dislikeness,0.72624588095861
qwen-nf4-v2-calibrated,massive-test,massive-test-3822,intent,news_query,lists_query,0.09862341334822142
qwen-nf4-v2-calibrated,massive-test,massive-test-3837,intent,audio_volume_mute,iot_wemo_on,0.27208891107202937
qwen-nf4-v2-calibrated,massive-test,massive-test-3838,intent,audio_volume_mute,audio_volume_down,0.33882927729842766
qwen-nf4-v2-calibrated,massive-test,massive-test-3883,intent,iot_hue_lightup,iot_hue_lighton,0.3532119516235312
qwen-nf4-v2-calibrated,massive-test,massive-test-3894,intent,play_audiobook,calendar_query,0.11519247568152213
qwen-nf4-v2-calibrated,massive-test,massive-test-3911,intent,play_music,music_query,0.6426614600841749
qwen-nf4-v2-calibrated,massive-test,massive-test-3912,intent,play_music,music_likeness,0.6389488728192892
qwen-nf4-v2-calibrated,massive-test,massive-test-3960,intent,datetime_query,iot_hue_lighton,0.11414511051227667
qwen-nf4-v2-calibrated,massive-test,massive-test-3967,intent,play_music,music_likeness,0.3254284288405258
qwen-nf4-v2-calibrated,massive-test,massive-test-3982,intent,play_music,music_query,0.38204965677239944
qwen-nf4-v2-calibrated,massive-test,massive-test-3995,intent,datetime_query,calendar_query,0.31183692171394106
qwen-nf4-v2-calibrated,massive-test,massive-test-4001,intent,news_query,lists_query,0.12045382556382676
qwen-nf4-v2-calibrated,massive-test,massive-test-4024,intent,iot_wemo_off,iot_hue_lighton,0.07320786667352724
qwen-nf4-v2-calibrated,massive-test,massive-test-4026,intent,iot_wemo_off,lists_query,0.06632345694409789
qwen-nf4-v2-calibrated,massive-test,massive-test-4048,intent,takeaway_query,takeaway_order,0.5800617410344817
qwen-nf4-v2-calibrated,massive-test,massive-test-4058,intent,play_music,music_likeness,0.4101424052206864
qwen-nf4-v2-calibrated,massive-test,massive-test-4073,intent,datetime_query,calendar_query,0.1275558145474953
qwen-nf4-v2-calibrated,massive-test,massive-test-4119,intent,news_query,lists_query,0.12624402009748303
qwen-nf4-v2-calibrated,massive-test,massive-test-4125,intent,takeaway_query,cooking_recipe,0.3692819882270014
qwen-nf4-v2-calibrated,massive-test,massive-test-4136,intent,play_music,music_likeness,0.3255867297963549
qwen-nf4-v2-calibrated,massive-test,massive-test-4137,intent,takeaway_query,takeaway_order,0.391067276165261
qwen-nf4-v2-calibrated,massive-test,massive-test-4145,intent,alarm_query,alarm_set,0.3820286251739583
qwen-nf4-v2-calibrated,massive-test,massive-test-4152,intent,play_music,music_dislikeness,0.47558041705876614
qwen-nf4-v2-calibrated,massive-test,massive-test-4154,intent,iot_wemo_off,alarm_set,0.10470664152920951
qwen-nf4-v2-calibrated,massive-test,massive-test-4155,intent,audio_volume_other,iot_wemo_on,0.5198367646350589
qwen-nf4-v2-calibrated,massive-test,massive-test-4166,intent,audio_volume_other,audio_volume_up,0.4258325755974129
qwen-nf4-v2-calibrated,massive-test,massive-test-4178,intent,news_query,calendar_query,0.380209470053442
qwen-nf4-v2-calibrated,massive-test,massive-test-4186,intent,datetime_query,alarm_query,0.15926077699802915
qwen-nf4-v2-calibrated,massive-test,massive-test-4189,intent,music_query,music_dislikeness,0.6684472202566932
qwen-nf4-v2-calibrated,massive-test,massive-test-4201,intent,iot_wemo_on,iot_cleaning,0.601058561781823
qwen-nf4-v2-calibrated,massive-test,massive-test-4205,intent,play_music,music_likeness,0.5818746511689833
qwen-nf4-v2-calibrated,massive-test,massive-test-4212,intent,weather_query,iot_cleaning,0.08270535378049491
qwen-nf4-v2-calibrated,massive-test,massive-test-4224,intent,takeaway_query,takeaway_order,0.41888068639814113
qwen-nf4-v2-calibrated,massive-test,massive-test-4236,intent,datetime_query,general_greet,0.4478356921354482
qwen-nf4-v2-calibrated,massive-test,massive-test-4241,intent,audio_volume_mute,music_dislikeness,0.11336116529723149
qwen-nf4-v2-calibrated,massive-test,massive-test-4253,intent,datetime_query,datetime_convert,0.5323622500071289
qwen-nf4-v2-calibrated,massive-test,massive-test-4254,intent,datetime_query,datetime_convert,0.32525073937498744
qwen-nf4-v2-calibrated,massive-test,massive-test-4258,intent,news_query,calendar_query,0.19468107086947084
qwen-nf4-v2-calibrated,massive-test,massive-test-4268,intent,music_settings,play_music,0.20966499599998933
qwen-nf4-v2-calibrated,massive-test,massive-test-4273,intent,play_music,music_dislikeness,0.3157024542921316
qwen-nf4-v2-calibrated,massive-test,massive-test-4290,intent,weather_query,calendar_query,0.21360529735697328
qwen-nf4-v2-calibrated,massive-test,massive-test-4309,intent,datetime_query,datetime_convert,0.08909154272249083
qwen-nf4-v2-calibrated,massive-test,massive-test-4336,intent,datetime_query,iot_hue_lighton,0.07476200342109347
qwen-nf4-v2-calibrated,massive-test,massive-test-4361,intent,play_music,music_likeness,0.45652529713597795
qwen-nf4-v2-calibrated,massive-test,massive-test-4362,intent,datetime_query,datetime_convert,0.07755420849735532
qwen-nf4-v2-calibrated,massive-test,massive-test-4436,intent,weather_query,lists_query,0.07316557291955987
qwen-nf4-v2-calibrated,massive-test,massive-test-4461,intent,takeaway_query,cooking_query,0.18591995920763693
qwen-nf4-v2-calibrated,massive-test,massive-test-4482,intent,weather_query,music_dislikeness,0.08179013649929519
qwen-nf4-v2-calibrated,massive-test,massive-test-4491,intent,news_query,lists_query,0.18665835395508273
qwen-nf4-v2-calibrated,massive-test,massive-test-4492,intent,news_query,weather_query,0.13095546594216526
qwen-nf4-v2-calibrated,massive-test,massive-test-4496,intent,news_query,music_query,0.32011260668080255
qwen-nf4-v2-calibrated,massive-test,massive-test-4502,intent,datetime_query,calendar_query,0.08037817440705225
qwen-nf4-v2-calibrated,massive-test,massive-test-4550,intent,music_likeness,music_dislikeness,0.34115769482474756
qwen-nf4-v2-calibrated,massive-test,massive-test-4580,intent,datetime_query,alarm_query,0.08966561454254636
qwen-nf4-v2-calibrated,massive-test,massive-test-4587,intent,play_music,music_likeness,0.39203240565578823
qwen-nf4-v2-calibrated,massive-test,massive-test-4589,intent,calendar_set,alarm_set,0.16520807745405536
qwen-nf4-v2-calibrated,massive-test,massive-test-4601,intent,alarm_set,alarm_query,0.08835980631449701
qwen-nf4-v2-calibrated,massive-test,massive-test-4606,intent,news_query,qa_stock,0.9139534579075262
qwen-nf4-v2-calibrated,massive-test,massive-test-4638,intent,audio_volume_other,audio_volume_down,0.3098211644139416
qwen-nf4-v2-calibrated,massive-test,massive-test-4659,intent,audio_volume_mute,music_dislikeness,0.2911474242589996
qwen-nf4-v2-calibrated,massive-test,massive-test-4680,intent,weather_query,calendar_query,0.07503969028433144
qwen-nf4-v2-calibrated,massive-test,massive-test-4702,intent,audio_volume_up,lists_query,0.13599157816398158
qwen-nf4-v2-calibrated,massive-test,massive-test-4712,intent,alarm_remove,music_dislikeness,0.36614853713717205
qwen-nf4-v2-calibrated,massive-test,massive-test-4767,intent,news_query,qa_maths,0.11321629590982024
qwen-nf4-v2-calibrated,massive-test,massive-test-4772,intent,datetime_query,datetime_convert,0.503583444748066
qwen-nf4-v2-calibrated,massive-test,massive-test-4784,intent,weather_query,music_dislikeness,0.14392780541070013
qwen-nf4-v2-calibrated,massive-test,massive-test-4799,intent,iot_wemo_on,iot_wemo_off,0.4678191410879964
qwen-nf4-v2-calibrated,massive-test,massive-test-4813,intent,datetime_query,datetime_convert,0.40632193570210906
qwen-nf4-v2-calibrated,massive-test,massive-test-4833,intent,audio_volume_mute,alarm_remove,0.24884628206738355
qwen-nf4-v2-calibrated,massive-test,massive-test-4837,intent,news_query,general_greet,0.4592358719649251
qwen-nf4-v2-calibrated,massive-test,massive-test-4854,intent,audio_volume_mute,audio_volume_down,0.33882927729842766
qwen-nf4-v2-calibrated,massive-test,massive-test-4874,intent,music_likeness,iot_hue_lighton,0.11918353203099213
qwen-nf4-v2-calibrated,massive-test,massive-test-4881,intent,datetime_query,datetime_convert,0.5764628104160646
qwen-nf4-v2-calibrated,massive-test,massive-test-4887,intent,music_likeness,music_dislikeness,0.3497491473157987
qwen-nf4-v2-calibrated,massive-test,massive-test-4890,intent,calendar_set,weather_query,0.5358572235884451
qwen-nf4-v2-calibrated,massive-test,massive-test-4930,intent,alarm_set,alarm_query,0.4226764114300011
qwen-nf4-v2-calibrated,massive-test,massive-test-4955,intent,iot_hue_lightchange,calendar_query,0.09802556343150237
qwen-nf4-v2-calibrated,massive-test,massive-test-4960,intent,play_music,music_likeness,0.48877298117865053
qwen-nf4-v2-calibrated,massive-test,massive-test-4968,intent,qa_factoid,lists_query,0.12499676406584301
qwen-nf4-v2-calibrated,massive-test,massive-test-4985,intent,music_likeness,music_query,0.4169884052642479
qwen-nf4-v2-calibrated,massive-test,massive-test-4994,intent,audio_volume_mute,iot_wemo_on,0.33642229160172704
qwen-nf4-v2-calibrated,massive-test,massive-test-5009,intent,weather_query,calendar_query,0.14665826057277165
qwen-nf4-v2-calibrated,massive-test,massive-test-5010,intent,iot_coffee,iot_hue_lighton,0.09115142287343621
qwen-nf4-v2-calibrated,massive-test,massive-test-5016,intent,news_query,qa_stock,0.9345710905505644
qwen-nf4-v2-calibrated,massive-test,massive-test-5017,intent,iot_coffee,cooking_query,0.41563859261765324
qwen-nf4-v2-calibrated,massive-test,massive-test-5047,intent,iot_hue_lightdim,iot_hue_lightoff,0.7859492232517402
qwen-nf4-v2-calibrated,massive-test,massive-test-5050,intent,iot_wemo_off,calendar_query,0.10483972042137571
qwen-nf4-v2-calibrated,massive-test,massive-test-5116,intent,alarm_remove,music_dislikeness,0.7162767538230813
qwen-nf4-v2-calibrated,massive-test,massive-test-5118,intent,play_music,music_dislikeness,0.1614587037349056
qwen-nf4-v2-calibrated,massive-test,massive-test-5127,intent,news_query,qa_factoid,0.18030774896099855
qwen-nf4-v2-calibrated,massive-test,massive-test-5128,intent,transport_ticket,lists_query,0.13186949625753988
qwen-nf4-v2-calibrated,massive-test,massive-test-5131,intent,datetime_query,datetime_convert,0.6541641446963246
qwen-nf4-v2-calibrated,massive-test,massive-test-5152,intent,music_settings,music_dislikeness,0.7016230675402334
qwen-nf4-v2-calibrated,massive-test,massive-test-5160,intent,play_music,music_likeness,0.29460749800210995
qwen-nf4-v2-calibrated,massive-test,massive-test-5196,intent,news_query,lists_query,0.11355329430896459
qwen-nf4-v2-calibrated,massive-test,massive-test-5219,intent,audio_volume_down,iot_wemo_on,0.7596622025733722
qwen-nf4-v2-calibrated,massive-test,massive-test-5221,intent,audio_volume_mute,iot_wemo_on,0.15956372998613275
qwen-nf4-v2-calibrated,massive-test,massive-test-5258,intent,music_likeness,play_music,0.40056816249161437
qwen-nf4-v2-calibrated,massive-test,massive-test-5278,intent,play_music,music_dislikeness,0.5121394673010449
qwen-nf4-v2-calibrated,massive-test,massive-test-5279,intent,play_music,music_dislikeness,0.6006847434029416
qwen-nf4-v2-calibrated,massive-test,massive-test-5292,intent,alarm_set,iot_wemo_off,0.4965482716799154
qwen-nf4-v2-calibrated,massive-test,massive-test-5324,intent,takeaway_query,takeaway_order,0.5295705179518744
qwen-nf4-v2-calibrated,massive-test,massive-test-5328,intent,play_music,music_dislikeness,0.35657962594120646
qwen-nf4-v2-calibrated,massive-test,massive-test-5339,intent,weather_query,iot_wemo_on,0.19929040060886966
qwen-nf4-v2-calibrated,massive-test,massive-test-5341,intent,datetime_query,alarm_query,0.5668929604257628
qwen-nf4-v2-calibrated,massive-test,massive-test-5358,intent,datetime_query,alarm_query,0.10781393557875048
qwen-nf4-v2-calibrated,massive-test,massive-test-5370,intent,news_query,calendar_query,0.21373166916056838
qwen-nf4-v2-calibrated,massive-test,massive-test-5378,intent,play_music,qa_definition,0.2785869548574582
qwen-nf4-v2-calibrated,massive-test,massive-test-5427,intent,datetime_query,datetime_convert,0.47073448095744985
qwen-nf4-v2-calibrated,massive-test,massive-test-5439,intent,weather_query,music_dislikeness,0.13754421548976153
qwen-nf4-v2-calibrated,massive-test,massive-test-5465,intent,weather_query,calendar_query,0.08334521741353607
qwen-nf4-v2-calibrated,massive-test,massive-test-5468,intent,weather_query,calendar_query,0.12637049236692324
qwen-nf4-v2-calibrated,massive-test,massive-test-5475,intent,alarm_set,iot_hue_lighton,0.16640880909551695
qwen-nf4-v2-calibrated,massive-test,massive-test-5481,intent,audio_volume_down,iot_wemo_on,0.6556757143058184
qwen-nf4-v2-calibrated,massive-test,massive-test-5501,intent,iot_hue_lightup,iot_hue_lighton,0.9390043558411701
qwen-nf4-v2-calibrated,massive-test,massive-test-5523,intent,datetime_convert,alarm_query,0.15741676999122686
qwen-nf4-v2-calibrated,massive-test,massive-test-5529,intent,weather_query,general_quirky,0.1550921556001941
qwen-nf4-v2-calibrated,massive-test,massive-test-5531,intent,music_likeness,music_query,0.4648082041579689
qwen-nf4-v2-calibrated,massive-test,massive-test-5550,intent,audio_volume_mute,music_dislikeness,0.44496933886752754
qwen-nf4-v2-calibrated,massive-test,massive-test-5557,intent,play_music,music_likeness,0.7779832877781401
qwen-nf4-v2-calibrated,massive-test,massive-test-5574,intent,iot_hue_lightup,iot_hue_lighton,0.5127056268467989
qwen-nf4-v2-calibrated,massive-test,massive-test-5579,intent,audio_volume_other,iot_wemo_on,0.17116737867710127
qwen-nf4-v2-calibrated,massive-test,massive-test-5590,intent,weather_query,iot_hue_lighton,0.21238978818911305
qwen-nf4-v2-calibrated,massive-test,massive-test-5600,intent,takeaway_query,cooking_recipe,0.47681611591623835
qwen-nf4-v2-calibrated,massive-test,massive-test-5611,intent,audio_volume_down,iot_wemo_on,0.7572395918251438
qwen-nf4-v2-calibrated,massive-test,massive-test-5614,intent,music_query,play_radio,0.6530083041712882
qwen-nf4-v2-calibrated,massive-test,massive-test-5623,intent,alarm_set,alarm_query,0.629968637250832
qwen-nf4-v2-calibrated,massive-test,massive-test-5661,intent,weather_query,music_dislikeness,0.1232823442791816
qwen-nf4-v2-calibrated,massive-test,massive-test-5671,intent,datetime_query,datetime_convert,0.09669344907861274
qwen-nf4-v2-calibrated,massive-test,massive-test-5707,intent,play_music,music_likeness,0.7478273741282913
qwen-nf4-v2-calibrated,massive-test,massive-test-5727,intent,iot_hue_lightup,iot_hue_lighton,0.2783659128558373
qwen-nf4-v2-calibrated,massive-test,massive-test-5732,intent,weather_query,music_dislikeness,0.10333882697285492
qwen-nf4-v2-calibrated,massive-test,massive-test-5757,intent,datetime_query,iot_hue_lighton,0.11639004657686457
qwen-nf4-v2-calibrated,massive-test,massive-test-5774,intent,datetime_query,iot_hue_lighton,0.09818331927601534
qwen-nf4-v2-calibrated,massive-test,massive-test-5812,intent,audio_volume_other,alarm_set,0.09081755719704115
qwen-nf4-v2-calibrated,massive-test,massive-test-5813,intent,play_music,lists_createoradd,0.4062272381395436
qwen-nf4-v2-calibrated,massive-test,massive-test-5820,intent,play_music,music_dislikeness,0.12668412796006567
qwen-nf4-v2-calibrated,massive-test,massive-test-5823,intent,audio_volume_down,iot_wemo_on,0.7527372173906904
qwen-nf4-v2-calibrated,massive-test,massive-test-5840,intent,takeaway_order,cooking_recipe,0.37646335068644415
qwen-nf4-v2-calibrated,massive-test,massive-test-5886,intent,news_query,music_dislikeness,0.11770340167251185
qwen-nf4-v2-calibrated,massive-test,massive-test-5888,intent,iot_wemo_off,iot_hue_lightoff,0.13747216593961106
qwen-nf4-v2-calibrated,massive-test,massive-test-5911,intent,music_settings,music_dislikeness,0.29587990845150197
qwen-nf4-v2-calibrated,massive-test,massive-test-5912,intent,music_settings,music_dislikeness,0.3132461161821456
qwen-nf4-v2-calibrated,massive-test,massive-test-5919,intent,news_query,lists_query,0.08013640921744632
qwen-nf4-v2-calibrated,massive-test,massive-test-5953,intent,weather_query,calendar_query,0.0960843033418598
qwen-nf4-v2-calibrated,massive-test,massive-test-5955,intent,weather_query,lists_query,0.13675200379475752
qwen-nf4-v2-calibrated,massive-test,massive-test-5958,intent,audio_volume_mute,music_dislikeness,0.23317613274143292
qwen-nf4-v2-calibrated,massive-test,massive-test-5966,intent,takeaway_order,cooking_recipe,0.22094683246354116
qwen-nf4-v2-calibrated,massive-test,massive-test-5974,intent,alarm_query,alarm_set,0.4265139284319677
qwen-nf4-v2-calibrated,massive-test,massive-test-5996,intent,weather_query,calendar_query,0.11450189056387979
qwen-nf4-v2-calibrated,massive-test,massive-test-5997,intent,datetime_query,datetime_convert,0.58413611665127
qwen-nf4-v2-calibrated,massive-test,massive-test-6013,intent,music_query,play_radio,0.768889458086446
qwen-nf4-v2-calibrated,massive-test,massive-test-6023,intent,weather_query,music_dislikeness,0.08165591974049477
qwen-nf4-v2-calibrated,massive-test,massive-test-6024,intent,weather_query,calendar_query,0.21037291380616102
qwen-nf4-v2-calibrated,massive-test,massive-test-6025,intent,weather_query,calendar_query,0.13937081113308472
qwen-nf4-v2-calibrated,massive-test,massive-test-6027,intent,play_music,music_likeness,0.7448031381525951
qwen-nf4-v2-calibrated,massive-test,massive-test-6045,intent,play_music,music_likeness,0.22219318427700854
qwen-nf4-v2-calibrated,massive-test,massive-test-6050,intent,weather_query,calendar_query,0.08934635930641589
qwen-nf4-v2-calibrated,massive-test,massive-test-6055,intent,iot_hue_lightoff,iot_hue_lighton,0.6074803753421845
qwen-nf4-v2-calibrated,massive-test,massive-test-6064,intent,audio_volume_mute,general_greet,0.18180539039246826
qwen-nf4-v2-calibrated,massive-test,massive-test-6093,intent,weather_query,iot_hue_lighton,0.17605973550431234
qwen-nf4-v2-calibrated,massive-test,massive-test-6109,intent,music_likeness,music_dislikeness,0.49210340484833703
qwen-nf4-v2-calibrated,massive-test,massive-test-6112,intent,takeaway_order,news_query,0.20603323323873687
qwen-nf4-v2-calibrated,massive-test,massive-test-6118,intent,datetime_query,datetime_convert,0.41770044797673156
qwen-nf4-v2-calibrated,massive-test,massive-test-6127,intent,weather_query,lists_query,0.14021926723447029
qwen-nf4-v2-calibrated,massive-test,massive-test-6166,intent,audio_volume_mute,iot_wemo_on,0.3491337420639321
qwen-nf4-v2-calibrated,massive-test,massive-test-6172,intent,weather_query,general_quirky,0.2543273722541664
qwen-nf4-v2-calibrated,massive-test,massive-test-6178,intent,weather_query,calendar_query,0.11448058097849202
qwen-nf4-v2-calibrated,massive-test,massive-test-6181,intent,general_quirky,general_greet,0.7803928793021242
qwen-nf4-v2-calibrated,massive-test,massive-test-6195,intent,general_quirky,calendar_query,0.12345299771739347
qwen-nf4-v2-calibrated,massive-test,massive-test-6201,intent,general_quirky,calendar_query,0.077482719680839
qwen-nf4-v2-calibrated,massive-test,massive-test-6213,intent,general_quirky,calendar_query,0.7446841811641103
qwen-nf4-v2-calibrated,massive-test,massive-test-6214,intent,general_quirky,calendar_query,0.3046594833192944
qwen-nf4-v2-calibrated,massive-test,massive-test-6220,intent,general_quirky,lists_query,0.0858824361640895
qwen-nf4-v2-calibrated,massive-test,massive-test-6221,intent,general_quirky,lists_query,0.07210020460625359
qwen-nf4-v2-calibrated,massive-test,massive-test-6227,intent,general_quirky,calendar_query,0.5122009272338872
qwen-nf4-v2-calibrated,massive-test,massive-test-6229,intent,general_quirky,music_dislikeness,0.6065665763594351
qwen-nf4-v2-calibrated,massive-test,massive-test-6241,intent,general_quirky,general_greet,0.14131288616921237
qwen-nf4-v2-calibrated,massive-test,massive-test-6243,intent,general_quirky,music_likeness,0.6662512532706247
qwen-nf4-v2-calibrated,massive-test,massive-test-6248,intent,general_quirky,lists_query,0.08028965930728224
qwen-nf4-v2-calibrated,massive-test,massive-test-6267,intent,general_quirky,general_greet,0.25768757999923325
qwen-nf4-v2-calibrated,massive-test,massive-test-6282,intent,general_quirky,general_greet,0.6010564533033765
qwen-nf4-v2-calibrated,massive-test,massive-test-6288,intent,general_quirky,music_settings,0.12471940208008625
qwen-nf4-v2-calibrated,massive-test,massive-test-6290,intent,general_quirky,lists_query,0.1251858697669665
qwen-nf4-v2-calibrated,massive-test,massive-test-6293,intent,general_quirky,general_greet,0.3703262066437812
qwen-nf4-v2-calibrated,massive-test,massive-test-6294,intent,general_quirky,general_greet,0.3180964518802759
qwen-nf4-v2-calibrated,massive-test,massive-test-6295,intent,general_quirky,music_dislikeness,0.6065771702572759
qwen-nf4-v2-calibrated,massive-test,massive-test-6301,intent,general_quirky,general_greet,0.23625925254449548
qwen-nf4-v2-calibrated,massive-test,massive-test-6304,intent,general_quirky,general_greet,0.6153879513129814
qwen-nf4-v2-calibrated,massive-test,massive-test-6305,intent,general_quirky,general_greet,0.4139024287290601
qwen-nf4-v2-calibrated,massive-test,massive-test-6313,intent,general_quirky,general_greet,0.16928809874831563
qwen-nf4-v2-calibrated,massive-test,massive-test-6319,intent,general_quirky,calendar_query,0.2550504010220452
qwen-nf4-v2-calibrated,massive-test,massive-test-6322,intent,general_quirky,play_game,0.20743557391375883
qwen-nf4-v2-calibrated,massive-test,massive-test-6325,intent,general_quirky,music_dislikeness,0.704442659054208
qwen-nf4-v2-calibrated,massive-test,massive-test-6331,intent,general_quirky,music_likeness,0.14198975900107894
qwen-nf4-v2-calibrated,massive-test,massive-test-6337,intent,general_quirky,general_greet,0.13191397055169157
qwen-nf4-v2-calibrated,massive-test,massive-test-6352,intent,general_quirky,iot_hue_lighton,0.1012127152949655
qwen-nf4-v2-calibrated,massive-test,massive-test-6353,intent,general_quirky,play_audiobook,0.08700387310764043
qwen-nf4-v2-calibrated,massive-test,massive-test-6371,intent,general_quirky,lists_query,0.1454952371478382
qwen-nf4-v2-calibrated,massive-test,massive-test-6378,intent,general_quirky,music_dislikeness,0.5596889401129034
qwen-nf4-v2-calibrated,massive-test,massive-test-6382,intent,general_quirky,general_greet,0.26136501941071927
qwen-nf4-v2-calibrated,massive-test,massive-test-6385,intent,general_quirky,calendar_query,0.09787244695256697
qwen-nf4-v2-calibrated,massive-test,massive-test-6388,intent,general_quirky,general_greet,0.6236019399118065
qwen-nf4-v2-calibrated,massive-test,massive-test-6402,intent,general_quirky,lists_query,0.13531195786319347
qwen-nf4-v2-calibrated,massive-test,massive-test-6403,intent,transport_query,calendar_query,0.15398922683161376
qwen-nf4-v2-calibrated,massive-test,massive-test-6405,intent,general_quirky,lists_query,0.09081777829013211
qwen-nf4-v2-calibrated,massive-test,massive-test-6410,intent,news_query,calendar_query,0.21529909600688532
qwen-nf4-v2-calibrated,massive-test,massive-test-6417,intent,general_quirky,lists_createoradd,0.16473057348648934
qwen-nf4-v2-calibrated,massive-test,massive-test-6424,intent,general_quirky,general_greet,0.8458462922383724
qwen-nf4-v2-calibrated,massive-test,massive-test-6426,intent,general_quirky,iot_hue_lighton,0.10459118239835577
qwen-nf4-v2-calibrated,massive-test,massive-test-6431,intent,general_quirky,calendar_query,0.435767266890382
qwen-nf4-v2-calibrated,massive-test,massive-test-6432,intent,general_quirky,calendar_query,0.8280209796456895
qwen-nf4-v2-calibrated,massive-test,massive-test-6433,intent,general_quirky,calendar_query,0.11432341924411626
qwen-nf4-v2-calibrated,massive-test,massive-test-6434,intent,general_quirky,calendar_query,0.1632983109395607
qwen-nf4-v2-calibrated,massive-test,massive-test-6438,intent,general_quirky,music_dislikeness,0.1642635514361724
qwen-nf4-v2-calibrated,massive-test,massive-test-6439,intent,general_quirky,music_likeness,0.5147576060722859
qwen-nf4-v2-calibrated,massive-test,massive-test-6446,intent,general_quirky,lists_query,0.09506428139082108
qwen-nf4-v2-calibrated,massive-test,massive-test-6448,intent,general_quirky,calendar_query,0.08977589041838006
qwen-nf4-v2-calibrated,massive-test,massive-test-6457,intent,general_quirky,general_greet,0.17158252103231963
qwen-nf4-v2-calibrated,massive-test,massive-test-6469,intent,general_quirky,calendar_query,0.12345299771739347
qwen-nf4-v2-calibrated,massive-test,massive-test-6473,intent,general_quirky,weather_query,0.4655542117391617
qwen-nf4-v2-calibrated,massive-test,massive-test-6477,intent,general_quirky,lists_query,0.13468931446277088
qwen-nf4-v2-calibrated,massive-test,massive-test-6485,intent,general_quirky,music_likeness,0.7189741203781461
qwen-nf4-v2-calibrated,massive-test,massive-test-6489,intent,general_quirky,alarm_query,0.1122476920133735
qwen-nf4-v2-calibrated,massive-test,massive-test-6495,intent,general_quirky,iot_hue_lighton,0.07452321933069418
qwen-nf4-v2-calibrated,massive-test,massive-test-6496,intent,general_quirky,iot_hue_lighton,0.12238726849249718
qwen-nf4-v2-calibrated,massive-test,massive-test-6500,intent,social_query,social_post,0.6508020480592893
qwen-nf4-v2-calibrated,massive-test,massive-test-6503,intent,general_quirky,music_dislikeness,0.2368396609917473
qwen-nf4-v2-calibrated,massive-test,massive-test-6506,intent,general_quirky,qa_factoid,0.11801871246340005
qwen-nf4-v2-calibrated,massive-test,massive-test-6515,intent,general_quirky,general_greet,0.2660438064877737
qwen-nf4-v2-calibrated,massive-test,massive-test-6516,intent,general_quirky,calendar_query,0.4407848845057266
qwen-nf4-v2-calibrated,massive-test,massive-test-6517,intent,general_quirky,calendar_query,0.11284428995671143
qwen-nf4-v2-calibrated,massive-test,massive-test-6533,intent,general_quirky,calendar_query,0.17368521967103248
qwen-nf4-v2-calibrated,massive-test,massive-test-6539,intent,calendar_set,lists_query,0.120933813153511
qwen-nf4-v2-calibrated,massive-test,massive-test-6542,intent,cooking_recipe,music_dislikeness,0.12372709739664746
qwen-nf4-v2-calibrated,massive-test,massive-test-6550,intent,general_quirky,general_greet,0.4648336150339716
qwen-nf4-v2-calibrated,massive-test,massive-test-6557,intent,general_quirky,play_audiobook,0.18257607828713485
qwen-nf4-v2-calibrated,massive-test,massive-test-6559,intent,general_quirky,music_likeness,0.192705964101894
qwen-nf4-v2-calibrated,massive-test,massive-test-6561,intent,general_quirky,calendar_query,0.09742607426256232
qwen-nf4-v2-calibrated,massive-test,massive-test-6562,intent,general_quirky,qa_maths,0.6960980925356185
qwen-nf4-v2-calibrated,massive-test,massive-test-6568,intent,general_quirky,calendar_query,0.15931761630599603
qwen-nf4-v2-calibrated,massive-test,massive-test-6572,intent,general_quirky,calendar_query,0.1914805266303044
qwen-nf4-v2-calibrated,massive-test,massive-test-6575,intent,general_quirky,lists_query,0.10276271004904347
qwen-nf4-v2-calibrated,massive-test,massive-test-6578,intent,general_quirky,music_likeness,0.337014965192066
qwen-nf4-v2-calibrated,massive-test,massive-test-6582,intent,general_quirky,general_greet,0.857644350011001
qwen-nf4-v2-calibrated,massive-test,massive-test-6593,intent,general_quirky,qa_maths,0.1723418443818555
qwen-nf4-v2-calibrated,massive-test,massive-test-6594,intent,general_quirky,calendar_query,0.29310802086701565
qwen-nf4-v2-calibrated,massive-test,massive-test-6596,intent,general_quirky,general_greet,0.21372733482900907
qwen-nf4-v2-calibrated,massive-test,massive-test-6600,intent,general_quirky,music_dislikeness,0.15873415988143366
qwen-nf4-v2-calibrated,massive-test,massive-test-6615,intent,general_quirky,music_dislikeness,0.19693323571765436
qwen-nf4-v2-calibrated,massive-test,massive-test-6616,intent,general_quirky,iot_hue_lighton,0.11462047973488299
qwen-nf4-v2-calibrated,massive-test,massive-test-6617,intent,general_quirky,calendar_query,0.14027379694003345
qwen-nf4-v2-calibrated,massive-test,massive-test-6621,intent,general_quirky,recommendation_movies,0.7163630347754305
qwen-nf4-v2-calibrated,massive-test,massive-test-6623,intent,general_quirky,calendar_query,0.09398755075857175
qwen-nf4-v2-calibrated,massive-test,massive-test-6643,intent,general_quirky,lists_query,0.11729779997782123
qwen-nf4-v2-calibrated,massive-test,massive-test-6645,intent,general_quirky,calendar_query,0.171690928178724
qwen-nf4-v2-calibrated,massive-test,massive-test-6646,intent,general_quirky,lists_query,0.13406943487430556
qwen-nf4-v2-calibrated,massive-test,massive-test-6650,intent,general_quirky,general_greet,0.3444322201179573
qwen-nf4-v2-calibrated,massive-test,massive-test-6652,intent,general_quirky,music_dislikeness,0.2863708642409046
qwen-nf4-v2-calibrated,massive-test,massive-test-6663,intent,general_quirky,recommendation_locations,0.24568983989859905
qwen-nf4-v2-calibrated,massive-test,massive-test-6670,intent,general_quirky,lists_query,0.08980787135027314
qwen-nf4-v2-calibrated,massive-test,massive-test-6672,intent,general_quirky,general_greet,0.07515403379619183
qwen-nf4-v2-calibrated,massive-test,massive-test-6682,intent,news_query,lists_query,0.1103001661226443
qwen-nf4-v2-calibrated,massive-test,massive-test-6683,intent,news_query,calendar_query,0.1588785972212476
qwen-nf4-v2-calibrated,massive-test,massive-test-6694,intent,general_quirky,general_greet,0.28095216662729194
qwen-nf4-v2-calibrated,massive-test,massive-test-6701,intent,general_quirky,calendar_query,0.10655439647631616
qwen-nf4-v2-calibrated,massive-test,massive-test-6708,intent,general_quirky,social_post,0.735851339895722
qwen-nf4-v2-calibrated,massive-test,massive-test-6710,intent,general_quirky,music_dislikeness,0.25745820091359733
qwen-nf4-v2-calibrated,massive-test,massive-test-6720,intent,general_quirky,lists_query,0.10450132004003351
qwen-nf4-v2-calibrated,massive-test,massive-test-6725,intent,calendar_set,calendar_query,0.7798362923417786
qwen-nf4-v2-calibrated,massive-test,massive-test-6729,intent,calendar_remove,iot_hue_lighton,0.10695775686128006
qwen-nf4-v2-calibrated,massive-test,massive-test-6732,intent,calendar_set,calendar_query,0.3065036710753648
qwen-nf4-v2-calibrated,massive-test,massive-test-6737,intent,general_quirky,calendar_query,0.2959038683234369
qwen-nf4-v2-calibrated,massive-test,massive-test-6744,intent,calendar_set,calendar_query,0.5992164956612486
qwen-nf4-v2-calibrated,massive-test,massive-test-6746,intent,calendar_set,calendar_query,0.20991029237480968
qwen-nf4-v2-calibrated,massive-test,massive-test-6747,intent,calendar_query,alarm_query,0.21038286949987722
qwen-nf4-v2-calibrated,massive-test,massive-test-6764,intent,calendar_set,iot_cleaning,0.43832178130053706
qwen-nf4-v2-calibrated,massive-test,massive-test-6774,intent,calendar_set,alarm_set,0.7197344651023063
qwen-nf4-v2-calibrated,massive-test,massive-test-6785,intent,calendar_query,alarm_query,0.10342303052110895
qwen-nf4-v2-calibrated,massive-test,massive-test-6789,intent,calendar_set,calendar_query,0.6961746447211737
qwen-nf4-v2-calibrated,massive-test,massive-test-6815,intent,calendar_set,alarm_set,0.4858435356205967
qwen-nf4-v2-calibrated,massive-test,massive-test-6819,intent,calendar_set,music_likeness,0.5276895812959876
qwen-nf4-v2-calibrated,massive-test,massive-test-6836,intent,calendar_set,alarm_set,0.48889867232629153
qwen-nf4-v2-calibrated,massive-test,massive-test-6856,intent,calendar_set,calendar_query,0.6500891751071776
qwen-nf4-v2-calibrated,massive-test,massive-test-6865,intent,calendar_set,alarm_set,0.36103877605191825
qwen-nf4-v2-calibrated,massive-test,massive-test-6878,intent,calendar_set,calendar_query,0.5652491415327884
qwen-nf4-v2-calibrated,massive-test,massive-test-6892,intent,calendar_query,recommendation_movies,0.7781394781278207
qwen-nf4-v2-calibrated,massive-test,massive-test-6897,intent,calendar_set,alarm_set,0.3773605310130562
qwen-nf4-v2-calibrated,massive-test,massive-test-6901,intent,calendar_set,alarm_set,0.6596567609558809
qwen-nf4-v2-calibrated,massive-test,massive-test-6902,intent,calendar_set,alarm_set,0.4557779817955811
qwen-nf4-v2-calibrated,massive-test,massive-test-6923,intent,calendar_set,alarm_set,0.588346112866925
qwen-nf4-v2-calibrated,massive-test,massive-test-6926,intent,calendar_query,datetime_query,0.43897021224674837
qwen-nf4-v2-calibrated,massive-test,massive-test-6928,intent,calendar_remove,alarm_remove,0.16645376871821277
qwen-nf4-v2-calibrated,massive-test,massive-test-6936,intent,calendar_set,iot_hue_lighton,0.16385678020016833
qwen-nf4-v2-calibrated,massive-test,massive-test-6937,intent,calendar_set,alarm_set,0.6755602961823264
qwen-nf4-v2-calibrated,massive-test,massive-test-6959,intent,calendar_set,alarm_query,0.18045773827733896
qwen-nf4-v2-calibrated,massive-test,massive-test-6962,intent,calendar_set,calendar_query,0.6512870909243541
qwen-nf4-v2-calibrated,massive-test,massive-test-6964,intent,calendar_set,alarm_set,0.6755440476547413
qwen-nf4-v2-calibrated,massive-test,massive-test-6967,intent,calendar_query,qa_factoid,0.4528673232975519
qwen-nf4-v2-calibrated,massive-test,massive-test-6973,intent,calendar_set,alarm_set,0.7136643681752625
qwen-nf4-v2-calibrated,massive-test,massive-test-6974,intent,calendar_set,calendar_query,0.7173823887474561
qwen-nf4-v2-calibrated,massive-test,massive-test-6980,intent,calendar_query,lists_query,0.8290041181268434
qwen-nf4-v2-calibrated,massive-test,massive-test-6994,intent,calendar_set,iot_hue_lighton,0.27975023840982466
qwen-nf4-v2-calibrated,massive-test,massive-test-6997,intent,calendar_remove,alarm_remove,0.14579082103004054
qwen-nf4-v2-calibrated,massive-test,massive-test-7000,intent,calendar_set,alarm_query,0.08977637291213145
qwen-nf4-v2-calibrated,massive-test,massive-test-7004,intent,calendar_set,alarm_set,0.3361206935228776
qwen-nf4-v2-calibrated,massive-test,massive-test-7026,intent,recommendation_events,lists_query,0.11134715282135292
qwen-nf4-v2-calibrated,massive-test,massive-test-7039,intent,calendar_set,calendar_query,0.6563985013459503
qwen-nf4-v2-calibrated,massive-test,massive-test-7044,intent,calendar_set,alarm_set,0.6262030875997058
qwen-nf4-v2-calibrated,massive-test,massive-test-7046,intent,calendar_set,calendar_query,0.22813267888145494
qwen-nf4-v2-calibrated,massive-test,massive-test-7055,intent,calendar_set,calendar_query,0.4572661296341697
qwen-nf4-v2-calibrated,massive-test,massive-test-7057,intent,calendar_set,calendar_query,0.5928356734453188
qwen-nf4-v2-calibrated,massive-test,massive-test-7061,intent,calendar_set,alarm_set,0.4158302658543097
qwen-nf4-v2-calibrated,massive-test,massive-test-7073,intent,calendar_set,calendar_query,0.6423942975522189
qwen-nf4-v2-calibrated,massive-test,massive-test-7087,intent,calendar_remove,calendar_query,0.5994783648201124
qwen-nf4-v2-calibrated,massive-test,massive-test-7098,intent,calendar_set,calendar_query,0.42034586108668354
qwen-nf4-v2-calibrated,massive-test,massive-test-7100,intent,calendar_set,alarm_set,0.29613752715416647
qwen-nf4-v2-calibrated,massive-test,massive-test-7113,intent,calendar_query,recommendation_locations,0.2899624020521028
qwen-nf4-v2-calibrated,massive-test,massive-test-7122,intent,calendar_set,calendar_query,0.14686960898994686
qwen-nf4-v2-calibrated,massive-test,massive-test-7140,intent,calendar_set,alarm_set,0.7320420837587472
qwen-nf4-v2-calibrated,massive-test,massive-test-7151,intent,calendar_set,alarm_set,0.6964020773897446
qwen-nf4-v2-calibrated,massive-test,massive-test-7152,intent,calendar_set,alarm_set,0.5741207369084298
qwen-nf4-v2-calibrated,massive-test,massive-test-7161,intent,calendar_set,calendar_query,0.2650776901398652
qwen-nf4-v2-calibrated,massive-test,massive-test-7168,intent,general_quirky,music_dislikeness,0.12731932558493414
qwen-nf4-v2-calibrated,massive-test,massive-test-7170,intent,calendar_set,alarm_set,0.35075345568854555
qwen-nf4-v2-calibrated,massive-test,massive-test-7181,intent,calendar_set,alarm_set,0.5155939353550333
qwen-nf4-v2-calibrated,massive-test,massive-test-7194,intent,calendar_set,alarm_set,0.5096422210704117
qwen-nf4-v2-calibrated,massive-test,massive-test-7196,intent,calendar_set,calendar_query,0.42319313016028737
qwen-nf4-v2-calibrated,massive-test,massive-test-7199,intent,calendar_set,alarm_set,0.5855368931690036
qwen-nf4-v2-calibrated,massive-test,massive-test-7209,intent,calendar_set,lists_query,0.1096611889305436
qwen-nf4-v2-calibrated,massive-test,massive-test-7216,intent,general_quirky,calendar_query,0.11405757050509734
qwen-nf4-v2-calibrated,massive-test,massive-test-7257,intent,calendar_set,alarm_set,0.48933318808003323
qwen-nf4-v2-calibrated,massive-test,massive-test-7258,intent,calendar_set,email_sendemail,0.8036177495787689
qwen-nf4-v2-calibrated,massive-test,massive-test-7262,intent,calendar_set,alarm_set,0.636499062031495
qwen-nf4-v2-calibrated,massive-test,massive-test-7278,intent,calendar_set,alarm_set,0.3126139854350835
qwen-nf4-v2-calibrated,massive-test,massive-test-7287,intent,calendar_set,alarm_set,0.279796234699593
qwen-nf4-v2-calibrated,massive-test,massive-test-7289,intent,calendar_remove,lists_remove,0.24524210735192495
qwen-nf4-v2-calibrated,massive-test,massive-test-7291,intent,calendar_set,alarm_set,0.5162323936629656
qwen-nf4-v2-calibrated,massive-test,massive-test-7292,intent,calendar_set,calendar_query,0.6071588632303841
qwen-nf4-v2-calibrated,massive-test,massive-test-7293,intent,calendar_set,calendar_query,0.6952145070562344
qwen-nf4-v2-calibrated,massive-test,massive-test-7295,intent,calendar_remove,iot_hue_lightup,0.28384285730334075
qwen-nf4-v2-calibrated,massive-test,massive-test-7353,intent,email_query,weather_query,0.6942596770522457
qwen-nf4-v2-calibrated,massive-test,massive-test-7355,intent,calendar_set,alarm_set,0.376983430178379
qwen-nf4-v2-calibrated,massive-test,massive-test-7449,intent,calendar_set,calendar_query,0.4093802873613096
qwen-nf4-v2-calibrated,massive-test,massive-test-7450,intent,calendar_set,calendar_query,0.41413133825484755
qwen-nf4-v2-calibrated,massive-test,massive-test-7455,intent,calendar_set,calendar_query,0.5208700862380776
qwen-nf4-v2-calibrated,massive-test,massive-test-7461,intent,calendar_set,calendar_query,0.2611176209212818
qwen-nf4-v2-calibrated,massive-test,massive-test-7463,intent,calendar_set,calendar_query,0.7037162358744888
qwen-nf4-v2-calibrated,massive-test,massive-test-7477,intent,calendar_set,alarm_set,0.1443971689316172
qwen-nf4-v2-calibrated,massive-test,massive-test-7499,intent,calendar_set,calendar_query,0.38248079669316076
qwen-nf4-v2-calibrated,massive-test,massive-test-7500,intent,calendar_remove,alarm_remove,0.2627313520732771
qwen-nf4-v2-calibrated,massive-test,massive-test-7520,intent,calendar_set,alarm_set,0.5162055661788606
qwen-nf4-v2-calibrated,massive-test,massive-test-7528,intent,calendar_set,datetime_query,0.4253555813979524
qwen-nf4-v2-calibrated,massive-test,massive-test-7531,intent,calendar_set,calendar_query,0.10488853280143802
qwen-nf4-v2-calibrated,massive-test,massive-test-7542,intent,calendar_set,alarm_query,0.2521444129318002
qwen-nf4-v2-calibrated,massive-test,massive-test-7549,intent,calendar_set,calendar_query,0.3536461112162794
qwen-nf4-v2-calibrated,massive-test,massive-test-7556,intent,calendar_set,alarm_set,0.36288471303474484
qwen-nf4-v2-calibrated,massive-test,massive-test-7557,intent,calendar_set,alarm_set,0.3811836426114586
qwen-nf4-v2-calibrated,massive-test,massive-test-7559,intent,calendar_set,alarm_set,0.5435073485265821
qwen-nf4-v2-calibrated,massive-test,massive-test-7563,intent,calendar_set,alarm_set,0.2981856408038611
qwen-nf4-v2-calibrated,massive-test,massive-test-7565,intent,calendar_set,calendar_query,0.4105717583937771
qwen-nf4-v2-calibrated,massive-test,massive-test-7567,intent,calendar_set,calendar_query,0.1688367217949236
qwen-nf4-v2-calibrated,massive-test,massive-test-7596,intent,calendar_set,calendar_query,0.11731979572982135
qwen-nf4-v2-calibrated,massive-test,massive-test-7598,intent,calendar_set,calendar_query,0.5123937394314002
qwen-nf4-v2-calibrated,massive-test,massive-test-7606,intent,calendar_set,calendar_query,0.37264190318247026
qwen-nf4-v2-calibrated,massive-test,massive-test-7628,intent,calendar_set,lists_query,0.12775355589383397
qwen-nf4-v2-calibrated,massive-test,massive-test-7654,intent,calendar_set,music_dislikeness,0.15137021867684672
qwen-nf4-v2-calibrated,massive-test,massive-test-7655,intent,calendar_set,alarm_set,0.4727141106072003
qwen-nf4-v2-calibrated,massive-test,massive-test-7664,intent,calendar_set,lists_createoradd,0.08150105627094396
qwen-nf4-v2-calibrated,massive-test,massive-test-7666,intent,calendar_set,calendar_query,0.2513102112307074
qwen-nf4-v2-calibrated,massive-test,massive-test-7686,intent,calendar_set,music_dislikeness,0.13882308170893157
qwen-nf4-v2-calibrated,massive-test,massive-test-7697,intent,calendar_set,alarm_set,0.6653373300591232
qwen-nf4-v2-calibrated,massive-test,massive-test-7711,intent,calendar_set,calendar_remove,0.6922306272010731
qwen-nf4-v2-calibrated,massive-test,massive-test-7712,intent,calendar_set,calendar_remove,0.7257193283482036
qwen-nf4-v2-calibrated,massive-test,massive-test-7718,intent,calendar_set,calendar_query,0.22551727875869032
qwen-nf4-v2-calibrated,massive-test,massive-test-7726,intent,calendar_set,alarm_set,0.7140413575807163
qwen-nf4-v2-calibrated,massive-test,massive-test-7730,intent,calendar_set,calendar_query,0.5025616626218625
qwen-nf4-v2-calibrated,massive-test,massive-test-7741,intent,calendar_remove,calendar_query,0.5127330888766025
qwen-nf4-v2-calibrated,massive-test,massive-test-7751,intent,calendar_set,alarm_set,0.44898253290052476
qwen-nf4-v2-calibrated,massive-test,massive-test-7762,intent,calendar_query,lists_query,0.11020267188072938
qwen-nf4-v2-calibrated,massive-test,massive-test-7767,intent,calendar_set,alarm_set,0.12396252305463883
qwen-nf4-v2-calibrated,massive-test,massive-test-7768,intent,calendar_set,alarm_set,0.1204269882836393
qwen-nf4-v2-calibrated,massive-test,massive-test-7774,intent,calendar_set,calendar_query,0.3389395940521524
qwen-nf4-v2-calibrated,massive-test,massive-test-7778,intent,calendar_set,calendar_query,0.6172350321467651
qwen-nf4-v2-calibrated,massive-test,massive-test-7808,intent,calendar_set,alarm_set,0.33520936637804144
qwen-nf4-v2-calibrated,massive-test,massive-test-7817,intent,calendar_query,datetime_query,0.5525172634059589
qwen-nf4-v2-calibrated,massive-test,massive-test-7836,intent,calendar_remove,alarm_remove,0.404509842296108
qwen-nf4-v2-calibrated,massive-test,massive-test-7843,intent,calendar_set,alarm_set,0.6540574895284228
qwen-nf4-v2-calibrated,massive-test,massive-test-7844,intent,calendar_query,alarm_query,0.43702489594587723
qwen-nf4-v2-calibrated,massive-test,massive-test-7847,intent,calendar_set,alarm_set,0.1747544756728688
qwen-nf4-v2-calibrated,massive-test,massive-test-7851,intent,calendar_set,calendar_query,0.4384640003341567
qwen-nf4-v2-calibrated,massive-test,massive-test-7863,intent,calendar_set,alarm_set,0.3408841674928102
qwen-nf4-v2-calibrated,massive-test,massive-test-7876,intent,news_query,calendar_query,0.41619807280478244
qwen-nf4-v2-calibrated,massive-test,massive-test-7890,intent,calendar_remove,alarm_remove,0.1002755251909001
qwen-nf4-v2-calibrated,massive-test,massive-test-7891,intent,calendar_remove,calendar_query,0.13431788053680568
qwen-nf4-v2-calibrated,massive-test,massive-test-7894,intent,calendar_set,alarm_set,0.11080969838306023
qwen-nf4-v2-calibrated,massive-test,massive-test-7916,intent,calendar_set,qa_stock,0.21971371770087833
qwen-nf4-v2-calibrated,massive-test,massive-test-7918,intent,calendar_set,calendar_query,0.14825588654309418
qwen-nf4-v2-calibrated,massive-test,massive-test-7919,intent,calendar_set,social_post,0.3917474536280719
qwen-nf4-v2-calibrated,massive-test,massive-test-7946,intent,calendar_query,music_query,0.8188942220805464
qwen-nf4-v2-calibrated,massive-test,massive-test-7955,intent,calendar_set,alarm_set,0.377669051908698
qwen-nf4-v2-calibrated,massive-test,massive-test-7956,intent,calendar_set,calendar_query,0.1045735395190346
qwen-nf4-v2-calibrated,massive-test,massive-test-7966,intent,calendar_query,music_dislikeness,0.13726596364181815
qwen-nf4-v2-calibrated,massive-test,massive-test-7970,intent,calendar_set,alarm_set,0.09351244023700463
qwen-nf4-v2-calibrated,massive-test,massive-test-7971,intent,calendar_set,alarm_set,0.5664527211992713
qwen-nf4-v2-calibrated,massive-test,massive-test-7975,intent,calendar_query,iot_cleaning,0.3847577931453764
qwen-nf4-v2-calibrated,massive-test,massive-test-7980,intent,calendar_set,calendar_query,0.5543542802979354
qwen-nf4-v2-calibrated,massive-test,massive-test-7981,intent,calendar_set,calendar_query,0.3135809121067881
qwen-nf4-v2-calibrated,massive-test,massive-test-8004,intent,calendar_set,calendar_query,0.25114963121161343
qwen-nf4-v2-calibrated,massive-test,massive-test-8005,intent,calendar_set,calendar_query,0.5693897426991712
qwen-nf4-v2-calibrated,massive-test,massive-test-8035,intent,calendar_set,iot_hue_lighton,0.1151945410130388
qwen-nf4-v2-calibrated,massive-test,massive-test-8037,intent,calendar_set,alarm_query,0.39448077593972636
qwen-nf4-v2-calibrated,massive-test,massive-test-8073,intent,calendar_set,calendar_query,0.5821257848228856
qwen-nf4-v2-calibrated,massive-test,massive-test-8079,intent,calendar_set,alarm_set,0.5783720853264609
qwen-nf4-v2-calibrated,massive-test,massive-test-8085,intent,calendar_set,alarm_set,0.5077967710456018
qwen-nf4-v2-calibrated,massive-test,massive-test-8107,intent,calendar_set,alarm_set,0.42175728286740227
qwen-nf4-v2-calibrated,massive-test,massive-test-8126,intent,calendar_set,calendar_query,0.7337035762538823
qwen-nf4-v2-calibrated,massive-test,massive-test-8129,intent,calendar_query,iot_hue_lighton,0.10110119460715886
qwen-nf4-v2-calibrated,massive-test,massive-test-8140,intent,calendar_set,alarm_set,0.3473148432580939
qwen-nf4-v2-calibrated,massive-test,massive-test-8148,intent,calendar_query,lists_query,0.23568940966995253
qwen-nf4-v2-calibrated,massive-test,massive-test-8165,intent,calendar_query,alarm_set,0.2835731569807561
qwen-nf4-v2-calibrated,massive-test,massive-test-8188,intent,calendar_query,datetime_query,0.31237650571893083
qwen-nf4-v2-calibrated,massive-test,massive-test-8204,intent,calendar_set,alarm_remove,0.08670031098644743
qwen-nf4-v2-calibrated,massive-test,massive-test-8206,intent,calendar_set,lists_query,0.10562884644649848
qwen-nf4-v2-calibrated,massive-test,massive-test-8245,intent,calendar_set,calendar_query,0.3038067903097505
qwen-nf4-v2-calibrated,massive-test,massive-test-8251,intent,calendar_set,calendar_query,0.3581022908514837
qwen-nf4-v2-calibrated,massive-test,massive-test-8260,intent,calendar_set,alarm_set,0.2440142599301247
qwen-nf4-v2-calibrated,massive-test,massive-test-8261,intent,calendar_set,alarm_set,0.1288062391223187
qwen-nf4-v2-calibrated,massive-test,massive-test-8269,intent,calendar_set,alarm_set,0.3969309262705101
qwen-nf4-v2-calibrated,massive-test,massive-test-8280,intent,calendar_set,alarm_set,0.5791467995096045
qwen-nf4-v2-calibrated,massive-test,massive-test-8289,intent,calendar_set,calendar_query,0.4520761666861183
qwen-nf4-v2-calibrated,massive-test,massive-test-8290,intent,calendar_set,calendar_query,0.5492945320181021
qwen-nf4-v2-calibrated,massive-test,massive-test-8300,intent,calendar_set,calendar_query,0.5302319366241915
qwen-nf4-v2-calibrated,massive-test,massive-test-8308,intent,news_query,lists_query,0.14703227855509196
qwen-nf4-v2-calibrated,massive-test,massive-test-8320,intent,general_quirky,calendar_query,0.5523182058740027
qwen-nf4-v2-calibrated,massive-test,massive-test-8322,intent,general_quirky,calendar_query,0.5429996225026528
qwen-nf4-v2-calibrated,massive-test,massive-test-8336,intent,calendar_query,cooking_query,0.27941675536036625
qwen-nf4-v2-calibrated,massive-test,massive-test-8345,intent,calendar_set,calendar_query,0.6612004561945944
qwen-nf4-v2-calibrated,massive-test,massive-test-8347,intent,calendar_query,datetime_query,0.29536791881696023
qwen-nf4-v2-calibrated,massive-test,massive-test-8358,intent,calendar_set,alarm_query,0.24987345942197392
qwen-nf4-v2-calibrated,massive-test,massive-test-8366,intent,calendar_set,alarm_set,0.22915875110034203
qwen-nf4-v2-calibrated,massive-test,massive-test-8387,intent,calendar_set,alarm_set,0.6460591679762132
qwen-nf4-v2-calibrated,massive-test,massive-test-8388,intent,calendar_set,iot_hue_lighton,0.10834648667798133
qwen-nf4-v2-calibrated,massive-test,massive-test-8390,intent,calendar_set,calendar_query,0.4743577837370704
qwen-nf4-v2-calibrated,massive-test,massive-test-8394,intent,calendar_set,alarm_set,0.6074951244816787
qwen-nf4-v2-calibrated,massive-test,massive-test-8402,intent,general_quirky,calendar_query,0.4764542557046511
qwen-nf4-v2-calibrated,massive-test,massive-test-8413,intent,calendar_set,iot_hue_lighton,0.20466795519399714
qwen-nf4-v2-calibrated,massive-test,massive-test-8414,intent,calendar_set,alarm_set,0.4992872138832758
qwen-nf4-v2-calibrated,massive-test,massive-test-8415,intent,calendar_set,calendar_query,0.5443341896343961
qwen-nf4-v2-calibrated,massive-test,massive-test-8426,intent,calendar_query,news_query,0.7425248010774381
qwen-nf4-v2-calibrated,massive-test,massive-test-8430,intent,calendar_remove,calendar_query,0.3148817505618723
qwen-nf4-v2-calibrated,massive-test,massive-test-8436,intent,calendar_set,calendar_query,0.7217889528093814
qwen-nf4-v2-calibrated,massive-test,massive-test-8442,intent,calendar_set,calendar_query,0.42567244399168896
qwen-nf4-v2-calibrated,massive-test,massive-test-8449,intent,calendar_set,alarm_set,0.698178620910464
qwen-nf4-v2-calibrated,massive-test,massive-test-8453,intent,calendar_set,calendar_query,0.25912454804430834
qwen-nf4-v2-calibrated,massive-test,massive-test-8466,intent,calendar_set,calendar_query,0.3709690794333217
qwen-nf4-v2-calibrated,massive-test,massive-test-8474,intent,calendar_set,calendar_query,0.3941734985542533
qwen-nf4-v2-calibrated,massive-test,massive-test-8520,intent,calendar_set,calendar_query,0.39460878912004005
qwen-nf4-v2-calibrated,massive-test,massive-test-8535,intent,calendar_set,alarm_set,0.29018490214367604
qwen-nf4-v2-calibrated,massive-test,massive-test-8539,intent,calendar_set,alarm_query,0.2858439664858925
qwen-nf4-v2-calibrated,massive-test,massive-test-8541,intent,calendar_set,iot_hue_lighton,0.27975023840982466
qwen-nf4-v2-calibrated,massive-test,massive-test-8568,intent,calendar_set,calendar_query,0.2074187316025393
qwen-nf4-v2-calibrated,massive-test,massive-test-8570,intent,calendar_set,calendar_query,0.5605806086016103
qwen-nf4-v2-calibrated,massive-test,massive-test-8585,intent,calendar_set,calendar_query,0.3186140681950625
qwen-nf4-v2-calibrated,massive-test,massive-test-8598,intent,calendar_set,alarm_set,0.3591919844725153
qwen-nf4-v2-calibrated,massive-test,massive-test-8618,intent,calendar_set,iot_wemo_off,0.2559971846432012
qwen-nf4-v2-calibrated,massive-test,massive-test-8635,intent,calendar_set,lists_query,0.09830261313617968
qwen-nf4-v2-calibrated,massive-test,massive-test-8640,intent,calendar_set,calendar_query,0.6867904166006221
qwen-nf4-v2-calibrated,massive-test,massive-test-8651,intent,calendar_set,calendar_query,0.5711094159304428
qwen-nf4-v2-calibrated,massive-test,massive-test-8653,intent,calendar_set,alarm_set,0.32183931770402285
qwen-nf4-v2-calibrated,massive-test,massive-test-8672,intent,calendar_query,lists_query,0.08181946085809322
qwen-nf4-v2-calibrated,massive-test,massive-test-8679,intent,calendar_query,datetime_query,0.44222626130157855
qwen-nf4-v2-calibrated,massive-test,massive-test-8694,intent,calendar_set,calendar_query,0.16822949895068673
qwen-nf4-v2-calibrated,massive-test,massive-test-8730,intent,calendar_set,alarm_set,0.34007114856230625
qwen-nf4-v2-calibrated,massive-test,massive-test-8765,intent,calendar_set,alarm_set,0.2177515632889709
qwen-nf4-v2-calibrated,massive-test,massive-test-8791,intent,calendar_query,alarm_query,0.1729501217039674
qwen-nf4-v2-calibrated,massive-test,massive-test-8795,intent,calendar_query,alarm_query,0.16654693163886947
qwen-nf4-v2-calibrated,massive-test,massive-test-8822,intent,recommendation_events,calendar_query,0.5913952585698222
qwen-nf4-v2-calibrated,massive-test,massive-test-8825,intent,calendar_set,calendar_query,0.45573274379149364
qwen-nf4-v2-calibrated,massive-test,massive-test-8853,intent,calendar_remove,alarm_remove,0.3189724665046767
qwen-nf4-v2-calibrated,massive-test,massive-test-8857,intent,calendar_set,calendar_query,0.20640844916142642
qwen-nf4-v2-calibrated,massive-test,massive-test-8868,intent,calendar_set,alarm_set,0.6000297502641989
qwen-nf4-v2-calibrated,massive-test,massive-test-8880,intent,calendar_set,alarm_set,0.7520792216436663
qwen-nf4-v2-calibrated,massive-test,massive-test-8888,intent,calendar_remove,iot_hue_lightup,0.41455642862444403
qwen-nf4-v2-calibrated,massive-test,massive-test-8900,intent,calendar_set,alarm_set,0.6663420218830446
qwen-nf4-v2-calibrated,massive-test,massive-test-8906,intent,calendar_set,calendar_query,0.3330105994168399
qwen-nf4-v2-calibrated,massive-test,massive-test-8907,intent,calendar_set,calendar_query,0.6989125104470922
qwen-nf4-v2-calibrated,massive-test,massive-test-8939,intent,calendar_set,alarm_remove,0.10718333590443717
qwen-nf4-v2-calibrated,massive-test,massive-test-8948,intent,calendar_set,calendar_query,0.11766022080138284
qwen-nf4-v2-calibrated,massive-test,massive-test-8949,intent,calendar_remove,alarm_remove,0.4153657214453621
qwen-nf4-v2-calibrated,massive-test,massive-test-8960,intent,calendar_set,alarm_set,0.5786451447117642
qwen-nf4-v2-calibrated,massive-test,massive-test-8967,intent,calendar_set,alarm_set,0.40067917351469917
qwen-nf4-v2-calibrated,massive-test,massive-test-8968,intent,calendar_set,calendar_query,0.19911760973632484
qwen-nf4-v2-calibrated,massive-test,massive-test-8977,intent,calendar_set,lists_query,0.1848325970111885
qwen-nf4-v2-calibrated,massive-test,massive-test-8978,intent,calendar_set,calendar_query,0.4607868787561396
qwen-nf4-v2-calibrated,massive-test,massive-test-8990,intent,calendar_set,alarm_query,0.1729501217039674
qwen-nf4-v2-calibrated,massive-test,massive-test-8992,intent,calendar_set,calendar_query,0.4342556147722388
qwen-nf4-v2-calibrated,massive-test,massive-test-9011,intent,calendar_query,qa_factoid,0.12122414100821116
qwen-nf4-v2-calibrated,massive-test,massive-test-9014,intent,calendar_set,alarm_set,0.6166972959160176
qwen-nf4-v2-calibrated,massive-test,massive-test-9030,intent,calendar_remove,lists_remove,0.5987145631614224
qwen-nf4-v2-calibrated,massive-test,massive-test-9043,intent,calendar_set,calendar_query,0.5879978258898408
qwen-nf4-v2-calibrated,massive-test,massive-test-9054,intent,calendar_set,alarm_query,0.3318950731435715
qwen-nf4-v2-calibrated,massive-test,massive-test-9059,intent,calendar_set,alarm_query,0.1819894881499738
qwen-nf4-v2-calibrated,massive-test,massive-test-9062,intent,calendar_set,music_dislikeness,0.18128289207217288
qwen-nf4-v2-calibrated,massive-test,massive-test-9074,intent,calendar_remove,lists_remove,0.6467082160306954
qwen-nf4-v2-calibrated,massive-test,massive-test-9095,intent,calendar_remove,calendar_query,0.14757390148158664
qwen-nf4-v2-calibrated,massive-test,massive-test-9107,intent,calendar_query,music_query,0.6549838429524838
qwen-nf4-v2-calibrated,massive-test,massive-test-9110,intent,calendar_set,datetime_query,0.46795786362952085
qwen-nf4-v2-calibrated,massive-test,massive-test-9114,intent,calendar_set,alarm_set,0.6279849994772965
qwen-nf4-v2-calibrated,massive-test,massive-test-9124,intent,calendar_set,calendar_query,0.822430514413704
qwen-nf4-v2-calibrated,massive-test,massive-test-9138,intent,qa_factoid,calendar_query,0.1501472932438704
qwen-nf4-v2-calibrated,massive-test,massive-test-9153,intent,calendar_set,calendar_query,0.4599189146300326
qwen-nf4-v2-calibrated,massive-test,massive-test-9155,intent,calendar_set,calendar_query,0.35381162538690386
qwen-nf4-v2-calibrated,massive-test,massive-test-9156,intent,calendar_set,calendar_query,0.12992040847562036
qwen-nf4-v2-calibrated,massive-test,massive-test-9182,intent,calendar_remove,calendar_query,0.33843664717466865
qwen-nf4-v2-calibrated,massive-test,massive-test-9187,intent,calendar_set,calendar_query,0.47444318047678247
qwen-nf4-v2-calibrated,massive-test,massive-test-9193,intent,calendar_set,alarm_set,0.25471439702318494
qwen-nf4-v2-calibrated,massive-test,massive-test-9198,intent,calendar_query,alarm_query,0.22984883218017174
qwen-nf4-v2-calibrated,massive-test,massive-test-9202,intent,play_radio,play_music,0.3125916964704438
qwen-nf4-v2-calibrated,massive-test,massive-test-9216,intent,play_radio,play_music,0.3125916964704438
qwen-nf4-v2-calibrated,massive-test,massive-test-9233,intent,play_radio,play_audiobook,0.4633699510853827
qwen-nf4-v2-calibrated,massive-test,massive-test-9236,intent,play_radio,music_likeness,0.19422189497908515
qwen-nf4-v2-calibrated,massive-test,massive-test-9284,intent,play_radio,music_dislikeness,0.38895785275527817
qwen-nf4-v2-calibrated,massive-test,massive-test-9291,intent,play_radio,play_audiobook,0.20080141610859262
qwen-nf4-v2-calibrated,massive-test,massive-test-9301,intent,play_radio,music_likeness,0.26467652079991366
qwen-nf4-v2-calibrated,massive-test,massive-test-9305,intent,play_radio,music_likeness,0.290272609741583
qwen-nf4-v2-calibrated,massive-test,massive-test-9323,intent,play_radio,iot_hue_lighton,0.2608172046718305
qwen-nf4-v2-calibrated,massive-test,massive-test-9330,intent,play_radio,play_audiobook,0.20080141610859262
qwen-nf4-v2-calibrated,massive-test,massive-test-9353,intent,play_radio,play_music,0.4676302947399376
qwen-nf4-v2-calibrated,massive-test,massive-test-9364,intent,play_radio,music_likeness,0.36054022949022485
qwen-nf4-v2-calibrated,massive-test,massive-test-9406,intent,play_radio,play_music,0.3988844800815566
qwen-nf4-v2-calibrated,massive-test,massive-test-9426,intent,play_radio,music_likeness,0.26470181321699543
qwen-nf4-v2-calibrated,massive-test,massive-test-9471,intent,play_radio,play_music,0.24747986316873744
qwen-nf4-v2-calibrated,massive-test,massive-test-9519,intent,play_radio,play_music,0.4992500764654992
qwen-nf4-v2-calibrated,massive-test,massive-test-9545,intent,play_radio,play_music,0.30505526234615105
qwen-nf4-v2-calibrated,massive-test,massive-test-9554,intent,play_radio,music_likeness,0.2778538327874981
qwen-nf4-v2-calibrated,massive-test,massive-test-9562,intent,play_radio,play_music,0.5455199575297521
qwen-nf4-v2-calibrated,massive-test,massive-test-9565,intent,play_radio,music_dislikeness,0.47564316876161944
qwen-nf4-v2-calibrated,massive-test,massive-test-9568,intent,play_radio,play_music,0.2515663513063547
qwen-nf4-v2-calibrated,massive-test,massive-test-9569,intent,play_radio,play_music,0.2239865241945923
qwen-nf4-v2-calibrated,massive-test,massive-test-9617,intent,play_radio,play_music,0.26988797207885007
qwen-nf4-v2-calibrated,massive-test,massive-test-9630,intent,play_radio,play_music,0.5139736140497632
qwen-nf4-v2-calibrated,massive-test,massive-test-9640,intent,play_radio,play_music,0.5153150455865066
qwen-nf4-v2-calibrated,massive-test,massive-test-9651,intent,play_radio,play_music,0.31359342397650136
qwen-nf4-v2-calibrated,massive-test,massive-test-9669,intent,play_audiobook,music_likeness,0.5483497314940406
qwen-nf4-v2-calibrated,massive-test,massive-test-9678,intent,play_audiobook,music_dislikeness,0.13027470415201683
qwen-nf4-v2-calibrated,massive-test,massive-test-9680,intent,play_audiobook,play_music,0.5237618936668537
qwen-nf4-v2-calibrated,massive-test,massive-test-9694,intent,play_audiobook,play_music,0.30956202207507727
qwen-nf4-v2-calibrated,massive-test,massive-test-9700,intent,play_audiobook,play_music,0.3559376973970297
qwen-nf4-v2-calibrated,massive-test,massive-test-9718,intent,play_audiobook,play_music,0.2582968662820882
qwen-nf4-v2-calibrated,massive-test,massive-test-9720,intent,play_audiobook,play_music,0.13506819769018485
qwen-nf4-v2-calibrated,massive-test,massive-test-9746,intent,play_audiobook,play_music,0.45819768138679035
qwen-nf4-v2-calibrated,massive-test,massive-test-9760,intent,play_audiobook,music_dislikeness,0.2612668224896428
qwen-nf4-v2-calibrated,massive-test,massive-test-9761,intent,play_audiobook,alarm_query,0.10604862339615319
qwen-nf4-v2-calibrated,massive-test,massive-test-9793,intent,play_music,music_likeness,0.2771542751470001
qwen-nf4-v2-calibrated,massive-test,massive-test-9795,intent,play_music,music_dislikeness,0.549792248668227
qwen-nf4-v2-calibrated,massive-test,massive-test-9851,intent,play_audiobook,lists_query,0.10491688575227419
qwen-nf4-v2-calibrated,massive-test,massive-test-9855,intent,play_audiobook,play_music,0.5152114601549442
qwen-nf4-v2-calibrated,massive-test,massive-test-9856,intent,play_audiobook,play_music,0.49639837755039895
qwen-nf4-v2-calibrated,massive-test,massive-test-9857,intent,play_audiobook,play_music,0.3770530854816588
qwen-nf4-v2-calibrated,massive-test,massive-test-9875,intent,play_audiobook,lists_query,0.11948886460583738
qwen-nf4-v2-calibrated,massive-test,massive-test-9885,intent,play_audiobook,play_music,0.40530532138808195
qwen-nf4-v2-calibrated,massive-test,massive-test-9895,intent,play_audiobook,play_music,0.36368780487839597
qwen-nf4-v2-calibrated,massive-test,massive-test-9896,intent,play_audiobook,alarm_remove,0.09864832045154646
qwen-nf4-v2-calibrated,massive-test,massive-test-9897,intent,play_audiobook,music_dislikeness,0.2531182335095391
qwen-nf4-v2-calibrated,massive-test,massive-test-9912,intent,cooking_recipe,cooking_query,0.5166051848225128
qwen-nf4-v2-calibrated,massive-test,massive-test-9923,intent,cooking_recipe,cooking_query,0.48473415595608055
qwen-nf4-v2-calibrated,massive-test,massive-test-9930,intent,cooking_recipe,cooking_query,0.4919613921003124
qwen-nf4-v2-calibrated,massive-test,massive-test-9931,intent,cooking_recipe,cooking_query,0.48445230826898283
qwen-nf4-v2-calibrated,massive-test,massive-test-9941,intent,cooking_recipe,cooking_query,0.49857261556783006
qwen-nf4-v2-calibrated,massive-test,massive-test-9952,intent,cooking_recipe,cooking_query,0.4588803052529698
qwen-nf4-v2-calibrated,massive-test,massive-test-9956,intent,cooking_recipe,iot_hue_lighton,0.0978123910717605
qwen-nf4-v2-calibrated,massive-test,massive-test-9961,intent,cooking_recipe,cooking_query,0.5993391400559535
qwen-nf4-v2-calibrated,massive-test,massive-test-9964,intent,cooking_recipe,cooking_query,0.31181244996135743
qwen-nf4-v2-calibrated,massive-test,massive-test-9969,intent,cooking_recipe,cooking_query,0.4267562025105703
qwen-nf4-v2-calibrated,massive-test,massive-test-9971,intent,cooking_recipe,cooking_query,0.6630728032457666
qwen-nf4-v2-calibrated,massive-test,massive-test-9979,intent,cooking_recipe,music_settings,0.33544961186572503
qwen-nf4-v2-calibrated,massive-test,massive-test-9980,intent,cooking_recipe,cooking_query,0.41068885900360996
qwen-nf4-v2-calibrated,massive-test,massive-test-9986,intent,cooking_recipe,iot_hue_lightup,0.11053039111767878
qwen-nf4-v2-calibrated,massive-test,massive-test-10016,intent,cooking_recipe,lists_query,0.08600539583133482
qwen-nf4-v2-calibrated,massive-test,massive-test-10019,intent,cooking_recipe,cooking_query,0.27512183171949406
qwen-nf4-v2-calibrated,massive-test,massive-test-10027,intent,cooking_recipe,music_settings,0.38151976183159453
qwen-nf4-v2-calibrated,massive-test,massive-test-10038,intent,cooking_recipe,cooking_query,0.5221536257758782
qwen-nf4-v2-calibrated,massive-test,massive-test-10048,intent,cooking_recipe,music_settings,0.3841916225567204
qwen-nf4-v2-calibrated,massive-test,massive-test-10053,intent,cooking_recipe,music_settings,0.39376729364620544
qwen-nf4-v2-calibrated,massive-test,massive-test-10061,intent,cooking_recipe,cooking_query,0.4807743097478578
qwen-nf4-v2-calibrated,massive-test,massive-test-10072,intent,cooking_recipe,music_settings,0.43577790534420274
qwen-nf4-v2-calibrated,massive-test,massive-test-10076,intent,cooking_recipe,music_settings,0.33792220016899216
qwen-nf4-v2-calibrated,massive-test,massive-test-10078,intent,cooking_recipe,cooking_query,0.44052251012529736
qwen-nf4-v2-calibrated,massive-test,massive-test-10080,intent,cooking_recipe,music_settings,0.38042931776217054
qwen-nf4-v2-calibrated,massive-test,massive-test-10081,intent,cooking_recipe,music_settings,0.39146040723508335
qwen-nf4-v2-calibrated,massive-test,massive-test-10093,intent,cooking_recipe,cooking_query,0.14594312707669285
qwen-nf4-v2-calibrated,massive-test,massive-test-10097,intent,cooking_recipe,news_query,0.12389258857999641
qwen-nf4-v2-calibrated,massive-test,massive-test-10105,intent,cooking_recipe,cooking_query,0.6602639645169696
qwen-nf4-v2-calibrated,massive-test,massive-test-10119,intent,cooking_recipe,iot_hue_lighton,0.18395017842363143
qwen-nf4-v2-calibrated,massive-test,massive-test-10125,intent,cooking_recipe,cooking_query,0.3675439779285617
qwen-nf4-v2-calibrated,massive-test,massive-test-10132,intent,cooking_recipe,cooking_query,0.6764593302761074
qwen-nf4-v2-calibrated,massive-test,massive-test-10164,intent,cooking_recipe,cooking_query,0.3944307084640591
qwen-nf4-v2-calibrated,massive-test,massive-test-10177,intent,cooking_recipe,cooking_query,0.3730674169047038
qwen-nf4-v2-calibrated,massive-test,massive-test-10206,intent,cooking_recipe,cooking_query,0.3959617877555161
qwen-nf4-v2-calibrated,massive-test,massive-test-10220,intent,cooking_recipe,cooking_query,0.3086853334590856
qwen-nf4-v2-calibrated,massive-test,massive-test-10224,intent,cooking_recipe,music_settings,0.2039732539220179
qwen-nf4-v2-calibrated,massive-test,massive-test-10256,intent,play_game,calendar_query,0.08306531997813807
qwen-nf4-v2-calibrated,massive-test,massive-test-10260,intent,play_game,iot_hue_lighton,0.057024419189002244
qwen-nf4-v2-calibrated,massive-test,massive-test-10286,intent,play_game,iot_hue_lighton,0.14809419646487923
qwen-nf4-v2-calibrated,massive-test,massive-test-10319,intent,play_game,music_dislikeness,0.11390669366144186
qwen-nf4-v2-calibrated,massive-test,massive-test-10323,intent,play_game,alarm_remove,0.0910253239609287
qwen-nf4-v2-calibrated,massive-test,massive-test-10335,intent,play_game,lists_query,0.09125774757584963
qwen-nf4-v2-calibrated,massive-test,massive-test-10349,intent,play_game,iot_hue_lightchange,0.13792464493796272
qwen-nf4-v2-calibrated,massive-test,massive-test-10353,intent,play_game,iot_hue_lighton,0.1362827209060328
qwen-nf4-v2-calibrated,massive-test,massive-test-10355,intent,play_game,lists_query,0.0845702472399227
qwen-nf4-v2-calibrated,massive-test,massive-test-10381,intent,play_game,lists_query,0.09154222568987694
qwen-nf4-v2-calibrated,massive-test,massive-test-10403,intent,play_game,iot_hue_lighton,0.18801710801409027
qwen-nf4-v2-calibrated,massive-test,massive-test-10426,intent,lists_query,music_dislikeness,0.14395587950734975
qwen-nf4-v2-calibrated,massive-test,massive-test-10444,intent,lists_remove,alarm_remove,0.30627501790396816
qwen-nf4-v2-calibrated,massive-test,massive-test-10451,intent,lists_query,calendar_query,0.6072381631023828
qwen-nf4-v2-calibrated,massive-test,massive-test-10497,intent,qa_factoid,lists_query,0.2341296388043859
qwen-nf4-v2-calibrated,massive-test,massive-test-10503,intent,lists_createoradd,calendar_query,0.3462336023267658
qwen-nf4-v2-calibrated,massive-test,massive-test-10512,intent,lists_query,calendar_query,0.1783876227277852
qwen-nf4-v2-calibrated,massive-test,massive-test-10525,intent,lists_remove,calendar_remove,0.527624808077807
qwen-nf4-v2-calibrated,massive-test,massive-test-10538,intent,lists_query,lists_createoradd,0.5044593867243856
qwen-nf4-v2-calibrated,massive-test,massive-test-10568,intent,lists_remove,music_dislikeness,0.45670399130228256
qwen-nf4-v2-calibrated,massive-test,massive-test-10571,intent,lists_query,iot_hue_lighton,0.21241412893926653
qwen-nf4-v2-calibrated,massive-test,massive-test-10579,intent,lists_remove,lists_query,0.4209626900239042
qwen-nf4-v2-calibrated,massive-test,massive-test-10600,intent,lists_createoradd,lists_query,0.555421447406024
qwen-nf4-v2-calibrated,massive-test,massive-test-10608,intent,lists_createoradd,alarm_query,0.24724000587945313
qwen-nf4-v2-calibrated,massive-test,massive-test-10621,intent,lists_createoradd,cooking_recipe,0.25953565812368984
qwen-nf4-v2-calibrated,massive-test,massive-test-10655,intent,lists_remove,lists_query,0.579607817959816
qwen-nf4-v2-calibrated,massive-test,massive-test-10667,intent,lists_query,calendar_query,0.2813829513639201
qwen-nf4-v2-calibrated,massive-test,massive-test-10687,intent,lists_remove,calendar_remove,0.5045821330598613
qwen-nf4-v2-calibrated,massive-test,massive-test-10696,intent,lists_remove,iot_hue_lighton,0.15803979269328527
qwen-nf4-v2-calibrated,massive-test,massive-test-10743,intent,lists_remove,iot_hue_lightup,0.3027269253855442
qwen-nf4-v2-calibrated,massive-test,massive-test-10759,intent,lists_query,lists_createoradd,0.4669280769477048
qwen-nf4-v2-calibrated,massive-test,massive-test-10776,intent,lists_query,lists_createoradd,0.44219497526012846
qwen-nf4-v2-calibrated,massive-test,massive-test-10816,intent,lists_createoradd,play_music,0.6575093497416151
qwen-nf4-v2-calibrated,massive-test,massive-test-10828,intent,lists_remove,alarm_remove,0.32144933672211284
qwen-nf4-v2-calibrated,massive-test,massive-test-10853,intent,lists_remove,music_dislikeness,0.14880056878872316
qwen-nf4-v2-calibrated,massive-test,massive-test-10893,intent,lists_createoradd,lists_query,0.4225252974468235
qwen-nf4-v2-calibrated,massive-test,massive-test-10909,intent,lists_query,lists_createoradd,0.4073890856057434
qwen-nf4-v2-calibrated,massive-test,massive-test-10936,intent,lists_remove,music_dislikeness,0.6667293600287644
qwen-nf4-v2-calibrated,massive-test,massive-test-10956,intent,lists_query,email_querycontact,0.43828282991920087
qwen-nf4-v2-calibrated,massive-test,massive-test-10970,intent,lists_remove,alarm_remove,0.206352200295562
qwen-nf4-v2-calibrated,massive-test,massive-test-11098,intent,lists_remove,calendar_remove,0.24690866550505194
qwen-nf4-v2-calibrated,massive-test,massive-test-11124,intent,lists_query,lists_createoradd,0.8511878047532474
qwen-nf4-v2-calibrated,massive-test,massive-test-11125,intent,lists_query,takeaway_query,0.4756123041069069
qwen-nf4-v2-calibrated,massive-test,massive-test-11140,intent,lists_createoradd,alarm_set,0.20451401044329892
qwen-nf4-v2-calibrated,massive-test,massive-test-11146,intent,lists_createoradd,email_addcontact,0.7777886486764553
qwen-nf4-v2-calibrated,massive-test,massive-test-11164,intent,lists_remove,lists_query,0.26519360599660813
qwen-nf4-v2-calibrated,massive-test,massive-test-11166,intent,lists_query,lists_createoradd,0.25181379603919263
qwen-nf4-v2-calibrated,massive-test,massive-test-11186,intent,lists_query,lists_createoradd,0.7045068362526558
qwen-nf4-v2-calibrated,massive-test,massive-test-11204,intent,lists_query,calendar_query,0.1267220400433386
qwen-nf4-v2-calibrated,massive-test,massive-test-11250,intent,lists_query,lists_createoradd,0.7163658195920696
qwen-nf4-v2-calibrated,massive-test,massive-test-11257,intent,play_podcasts,play_music,0.4086326804632502
qwen-nf4-v2-calibrated,massive-test,massive-test-11261,intent,play_podcasts,iot_hue_lighton,0.10060515107385236
qwen-nf4-v2-calibrated,massive-test,massive-test-11265,intent,play_podcasts,play_music,0.5531734173655793
qwen-nf4-v2-calibrated,massive-test,massive-test-11272,intent,play_podcasts,play_music,0.387432669695916
qwen-nf4-v2-calibrated,massive-test,massive-test-11273,intent,play_audiobook,play_music,0.5406882115929945
qwen-nf4-v2-calibrated,massive-test,massive-test-11306,intent,play_podcasts,play_music,0.367464177928605
qwen-nf4-v2-calibrated,massive-test,massive-test-11322,intent,play_podcasts,general_greet,0.4139024287290601
qwen-nf4-v2-calibrated,massive-test,massive-test-11343,intent,play_podcasts,general_joke,0.08385782488245036
qwen-nf4-v2-calibrated,massive-test,massive-test-11366,intent,play_podcasts,alarm_query,0.138366120853661
qwen-nf4-v2-calibrated,massive-test,massive-test-11417,intent,play_podcasts,alarm_remove,0.11936263600016107
qwen-nf4-v2-calibrated,massive-test,massive-test-11423,intent,play_podcasts,alarm_remove,0.09207012276862662
qwen-nf4-v2-calibrated,massive-test,massive-test-11424,intent,play_podcasts,lists_query,0.10520839984707787
qwen-nf4-v2-calibrated,massive-test,massive-test-11427,intent,play_podcasts,music_dislikeness,0.08844971990706059
qwen-nf4-v2-calibrated,massive-test,massive-test-11455,intent,play_podcasts,alarm_remove,0.0880906113872828
qwen-nf4-v2-calibrated,massive-test,massive-test-11483,intent,play_podcasts,play_music,0.22205258933040367
qwen-nf4-v2-calibrated,massive-test,massive-test-11502,intent,play_podcasts,iot_hue_lighton,0.07643081264389519
qwen-nf4-v2-calibrated,massive-test,massive-test-11546,intent,play_podcasts,calendar_query,0.14697838287959017
qwen-nf4-v2-calibrated,massive-test,massive-test-11563,intent,recommendation_events,calendar_query,0.33807759288279654
qwen-nf4-v2-calibrated,massive-test,massive-test-11570,intent,recommendation_events,calendar_query,0.2610815132344931
qwen-nf4-v2-calibrated,massive-test,massive-test-11582,intent,recommendation_events,recommendation_locations,0.6393467099697971
qwen-nf4-v2-calibrated,massive-test,massive-test-11585,intent,recommendation_events,lists_query,0.08721749492987954
qwen-nf4-v2-calibrated,massive-test,massive-test-11598,intent,recommendation_events,music_query,0.13891786080849114
qwen-nf4-v2-calibrated,massive-test,massive-test-11600,intent,recommendation_events,recommendation_movies,0.799110166533568
qwen-nf4-v2-calibrated,massive-test,massive-test-11610,intent,recommendation_events,lists_query,0.12751276323848856
qwen-nf4-v2-calibrated,massive-test,massive-test-11612,intent,recommendation_events,lists_query,0.13959763814119822
qwen-nf4-v2-calibrated,massive-test,massive-test-11616,intent,recommendation_events,calendar_query,0.22744423825670573
qwen-nf4-v2-calibrated,massive-test,massive-test-11628,intent,recommendation_locations,lists_query,0.12567836898437812
qwen-nf4-v2-calibrated,massive-test,massive-test-11643,intent,recommendation_events,calendar_query,0.13411366321329285
qwen-nf4-v2-calibrated,massive-test,massive-test-11644,intent,recommendation_events,calendar_query,0.11078444827777799
qwen-nf4-v2-calibrated,massive-test,massive-test-11650,intent,recommendation_events,lists_query,0.12214741554816315
qwen-nf4-v2-calibrated,massive-test,massive-test-11665,intent,recommendation_locations,lists_query,0.0650635459120909
qwen-nf4-v2-calibrated,massive-test,massive-test-11677,intent,recommendation_locations,cooking_recipe,0.316212268964878
qwen-nf4-v2-calibrated,massive-test,massive-test-11681,intent,recommendation_events,calendar_query,0.22138878255433805
qwen-nf4-v2-calibrated,massive-test,massive-test-11685,intent,recommendation_events,general_greet,0.1701956868971967
qwen-nf4-v2-calibrated,massive-test,massive-test-11700,intent,recommendation_locations,cooking_recipe,0.13912368824967214
qwen-nf4-v2-calibrated,massive-test,massive-test-11705,intent,recommendation_events,lists_query,0.17148270660802714
qwen-nf4-v2-calibrated,massive-test,massive-test-11720,intent,recommendation_events,iot_hue_lighton,0.10250621979075533
qwen-nf4-v2-calibrated,massive-test,massive-test-11751,intent,recommendation_locations,lists_query,0.09922618595287451
qwen-nf4-v2-calibrated,massive-test,massive-test-11764,intent,recommendation_movies,lists_query,0.08340817401090292
qwen-nf4-v2-calibrated,massive-test,massive-test-11767,intent,recommendation_events,calendar_query,0.45768583325853446
qwen-nf4-v2-calibrated,massive-test,massive-test-11770,intent,recommendation_events,calendar_query,0.21982538083087633
qwen-nf4-v2-calibrated,massive-test,massive-test-11796,intent,recommendation_locations,lists_query,0.10530510775465766
qwen-nf4-v2-calibrated,massive-test,massive-test-11798,intent,recommendation_events,calendar_query,0.28715280918548036
qwen-nf4-v2-calibrated,massive-test,massive-test-11825,intent,recommendation_locations,lists_query,0.09656181290475538
qwen-nf4-v2-calibrated,massive-test,massive-test-11827,intent,recommendation_events,calendar_query,0.11407807398346193
qwen-nf4-v2-calibrated,massive-test,massive-test-11839,intent,recommendation_events,recommendation_locations,0.36129253845210463
qwen-nf4-v2-calibrated,massive-test,massive-test-11841,intent,recommendation_events,recommendation_locations,0.5341658828375039
qwen-nf4-v2-calibrated,massive-test,massive-test-11844,intent,recommendation_events,recommendation_locations,0.36531937352259186
qwen-nf4-v2-calibrated,massive-test,massive-test-11845,intent,recommendation_events,recommendation_locations,0.13993053175570416
qwen-nf4-v2-calibrated,massive-test,massive-test-11860,intent,recommendation_events,calendar_query,0.13273407591689682
qwen-nf4-v2-calibrated,massive-test,massive-test-11867,intent,recommendation_events,calendar_query,0.18644391156799694
qwen-nf4-v2-calibrated,massive-test,massive-test-11875,intent,recommendation_events,cooking_query,0.24659953268557291
qwen-nf4-v2-calibrated,massive-test,massive-test-11903,intent,recommendation_locations,alarm_query,0.08824845956525315
qwen-nf4-v2-calibrated,massive-test,massive-test-11904,intent,recommendation_events,calendar_query,0.4875237891837967
qwen-nf4-v2-calibrated,massive-test,massive-test-11905,intent,recommendation_events,calendar_query,0.652642477445796
qwen-nf4-v2-calibrated,massive-test,massive-test-11911,intent,recommendation_events,recommendation_locations,0.26720385407165226
qwen-nf4-v2-calibrated,massive-test,massive-test-11914,intent,iot_coffee,lists_query,0.08284629987303219
qwen-nf4-v2-calibrated,massive-test,massive-test-11916,intent,recommendation_events,recommendation_locations,0.6311116983738746
qwen-nf4-v2-calibrated,massive-test,massive-test-11922,intent,recommendation_locations,cooking_recipe,0.2767330387355572
qwen-nf4-v2-calibrated,massive-test,massive-test-11932,intent,recommendation_movies,calendar_query,0.6308477186524208
qwen-nf4-v2-calibrated,massive-test,massive-test-11947,intent,recommendation_locations,cooking_recipe,0.14728316541220648
qwen-nf4-v2-calibrated,massive-test,massive-test-11953,intent,recommendation_locations,alarm_remove,0.10779051967697954
qwen-nf4-v2-calibrated,massive-test,massive-test-11954,intent,recommendation_locations,recommendation_movies,0.7525900736786885
qwen-nf4-v2-calibrated,massive-test,massive-test-11969,intent,recommendation_events,calendar_query,0.2554578920039249
qwen-nf4-v2-calibrated,massive-test,massive-test-11999,intent,recommendation_events,calendar_query,0.4473130527982725
qwen-nf4-v2-calibrated,massive-test,massive-test-12019,intent,recommendation_locations,news_query,0.08978589723146525
qwen-nf4-v2-calibrated,massive-test,massive-test-12051,intent,recommendation_locations,lists_query,0.17014860715409968
qwen-nf4-v2-calibrated,massive-test,massive-test-12054,intent,recommendation_events,calendar_query,0.13285334308257787
qwen-nf4-v2-calibrated,massive-test,massive-test-12070,intent,recommendation_events,calendar_query,0.08345209691376834
qwen-nf4-v2-calibrated,massive-test,massive-test-12073,intent,recommendation_events,calendar_query,0.3950985561943483
qwen-nf4-v2-calibrated,massive-test,massive-test-12098,intent,recommendation_events,music_likeness,0.26313977097351265
qwen-nf4-v2-calibrated,massive-test,massive-test-12104,intent,recommendation_movies,lists_query,0.10950111031157209
qwen-nf4-v2-calibrated,massive-test,massive-test-12127,intent,transport_ticket,alarm_set,0.3549796362124647
qwen-nf4-v2-calibrated,massive-test,massive-test-12150,intent,transport_ticket,lists_query,0.11853168802917964
qwen-nf4-v2-calibrated,massive-test,massive-test-12160,intent,transport_taxi,calendar_query,0.2215511575071708
qwen-nf4-v2-calibrated,massive-test,massive-test-12162,intent,transport_ticket,audio_volume_mute,0.11041360487370164
qwen-nf4-v2-calibrated,massive-test,massive-test-12182,intent,transport_traffic,alarm_query,0.11135294372667069
qwen-nf4-v2-calibrated,massive-test,massive-test-12233,intent,transport_ticket,lists_query,0.14542636657015187
qwen-nf4-v2-calibrated,massive-test,massive-test-12235,intent,transport_ticket,lists_query,0.13406709282995602
qwen-nf4-v2-calibrated,massive-test,massive-test-12240,intent,transport_query,transport_traffic,0.23302710665185883
qwen-nf4-v2-calibrated,massive-test,massive-test-12248,intent,transport_taxi,iot_wemo_off,0.2146226754926199
qwen-nf4-v2-calibrated,massive-test,massive-test-12252,intent,transport_query,alarm_remove,0.10014415718347454
qwen-nf4-v2-calibrated,massive-test,massive-test-12254,intent,transport_traffic,transport_query,0.2922227724427849
qwen-nf4-v2-calibrated,massive-test,massive-test-12256,intent,transport_traffic,calendar_query,0.09236796897517571
qwen-nf4-v2-calibrated,massive-test,massive-test-12261,intent,transport_query,lists_query,0.2474156720897628
qwen-nf4-v2-calibrated,massive-test,massive-test-12263,intent,transport_query,calendar_query,0.11849983025237411
qwen-nf4-v2-calibrated,massive-test,massive-test-12264,intent,transport_query,calendar_query,0.08769463136924346
qwen-nf4-v2-calibrated,massive-test,massive-test-12289,intent,transport_traffic,music_dislikeness,0.3653376705687487
qwen-nf4-v2-calibrated,massive-test,massive-test-12291,intent,transport_ticket,alarm_remove,0.1142672366994795
qwen-nf4-v2-calibrated,massive-test,massive-test-12293,intent,transport_ticket,lists_query,0.12278038812173943
qwen-nf4-v2-calibrated,massive-test,massive-test-12310,intent,transport_query,lists_query,0.30748104002755433
qwen-nf4-v2-calibrated,massive-test,massive-test-12354,intent,transport_query,calendar_query,0.07801551877297425
qwen-nf4-v2-calibrated,massive-test,massive-test-12376,intent,transport_query,lists_query,0.1416560274117188
qwen-nf4-v2-calibrated,massive-test,massive-test-12377,intent,transport_taxi,iot_wemo_off,0.1904699735841048
qwen-nf4-v2-calibrated,massive-test,massive-test-12392,intent,transport_query,calendar_query,0.20265928467517727
qwen-nf4-v2-calibrated,massive-test,massive-test-12409,intent,recommendation_locations,lists_query,0.13862739556329995
qwen-nf4-v2-calibrated,massive-test,massive-test-12430,intent,transport_query,lists_query,0.08366389764376032
qwen-nf4-v2-calibrated,massive-test,massive-test-12436,intent,transport_query,alarm_remove,0.08752303703534955
qwen-nf4-v2-calibrated,massive-test,massive-test-12452,intent,transport_taxi,iot_wemo_off,0.20811695430037877
qwen-nf4-v2-calibrated,massive-test,massive-test-12453,intent,transport_ticket,lists_query,0.08325905101168875
qwen-nf4-v2-calibrated,massive-test,massive-test-12468,intent,transport_ticket,lists_query,0.14430845763541986
qwen-nf4-v2-calibrated,massive-test,massive-test-12469,intent,transport_ticket,lists_query,0.1350856683055953
qwen-nf4-v2-calibrated,massive-test,massive-test-12473,intent,transport_query,calendar_query,0.14422883741233808
qwen-nf4-v2-calibrated,massive-test,massive-test-12526,intent,transport_query,alarm_remove,0.1209466038439174
qwen-nf4-v2-calibrated,massive-test,massive-test-12548,intent,transport_taxi,music_dislikeness,0.12139946794351342
qwen-nf4-v2-calibrated,massive-test,massive-test-12581,intent,transport_query,calendar_query,0.1947890386404363
qwen-nf4-v2-calibrated,massive-test,massive-test-12582,intent,transport_query,lists_query,0.0816572241890837
qwen-nf4-v2-calibrated,massive-test,massive-test-12604,intent,transport_query,transport_ticket,0.13476786595349202
qwen-nf4-v2-calibrated,massive-test,massive-test-12618,intent,transport_query,transport_ticket,0.1337364922332515
qwen-nf4-v2-calibrated,massive-test,massive-test-12623,intent,transport_query,calendar_query,0.11164952759178619
qwen-nf4-v2-calibrated,massive-test,massive-test-12629,intent,transport_query,calendar_query,0.10207920251918207
qwen-nf4-v2-calibrated,massive-test,massive-test-12672,intent,transport_traffic,lists_remove,0.16122417935272693
qwen-nf4-v2-calibrated,massive-test,massive-test-12675,intent,transport_traffic,recommendation_locations,0.2297989070038526
qwen-nf4-v2-calibrated,massive-test,massive-test-12693,intent,transport_traffic,transport_query,0.6929515165559637
qwen-nf4-v2-calibrated,massive-test,massive-test-12707,intent,transport_query,calendar_query,0.18905577592542697
qwen-nf4-v2-calibrated,massive-test,massive-test-12716,intent,transport_taxi,iot_wemo_off,0.16127879484156604
qwen-nf4-v2-calibrated,massive-test,massive-test-12723,intent,transport_ticket,lists_query,0.09859604096614831
qwen-nf4-v2-calibrated,massive-test,massive-test-12724,intent,transport_ticket,lists_query,0.10670696213385554
qwen-nf4-v2-calibrated,massive-test,massive-test-12736,intent,transport_traffic,lists_remove,0.16886111510483076
qwen-nf4-v2-calibrated,massive-test,massive-test-12759,intent,transport_query,alarm_set,0.13708817764206183
qwen-nf4-v2-calibrated,massive-test,massive-test-12779,intent,transport_taxi,iot_wemo_off,0.23230090607394377
qwen-nf4-v2-calibrated,massive-test,massive-test-12800,intent,transport_query,alarm_remove,0.09921495570853256
qwen-nf4-v2-calibrated,massive-test,massive-test-12802,intent,transport_ticket,lists_query,0.12982125615783485
qwen-nf4-v2-calibrated,massive-test,massive-test-12813,intent,transport_ticket,alarm_remove,0.09793155524136812
qwen-nf4-v2-calibrated,massive-test,massive-test-12818,intent,transport_query,lists_query,0.13500243740911855
qwen-nf4-v2-calibrated,massive-test,massive-test-12835,intent,transport_query,alarm_remove,0.09513455438483623
qwen-nf4-v2-calibrated,massive-test,massive-test-12839,intent,transport_query,recommendation_locations,0.6961726074829422
qwen-nf4-v2-calibrated,massive-test,massive-test-12851,intent,transport_query,lists_query,0.1224117467302157
qwen-nf4-v2-calibrated,massive-test,massive-test-12866,intent,transport_query,alarm_remove,0.07156416824060474
qwen-nf4-v2-calibrated,massive-test,massive-test-12869,intent,transport_traffic,lists_remove,0.10849337999840085
qwen-nf4-v2-calibrated,massive-test,massive-test-12873,intent,transport_ticket,lists_query,0.15939754922602564
qwen-nf4-v2-calibrated,massive-test,massive-test-12874,intent,transport_ticket,lists_query,0.13435584788785446
qwen-nf4-v2-calibrated,massive-test,massive-test-12930,intent,transport_query,recommendation_locations,0.20607371598938493
qwen-nf4-v2-calibrated,massive-test,massive-test-12932,intent,transport_query,lists_query,0.10506304976110013
qwen-nf4-v2-calibrated,massive-test,massive-test-12951,intent,qa_factoid,lists_query,0.09788291881583422
qwen-nf4-v2-calibrated,massive-test,massive-test-12972,intent,qa_factoid,lists_query,0.12273322869218001
qwen-nf4-v2-calibrated,massive-test,massive-test-12987,intent,general_quirky,music_dislikeness,0.20265780366636324
qwen-nf4-v2-calibrated,massive-test,massive-test-12999,intent,qa_factoid,music_query,0.5083242627907991
qwen-nf4-v2-calibrated,massive-test,massive-test-13031,intent,recommendation_locations,cooking_recipe,0.23614500902562457
qwen-nf4-v2-calibrated,massive-test,massive-test-13043,intent,lists_createoradd,news_query,0.18313122795103184
qwen-nf4-v2-calibrated,massive-test,massive-test-13044,intent,general_quirky,music_query,0.5422760562367185
qwen-nf4-v2-calibrated,massive-test,massive-test-13064,intent,general_quirky,lists_query,0.11183958467323936
qwen-nf4-v2-calibrated,massive-test,massive-test-13067,intent,general_quirky,cooking_query,0.39275996155212334
qwen-nf4-v2-calibrated,massive-test,massive-test-13074,intent,qa_factoid,calendar_query,0.23382109740499513
qwen-nf4-v2-calibrated,massive-test,massive-test-13077,intent,qa_factoid,calendar_query,0.13977510207407642
qwen-nf4-v2-calibrated,massive-test,massive-test-13078,intent,qa_factoid,lists_query,0.12621149336904605
qwen-nf4-v2-calibrated,massive-test,massive-test-13083,intent,general_quirky,music_dislikeness,0.07688499648540185
qwen-nf4-v2-calibrated,massive-test,massive-test-13099,intent,qa_factoid,lists_query,0.12305169403544065
qwen-nf4-v2-calibrated,massive-test,massive-test-13124,intent,qa_factoid,iot_hue_lighton,0.08012211355746465
qwen-nf4-v2-calibrated,massive-test,massive-test-13135,intent,qa_factoid,music_dislikeness,0.13890905567369058
qwen-nf4-v2-calibrated,massive-test,massive-test-13140,intent,qa_definition,weather_query,0.19277453861793
qwen-nf4-v2-calibrated,massive-test,massive-test-13150,intent,general_quirky,music_likeness,0.1130976297174468
qwen-nf4-v2-calibrated,massive-test,massive-test-13154,intent,qa_factoid,lists_query,0.11913450304292689
qwen-nf4-v2-calibrated,massive-test,massive-test-13175,intent,general_quirky,calendar_query,0.32352670668491
qwen-nf4-v2-calibrated,massive-test,massive-test-13177,intent,calendar_set,music_dislikeness,0.1147239380153056
qwen-nf4-v2-calibrated,massive-test,massive-test-13178,intent,calendar_set,lists_query,0.13192574924834363
qwen-nf4-v2-calibrated,massive-test,massive-test-13186,intent,general_quirky,general_greet,0.5305505081326036
qwen-nf4-v2-calibrated,massive-test,massive-test-13188,intent,news_query,lists_query,0.17321097415343664
qwen-nf4-v2-calibrated,massive-test,massive-test-13197,intent,general_quirky,lists_query,0.11511268318265104
qwen-nf4-v2-calibrated,massive-test,massive-test-13206,intent,qa_definition,alarm_query,0.0907255703706127
qwen-nf4-v2-calibrated,massive-test,massive-test-13222,intent,general_quirky,lists_query,0.142438933089092
qwen-nf4-v2-calibrated,massive-test,massive-test-13242,intent,general_quirky,cooking_recipe,0.7641948915999152
qwen-nf4-v2-calibrated,massive-test,massive-test-13255,intent,qa_factoid,lists_query,0.15306559070216744
qwen-nf4-v2-calibrated,massive-test,massive-test-13283,intent,qa_factoid,alarm_remove,0.11584243693705923
qwen-nf4-v2-calibrated,massive-test,massive-test-13297,intent,qa_factoid,music_dislikeness,0.13998787024351503
qwen-nf4-v2-calibrated,massive-test,massive-test-13298,intent,qa_factoid,alarm_remove,0.08540120820866473
qwen-nf4-v2-calibrated,massive-test,massive-test-13303,intent,general_quirky,cooking_query,0.49353940273278474
qwen-nf4-v2-calibrated,massive-test,massive-test-13312,intent,qa_maths,qa_currency,0.2711168459124735
qwen-nf4-v2-calibrated,massive-test,massive-test-13318,intent,recommendation_locations,cooking_recipe,0.1729039063744655
qwen-nf4-v2-calibrated,massive-test,massive-test-13330,intent,qa_factoid,lists_query,0.09707725864782604
qwen-nf4-v2-calibrated,massive-test,massive-test-13340,intent,general_quirky,qa_maths,0.23215195393580765
qwen-nf4-v2-calibrated,massive-test,massive-test-13341,intent,general_quirky,music_likeness,0.38857144813013034
qwen-nf4-v2-calibrated,massive-test,massive-test-13342,intent,general_quirky,lists_query,0.3830877877712595
qwen-nf4-v2-calibrated,massive-test,massive-test-13346,intent,general_quirky,qa_maths,0.358540246867383
qwen-nf4-v2-calibrated,massive-test,massive-test-13363,intent,general_quirky,calendar_query,0.21455583950476148
qwen-nf4-v2-calibrated,massive-test,massive-test-13372,intent,general_quirky,music_query,0.14064054939318818
qwen-nf4-v2-calibrated,massive-test,massive-test-13404,intent,general_quirky,lists_query,0.1308657800010691
qwen-nf4-v2-calibrated,massive-test,massive-test-13407,intent,general_quirky,lists_query,0.14942035798822192
qwen-nf4-v2-calibrated,massive-test,massive-test-13439,intent,qa_factoid,music_dislikeness,0.12640522736677834
qwen-nf4-v2-calibrated,massive-test,massive-test-13451,intent,general_quirky,lists_query,0.0966937513478938
qwen-nf4-v2-calibrated,massive-test,massive-test-13457,intent,calendar_set,alarm_set,0.5536695597404073
qwen-nf4-v2-calibrated,massive-test,massive-test-13464,intent,general_quirky,calendar_query,0.2517952451616302
qwen-nf4-v2-calibrated,massive-test,massive-test-13467,intent,general_quirky,music_dislikeness,0.18853805633774384
qwen-nf4-v2-calibrated,massive-test,massive-test-13473,intent,qa_factoid,lists_query,0.15563405180862944
qwen-nf4-v2-calibrated,massive-test,massive-test-13486,intent,general_quirky,lists_query,0.3289584136941818
qwen-nf4-v2-calibrated,massive-test,massive-test-13491,intent,general_quirky,lists_query,0.13254129768459372
qwen-nf4-v2-calibrated,massive-test,massive-test-13513,intent,qa_factoid,lists_query,0.08669722868692693
qwen-nf4-v2-calibrated,massive-test,massive-test-13516,intent,qa_factoid,general_quirky,0.25759426097315297
qwen-nf4-v2-calibrated,massive-test,massive-test-13521,intent,general_quirky,lists_query,0.089741473731666
qwen-nf4-v2-calibrated,massive-test,massive-test-13524,intent,general_quirky,lists_query,0.08837979527290576
qwen-nf4-v2-calibrated,massive-test,massive-test-13536,intent,general_quirky,music_dislikeness,0.19155240683445154
qwen-nf4-v2-calibrated,massive-test,massive-test-13546,intent,qa_factoid,recommendation_movies,0.4590584017357228
qwen-nf4-v2-calibrated,massive-test,massive-test-13547,intent,general_quirky,calendar_query,0.12575781460330876
qwen-nf4-v2-calibrated,massive-test,massive-test-13548,intent,iot_wemo_on,iot_hue_lighton,0.4807395966764131
qwen-nf4-v2-calibrated,massive-test,massive-test-13554,intent,qa_factoid,lists_query,0.12086964632056506
qwen-nf4-v2-calibrated,massive-test,massive-test-13575,intent,qa_factoid,recommendation_movies,0.42013528422234364
qwen-nf4-v2-calibrated,massive-test,massive-test-13580,intent,qa_factoid,lists_query,0.16040865611028474
qwen-nf4-v2-calibrated,massive-test,massive-test-13592,intent,qa_factoid,lists_query,0.13891270247380058
qwen-nf4-v2-calibrated,massive-test,massive-test-13607,intent,qa_factoid,lists_query,0.15080967676531332
qwen-nf4-v2-calibrated,massive-test,massive-test-13616,intent,qa_factoid,recommendation_locations,0.2986647361799663
qwen-nf4-v2-calibrated,massive-test,massive-test-13618,intent,general_quirky,alarm_set,0.08734020955018766
qwen-nf4-v2-calibrated,massive-test,massive-test-13619,intent,recommendation_events,recommendation_locations,0.28579443321123543
qwen-nf4-v2-calibrated,massive-test,massive-test-13625,intent,qa_definition,lists_query,0.10294580029469594
qwen-nf4-v2-calibrated,massive-test,massive-test-13636,intent,qa_factoid,calendar_query,0.11954283769358523
qwen-nf4-v2-calibrated,massive-test,massive-test-13679,intent,qa_factoid,general_quirky,0.405435119217998
qwen-nf4-v2-calibrated,massive-test,massive-test-13681,intent,qa_factoid,music_query,0.48287599986274876
qwen-nf4-v2-calibrated,massive-test,massive-test-13683,intent,qa_factoid,lists_query,0.18541755599320361
qwen-nf4-v2-calibrated,massive-test,massive-test-13690,intent,qa_factoid,iot_hue_lightchange,0.2725791522666319
qwen-nf4-v2-calibrated,massive-test,massive-test-13693,intent,qa_factoid,datetime_convert,0.11594434325409819
qwen-nf4-v2-calibrated,massive-test,massive-test-13694,intent,general_quirky,lists_query,0.14439338180343647
qwen-nf4-v2-calibrated,massive-test,massive-test-13706,intent,qa_definition,lists_query,0.08188735475003879
qwen-nf4-v2-calibrated,massive-test,massive-test-13717,intent,qa_factoid,general_quirky,0.16751550356098688
qwen-nf4-v2-calibrated,massive-test,massive-test-13744,intent,general_quirky,lists_query,0.14075773477998638
qwen-nf4-v2-calibrated,massive-test,massive-test-13758,intent,qa_factoid,lists_query,0.13246093361520034
qwen-nf4-v2-calibrated,massive-test,massive-test-13761,intent,qa_factoid,qa_definition,0.4123944712820145
qwen-nf4-v2-calibrated,massive-test,massive-test-13774,intent,qa_factoid,lists_query,0.15518580416309002
qwen-nf4-v2-calibrated,massive-test,massive-test-13777,intent,qa_definition,lists_query,0.1400140665966918
qwen-nf4-v2-calibrated,massive-test,massive-test-13780,intent,qa_factoid,calendar_query,0.19738536556949374
qwen-nf4-v2-calibrated,massive-test,massive-test-13823,intent,qa_factoid,iot_hue_lighton,0.07979600782539839
qwen-nf4-v2-calibrated,massive-test,massive-test-13854,intent,qa_factoid,music_query,0.4621615944082587
qwen-nf4-v2-calibrated,massive-test,massive-test-13858,intent,qa_stock,lists_query,0.24401893264285593
qwen-nf4-v2-calibrated,massive-test,massive-test-13867,intent,qa_factoid,lists_query,0.07821686794828264
qwen-nf4-v2-calibrated,massive-test,massive-test-13869,intent,qa_factoid,lists_query,0.15929794985176587
qwen-nf4-v2-calibrated,massive-test,massive-test-13871,intent,qa_definition,calendar_query,0.07955826024560826
qwen-nf4-v2-calibrated,massive-test,massive-test-13881,intent,qa_factoid,music_query,0.6405616276309101
qwen-nf4-v2-calibrated,massive-test,massive-test-13888,intent,qa_factoid,weather_query,0.5185143785666142
qwen-nf4-v2-calibrated,massive-test,massive-test-13895,intent,qa_factoid,music_query,0.1811052189129827
qwen-nf4-v2-calibrated,massive-test,massive-test-13907,intent,qa_definition,music_dislikeness,0.15360337251797065
qwen-nf4-v2-calibrated,massive-test,massive-test-13926,intent,qa_factoid,lists_query,0.13657811149469545
qwen-nf4-v2-calibrated,massive-test,massive-test-13927,intent,qa_factoid,lists_query,0.13299235681862737
qwen-nf4-v2-calibrated,massive-test,massive-test-13929,intent,general_quirky,weather_query,0.3543048357929416
qwen-nf4-v2-calibrated,massive-test,massive-test-13983,intent,qa_definition,music_dislikeness,0.36736000935882784
qwen-nf4-v2-calibrated,massive-test,massive-test-13984,intent,qa_definition,music_dislikeness,0.0920445063825801
qwen-nf4-v2-calibrated,massive-test,massive-test-13986,intent,general_quirky,lists_query,0.09237775683018018
qwen-nf4-v2-calibrated,massive-test,massive-test-13997,intent,qa_factoid,lists_query,0.11341105799212173
qwen-nf4-v2-calibrated,massive-test,massive-test-14000,intent,qa_definition,iot_wemo_on,0.09998180078910857
qwen-nf4-v2-calibrated,massive-test,massive-test-14011,intent,qa_factoid,calendar_query,0.3318353746331376
qwen-nf4-v2-calibrated,massive-test,massive-test-14015,intent,qa_factoid,datetime_convert,0.1547623233532789
qwen-nf4-v2-calibrated,massive-test,massive-test-14023,intent,qa_definition,music_dislikeness,0.2549481112913088
qwen-nf4-v2-calibrated,massive-test,massive-test-14038,intent,qa_factoid,play_audiobook,0.15826246083376347
qwen-nf4-v2-calibrated,massive-test,massive-test-14040,intent,qa_factoid,lists_query,0.08470254746462395
qwen-nf4-v2-calibrated,massive-test,massive-test-14063,intent,qa_factoid,music_query,0.6891477987621086
qwen-nf4-v2-calibrated,massive-test,massive-test-14071,intent,general_quirky,lists_query,0.1475825631436454
qwen-nf4-v2-calibrated,massive-test,massive-test-14083,intent,qa_factoid,lists_query,0.115913558776974
qwen-nf4-v2-calibrated,massive-test,massive-test-14096,intent,qa_factoid,lists_query,0.10899360507742445
qwen-nf4-v2-calibrated,massive-test,massive-test-14101,intent,general_quirky,music_query,0.4653325544483323
qwen-nf4-v2-calibrated,massive-test,massive-test-14115,intent,qa_definition,lists_query,0.1540519621907349
qwen-nf4-v2-calibrated,massive-test,massive-test-14116,intent,qa_definition,iot_hue_lighton,0.09430080020683186
qwen-nf4-v2-calibrated,massive-test,massive-test-14117,intent,qa_factoid,calendar_query,0.15964730096940044
qwen-nf4-v2-calibrated,massive-test,massive-test-14118,intent,qa_factoid,calendar_query,0.13972589615448727
qwen-nf4-v2-calibrated,massive-test,massive-test-14126,intent,qa_factoid,music_query,0.6367016092531449
qwen-nf4-v2-calibrated,massive-test,massive-test-14130,intent,qa_stock,lists_query,0.15169866442271163
qwen-nf4-v2-calibrated,massive-test,massive-test-14150,intent,qa_definition,lists_query,0.09076004000883113
qwen-nf4-v2-calibrated,massive-test,massive-test-14151,intent,qa_factoid,music_dislikeness,0.13584213214280316
qwen-nf4-v2-calibrated,massive-test,massive-test-14154,intent,qa_factoid,news_query,0.17191472184337742
qwen-nf4-v2-calibrated,massive-test,massive-test-14163,intent,qa_factoid,calendar_query,0.16064423222111096
qwen-nf4-v2-calibrated,massive-test,massive-test-14169,intent,qa_factoid,lists_query,0.0919939972989892
qwen-nf4-v2-calibrated,massive-test,massive-test-14170,intent,qa_factoid,music_dislikeness,0.10848895497287132
qwen-nf4-v2-calibrated,massive-test,massive-test-14179,intent,qa_factoid,datetime_convert,0.1003854705950976
qwen-nf4-v2-calibrated,massive-test,massive-test-14214,intent,transport_query,lists_query,0.20716149537327153
qwen-nf4-v2-calibrated,massive-test,massive-test-14229,intent,qa_factoid,recommendation_movies,0.4128056451222233
qwen-nf4-v2-calibrated,massive-test,massive-test-14243,intent,qa_factoid,lists_query,0.1332909748171013
qwen-nf4-v2-calibrated,massive-test,massive-test-14246,intent,general_quirky,music_dislikeness,0.16045680782962135
qwen-nf4-v2-calibrated,massive-test,massive-test-14272,intent,qa_definition,music_dislikeness,0.0767916605512301
qwen-nf4-v2-calibrated,massive-test,massive-test-14283,intent,qa_factoid,calendar_query,0.11970492894390611
qwen-nf4-v2-calibrated,massive-test,massive-test-14306,intent,qa_factoid,qa_definition,0.108267251425168
qwen-nf4-v2-calibrated,massive-test,massive-test-14308,intent,qa_factoid,lists_query,0.16351736651027976
qwen-nf4-v2-calibrated,massive-test,massive-test-14315,intent,general_quirky,calendar_query,0.21245496571448186
qwen-nf4-v2-calibrated,massive-test,massive-test-14316,intent,qa_factoid,iot_hue_lighton,0.10820596094709366
qwen-nf4-v2-calibrated,massive-test,massive-test-14317,intent,qa_factoid,lists_query,0.09166086157562367
qwen-nf4-v2-calibrated,massive-test,massive-test-14323,intent,qa_factoid,lists_query,0.10743036782332653
qwen-nf4-v2-calibrated,massive-test,massive-test-14330,intent,qa_factoid,alarm_set,0.08042220034109133
qwen-nf4-v2-calibrated,massive-test,massive-test-14339,intent,general_quirky,qa_maths,0.20823267261307774
qwen-nf4-v2-calibrated,massive-test,massive-test-14348,intent,general_quirky,lists_query,0.1252988638349862
qwen-nf4-v2-calibrated,massive-test,massive-test-14354,intent,qa_factoid,alarm_remove,0.07535148935775457
qwen-nf4-v2-calibrated,massive-test,massive-test-14355,intent,qa_factoid,calendar_query,0.06590029904725268
qwen-nf4-v2-calibrated,massive-test,massive-test-14356,intent,general_quirky,alarm_remove,0.07062070965846931
qwen-nf4-v2-calibrated,massive-test,massive-test-14368,intent,general_quirky,lists_query,0.1015369621685612
qwen-nf4-v2-calibrated,massive-test,massive-test-14370,intent,qa_factoid,music_query,0.2009690189506123
qwen-nf4-v2-calibrated,massive-test,massive-test-14382,intent,qa_factoid,lists_query,0.08217284137657645
qwen-nf4-v2-calibrated,massive-test,massive-test-14412,intent,general_quirky,lists_query,0.14045732782683557
qwen-nf4-v2-calibrated,massive-test,massive-test-14414,intent,qa_definition,iot_wemo_on,0.12111442907839753
qwen-nf4-v2-calibrated,massive-test,massive-test-14417,intent,qa_factoid,play_audiobook,0.08533919759640962
qwen-nf4-v2-calibrated,massive-test,massive-test-14418,intent,general_quirky,calendar_query,0.3763455043806791
qwen-nf4-v2-calibrated,massive-test,massive-test-14419,intent,qa_factoid,recommendation_movies,0.6863751033562672
qwen-nf4-v2-calibrated,massive-test,massive-test-14442,intent,qa_factoid,lists_query,0.12078829537324627
qwen-nf4-v2-calibrated,massive-test,massive-test-14444,intent,qa_factoid,recommendation_movies,0.26568084490113947
qwen-nf4-v2-calibrated,massive-test,massive-test-14449,intent,qa_factoid,qa_maths,0.08895043250634836
qwen-nf4-v2-calibrated,massive-test,massive-test-14457,intent,qa_factoid,transport_query,0.3579915141387733
qwen-nf4-v2-calibrated,massive-test,massive-test-14461,intent,general_quirky,lists_query,0.10964225412279653
qwen-nf4-v2-calibrated,massive-test,massive-test-14481,intent,general_quirky,iot_hue_lighton,0.09221226580998045
qwen-nf4-v2-calibrated,massive-test,massive-test-14498,intent,qa_definition,lists_query,0.14985008557901747
qwen-nf4-v2-calibrated,massive-test,massive-test-14504,intent,qa_factoid,lists_query,0.13771851382771175
qwen-nf4-v2-calibrated,massive-test,massive-test-14505,intent,qa_factoid,lists_query,0.1581468906081841
qwen-nf4-v2-calibrated,massive-test,massive-test-14508,intent,qa_factoid,music_query,0.43911727450727844
qwen-nf4-v2-calibrated,massive-test,massive-test-14509,intent,qa_factoid,lists_query,0.1297098488921249
qwen-nf4-v2-calibrated,massive-test,massive-test-14539,intent,qa_factoid,lists_query,0.15471457690727985
qwen-nf4-v2-calibrated,massive-test,massive-test-14545,intent,qa_factoid,play_audiobook,0.09997956657795809
qwen-nf4-v2-calibrated,massive-test,massive-test-14549,intent,lists_createoradd,music_query,0.5820475799100288
qwen-nf4-v2-calibrated,massive-test,massive-test-14553,intent,general_quirky,qa_factoid,0.3036817604623018
qwen-nf4-v2-calibrated,massive-test,massive-test-14564,intent,general_quirky,qa_definition,0.32845829460616444
qwen-nf4-v2-calibrated,massive-test,massive-test-14585,intent,qa_factoid,datetime_convert,0.1616939386547708
qwen-nf4-v2-calibrated,massive-test,massive-test-14591,intent,qa_definition,lists_query,0.10445972390795127
qwen-nf4-v2-calibrated,massive-test,massive-test-14592,intent,qa_definition,lists_query,0.14145028432762738
qwen-nf4-v2-calibrated,massive-test,massive-test-14597,intent,qa_factoid,lists_query,0.14455356589779988
qwen-nf4-v2-calibrated,massive-test,massive-test-14605,intent,qa_factoid,calendar_query,0.15842460917135637
qwen-nf4-v2-calibrated,massive-test,massive-test-14608,intent,qa_factoid,recommendation_movies,0.749047715161415
qwen-nf4-v2-calibrated,massive-test,massive-test-14646,intent,transport_ticket,transport_query,0.1145708688395652
qwen-nf4-v2-calibrated,massive-test,massive-test-14653,intent,qa_factoid,lists_query,0.17372888596154304
qwen-nf4-v2-calibrated,massive-test,massive-test-14661,intent,qa_factoid,lists_query,0.13773150362786105
qwen-nf4-v2-calibrated,massive-test,massive-test-14668,intent,qa_definition,iot_hue_lightchange,0.24745107995651194
qwen-nf4-v2-calibrated,massive-test,massive-test-14673,intent,general_quirky,qa_factoid,0.32205620622716746
qwen-nf4-v2-calibrated,massive-test,massive-test-14683,intent,qa_factoid,music_query,0.09923806916334825
qwen-nf4-v2-calibrated,massive-test,massive-test-14684,intent,qa_factoid,lists_query,0.18348542357296188
qwen-nf4-v2-calibrated,massive-test,massive-test-14690,intent,qa_definition,calendar_query,0.11611633763804032
qwen-nf4-v2-calibrated,massive-test,massive-test-14700,intent,qa_definition,lists_query,0.09411278818539338
qwen-nf4-v2-calibrated,massive-test,massive-test-14701,intent,qa_definition,play_game,0.6360535419521087
qwen-nf4-v2-calibrated,massive-test,massive-test-14705,intent,qa_factoid,calendar_query,0.10923582998544273
qwen-nf4-v2-calibrated,massive-test,massive-test-14706,intent,qa_factoid,lists_query,0.13902543324432617
qwen-nf4-v2-calibrated,massive-test,massive-test-14757,intent,qa_maths,lists_query,0.08786624688609089
qwen-nf4-v2-calibrated,massive-test,massive-test-14767,intent,qa_definition,iot_hue_lighton,0.08600155865617752
qwen-nf4-v2-calibrated,massive-test,massive-test-14787,intent,qa_factoid,datetime_convert,0.1639706040837082
qwen-nf4-v2-calibrated,massive-test,massive-test-14791,intent,qa_factoid,qa_definition,0.1013904430922795
qwen-nf4-v2-calibrated,massive-test,massive-test-14792,intent,recommendation_locations,lists_query,0.10685214918173043
qwen-nf4-v2-calibrated,massive-test,massive-test-14794,intent,qa_factoid,music_query,0.5376584464632731
qwen-nf4-v2-calibrated,massive-test,massive-test-14817,intent,general_quirky,music_dislikeness,0.371735739762428
qwen-nf4-v2-calibrated,massive-test,massive-test-14822,intent,qa_factoid,music_dislikeness,0.16791746407231542
qwen-nf4-v2-calibrated,massive-test,massive-test-14838,intent,qa_factoid,qa_maths,0.11384074272990465
qwen-nf4-v2-calibrated,massive-test,massive-test-14877,intent,qa_factoid,weather_query,0.5073584827143186
qwen-nf4-v2-calibrated,massive-test,massive-test-14879,intent,qa_definition,lists_query,0.10402332829453977
qwen-nf4-v2-calibrated,massive-test,massive-test-14889,intent,qa_definition,lists_query,0.11095577200679929
qwen-nf4-v2-calibrated,massive-test,massive-test-14891,intent,qa_factoid,music_query,0.16267050851035525
qwen-nf4-v2-calibrated,massive-test,massive-test-14917,intent,qa_factoid,music_query,0.7894982605449149
qwen-nf4-v2-calibrated,massive-test,massive-test-14919,intent,qa_stock,calendar_query,0.14799827190608042
qwen-nf4-v2-calibrated,massive-test,massive-test-14939,intent,qa_factoid,music_query,0.14386628681983427
qwen-nf4-v2-calibrated,massive-test,massive-test-14958,intent,general_quirky,calendar_query,0.08819417986260293
qwen-nf4-v2-calibrated,massive-test,massive-test-14963,intent,general_quirky,iot_hue_lighton,0.08530604443185798
qwen-nf4-v2-calibrated,massive-test,massive-test-14981,intent,qa_definition,calendar_query,0.1002437239999514
qwen-nf4-v2-calibrated,massive-test,massive-test-14994,intent,qa_factoid,recommendation_movies,0.7641969259699982
qwen-nf4-v2-calibrated,massive-test,massive-test-14995,intent,qa_definition,music_dislikeness,0.15510360642995968
qwen-nf4-v2-calibrated,massive-test,massive-test-15020,intent,qa_factoid,lists_query,0.15454056918443074
qwen-nf4-v2-calibrated,massive-test,massive-test-15039,intent,qa_factoid,music_dislikeness,0.08795255506581011
qwen-nf4-v2-calibrated,massive-test,massive-test-15056,intent,qa_factoid,lists_query,0.15012926660502957
qwen-nf4-v2-calibrated,massive-test,massive-test-15062,intent,qa_factoid,calendar_query,0.2076855284556292
qwen-nf4-v2-calibrated,massive-test,massive-test-15075,intent,qa_factoid,calendar_query,0.10367142361534026
qwen-nf4-v2-calibrated,massive-test,massive-test-15092,intent,qa_definition,lists_query,0.1892002894274401
qwen-nf4-v2-calibrated,massive-test,massive-test-15094,intent,qa_factoid,lists_query,0.16748709434533213
qwen-nf4-v2-calibrated,massive-test,massive-test-15113,intent,general_quirky,lists_query,0.09756424110478162
qwen-nf4-v2-calibrated,massive-test,massive-test-15127,intent,qa_definition,lists_query,0.17638340593442722
qwen-nf4-v2-calibrated,massive-test,massive-test-15133,intent,qa_stock,lists_query,0.1388532914931468
qwen-nf4-v2-calibrated,massive-test,massive-test-15137,intent,general_quirky,iot_hue_lighton,0.11504141187556406
qwen-nf4-v2-calibrated,massive-test,massive-test-15138,intent,social_query,social_post,0.6360501202874771
qwen-nf4-v2-calibrated,massive-test,massive-test-15181,intent,social_query,alarm_remove,0.10685396096061053
qwen-nf4-v2-calibrated,massive-test,massive-test-15185,intent,social_post,music_dislikeness,0.13638158973814854
qwen-nf4-v2-calibrated,massive-test,massive-test-15186,intent,social_post,calendar_query,0.07708716169983544
qwen-nf4-v2-calibrated,massive-test,massive-test-15199,intent,social_query,music_dislikeness,0.2344479962158479
qwen-nf4-v2-calibrated,massive-test,massive-test-15200,intent,social_query,social_post,0.19648382052124744
qwen-nf4-v2-calibrated,massive-test,massive-test-15203,intent,social_query,alarm_query,0.1153785056786798
qwen-nf4-v2-calibrated,massive-test,massive-test-15205,intent,social_query,social_post,0.5715456747037059
qwen-nf4-v2-calibrated,massive-test,massive-test-15213,intent,news_query,alarm_remove,0.08155153632778196
qwen-nf4-v2-calibrated,massive-test,massive-test-15225,intent,social_query,calendar_query,0.21806021027629247
qwen-nf4-v2-calibrated,massive-test,massive-test-15229,intent,social_query,social_post,0.46007879610922586
qwen-nf4-v2-calibrated,massive-test,massive-test-15249,intent,social_query,social_post,0.7735134776627625
qwen-nf4-v2-calibrated,massive-test,massive-test-15274,intent,social_query,social_post,0.7950868451242794
qwen-nf4-v2-calibrated,massive-test,massive-test-15276,intent,social_post,weather_query,0.23606448686133338
qwen-nf4-v2-calibrated,massive-test,massive-test-15280,intent,social_query,social_post,0.12921254947365246
qwen-nf4-v2-calibrated,massive-test,massive-test-15289,intent,social_post,iot_hue_lighton,0.14384417250147152
qwen-nf4-v2-calibrated,massive-test,massive-test-15304,intent,social_query,social_post,0.31852074436758154
qwen-nf4-v2-calibrated,massive-test,massive-test-15305,intent,calendar_query,lists_query,0.1051069341165906
qwen-nf4-v2-calibrated,massive-test,massive-test-15311,intent,social_query,lists_query,0.07681180114314907
qwen-nf4-v2-calibrated,massive-test,massive-test-15318,intent,social_post,general_greet,0.44654695224932633
qwen-nf4-v2-calibrated,massive-test,massive-test-15321,intent,social_query,social_post,0.0939204246919761
qwen-nf4-v2-calibrated,massive-test,massive-test-15326,intent,social_query,lists_query,0.09957634162525651
qwen-nf4-v2-calibrated,massive-test,massive-test-15333,intent,social_query,alarm_remove,0.09594723216938905
qwen-nf4-v2-calibrated,massive-test,massive-test-15345,intent,social_query,social_post,0.09151909649895187
qwen-nf4-v2-calibrated,massive-test,massive-test-15348,intent,social_query,social_post,0.24108625000491715
qwen-nf4-v2-calibrated,massive-test,massive-test-15350,intent,social_post,music_dislikeness,0.7396159755219968
qwen-nf4-v2-calibrated,massive-test,massive-test-15364,intent,social_post,music_dislikeness,0.4939600207292691
qwen-nf4-v2-calibrated,massive-test,massive-test-15382,intent,social_post,iot_cleaning,0.5145400271743436
qwen-nf4-v2-calibrated,massive-test,massive-test-15399,intent,social_post,lists_query,0.1593210354171212
qwen-nf4-v2-calibrated,massive-test,massive-test-15413,intent,social_post,lists_query,0.1016059241649693
qwen-nf4-v2-calibrated,massive-test,massive-test-15444,intent,social_post,music_dislikeness,0.343745101888114
qwen-nf4-v2-calibrated,massive-test,massive-test-15445,intent,social_query,music_dislikeness,0.13830616645635732
qwen-nf4-v2-calibrated,massive-test,massive-test-15467,intent,social_post,music_dislikeness,0.8589306353250592
qwen-nf4-v2-calibrated,massive-test,massive-test-15511,intent,social_query,social_post,0.7825513596715226
qwen-nf4-v2-calibrated,massive-test,massive-test-15553,intent,social_post,music_dislikeness,0.6877426383250005
qwen-nf4-v2-calibrated,massive-test,massive-test-15561,intent,general_quirky,music_dislikeness,0.2516371358433967
qwen-nf4-v2-calibrated,massive-test,massive-test-15563,intent,general_quirky,alarm_remove,0.09070933896748688
qwen-nf4-v2-calibrated,massive-test,massive-test-15565,intent,social_post,music_dislikeness,0.7419441919096535
qwen-nf4-v2-calibrated,massive-test,massive-test-15587,intent,social_post,iot_hue_lightchange,0.09007296712531244
qwen-nf4-v2-calibrated,massive-test,massive-test-15598,intent,social_post,lists_query,0.10448460139942396
qwen-nf4-v2-calibrated,massive-test,massive-test-15651,intent,social_post,alarm_remove,0.12014163708612677
qwen-nf4-v2-calibrated,massive-test,massive-test-15652,intent,social_post,music_dislikeness,0.38715677919647906
qwen-nf4-v2-calibrated,massive-test,massive-test-15686,intent,social_post,general_greet,0.7748481108595857
qwen-nf4-v2-calibrated,massive-test,massive-test-15700,intent,social_post,lists_query,0.12393551641279316
qwen-nf4-v2-calibrated,massive-test,massive-test-15708,intent,social_post,music_dislikeness,0.5071549835278156
qwen-nf4-v2-calibrated,massive-test,massive-test-15732,intent,social_post,music_dislikeness,0.48855753392545176
qwen-nf4-v2-calibrated,massive-test,massive-test-15736,intent,social_post,music_dislikeness,0.7840908994361758
qwen-nf4-v2-calibrated,massive-test,massive-test-15765,intent,email_sendemail,email_query,0.7217313609057273
qwen-nf4-v2-calibrated,massive-test,massive-test-15794,intent,email_querycontact,calendar_query,0.140469659260748
qwen-nf4-v2-calibrated,massive-test,massive-test-15815,intent,email_querycontact,calendar_query,0.07960324281680564
qwen-nf4-v2-calibrated,massive-test,massive-test-15825,intent,email_sendemail,calendar_query,0.12307690398799191
qwen-nf4-v2-calibrated,massive-test,massive-test-15828,intent,email_sendemail,email_addcontact,0.8636247950104639
qwen-nf4-v2-calibrated,massive-test,massive-test-15829,intent,email_sendemail,email_addcontact,0.8473332601620539
qwen-nf4-v2-calibrated,massive-test,massive-test-15839,intent,email_query,alarm_remove,0.090228513237877
qwen-nf4-v2-calibrated,massive-test,massive-test-15845,intent,email_sendemail,lists_query,0.12671038793907155
qwen-nf4-v2-calibrated,massive-test,massive-test-15847,intent,email_sendemail,lists_query,0.13080611119413518
qwen-nf4-v2-calibrated,massive-test,massive-test-15906,intent,email_sendemail,general_greet,0.3130948191165453
qwen-nf4-v2-calibrated,massive-test,massive-test-15946,intent,email_querycontact,email_addcontact,0.6046867625277875
qwen-nf4-v2-calibrated,massive-test,massive-test-15948,intent,email_querycontact,email_addcontact,0.15606324125159274
qwen-nf4-v2-calibrated,massive-test,massive-test-15950,intent,email_sendemail,email_query,0.8335747523134007
qwen-nf4-v2-calibrated,massive-test,massive-test-15966,intent,email_query,email_sendemail,0.49708137000587665
qwen-nf4-v2-calibrated,massive-test,massive-test-15982,intent,email_querycontact,email_addcontact,0.19975637843442406
qwen-nf4-v2-calibrated,massive-test,massive-test-15983,intent,email_querycontact,email_query,0.29522545856510896
qwen-nf4-v2-calibrated,massive-test,massive-test-15987,intent,email_addcontact,email_sendemail,0.8333767869851846
qwen-nf4-v2-calibrated,massive-test,massive-test-16050,intent,email_query,calendar_query,0.07455109052351348
qwen-nf4-v2-calibrated,massive-test,massive-test-16056,intent,email_sendemail,email_query,0.41504830445496077
qwen-nf4-v2-calibrated,massive-test,massive-test-16100,intent,email_query,lists_query,0.6627342549816105
qwen-nf4-v2-calibrated,massive-test,massive-test-16131,intent,email_sendemail,email_addcontact,0.790302650544838
qwen-nf4-v2-calibrated,massive-test,massive-test-16146,intent,news_query,calendar_query,0.3834573105777033
qwen-nf4-v2-calibrated,massive-test,massive-test-16151,intent,email_query,calendar_query,0.6944649131443819
qwen-nf4-v2-calibrated,massive-test,massive-test-16158,intent,email_addcontact,email_query,0.8618558519321489
qwen-nf4-v2-calibrated,massive-test,massive-test-16162,intent,email_sendemail,iot_hue_lighton,0.12978352157537337
qwen-nf4-v2-calibrated,massive-test,massive-test-16165,intent,email_query,music_dislikeness,0.15867666579896522
qwen-nf4-v2-calibrated,massive-test,massive-test-16166,intent,email_sendemail,calendar_query,0.571556037266594
qwen-nf4-v2-calibrated,massive-test,massive-test-16221,intent,email_sendemail,email_query,0.5874036574606976
qwen-nf4-v2-calibrated,massive-test,massive-test-16222,intent,email_querycontact,calendar_query,0.1250140237995312
qwen-nf4-v2-calibrated,massive-test,massive-test-16228,intent,email_querycontact,calendar_query,0.3861093324497956
qwen-nf4-v2-calibrated,massive-test,massive-test-16229,intent,email_querycontact,lists_query,0.08787925889714585
qwen-nf4-v2-calibrated,massive-test,massive-test-16273,intent,email_querycontact,calendar_query,0.1393926799214546
qwen-nf4-v2-calibrated,massive-test,massive-test-16275,intent,email_query,email_sendemail,0.6167594918904358
qwen-nf4-v2-calibrated,massive-test,massive-test-16282,intent,email_sendemail,calendar_remove,0.6754899628967385
qwen-nf4-v2-calibrated,massive-test,massive-test-16318,intent,email_sendemail,email_query,0.41504830445496077
qwen-nf4-v2-calibrated,massive-test,massive-test-16320,intent,email_sendemail,email_query,0.645031852556246
qwen-nf4-v2-calibrated,massive-test,massive-test-16356,intent,email_query,email_sendemail,0.6378730116886199
qwen-nf4-v2-calibrated,massive-test,massive-test-16357,intent,email_query,email_sendemail,0.6278755408074139
qwen-nf4-v2-calibrated,massive-test,massive-test-16406,intent,email_sendemail,email_query,0.7166185977938067
qwen-nf4-v2-calibrated,massive-test,massive-test-16455,intent,email_addcontact,email_sendemail,0.8553726447050415
qwen-nf4-v2-calibrated,massive-test,massive-test-16518,intent,email_sendemail,email_addcontact,0.8573659100658277
qwen-nf4-v2-calibrated,massive-test,massive-test-16519,intent,email_sendemail,email_addcontact,0.8525707461505816
qwen-nf4-v2-calibrated,massive-test,massive-test-16529,intent,email_querycontact,lists_query,0.10630594569670627
qwen-nf4-v2-calibrated,massive-test,massive-test-16532,intent,email_querycontact,iot_hue_lightup,0.15154664507374854
qwen-nf4-v2-calibrated,massive-test,massive-test-16583,intent,email_querycontact,audio_volume_other,0.10706664605013133
qwen-nf4-v2-calibrated,massive-test,massive-test-16591,intent,email_sendemail,email_query,0.8835680343355787
qwen-nf4-v2-calibrated,massive-test,massive-test-16593,intent,email_sendemail,email_query,0.8519691204742373
qwen-nf4-v2-calibrated,massive-test,massive-test-16613,intent,email_sendemail,email_query,0.6713409969940026
qwen-nf4-v2-calibrated,massive-test,massive-test-16630,intent,email_sendemail,email_query,0.8628198378110521
qwen-nf4-v2-calibrated,massive-test,massive-test-16672,intent,email_query,calendar_query,0.219075057461205
qwen-nf4-v2-calibrated,massive-test,massive-test-16693,intent,email_addcontact,email_sendemail,0.6510834074138491
qwen-nf4-v2-calibrated,massive-test,massive-test-16701,intent,email_sendemail,email_query,0.5937952641833573
qwen-nf4-v2-calibrated,massive-test,massive-test-16703,intent,email_sendemail,email_query,0.8970760756599692
qwen-nf4-v2-calibrated,massive-test,massive-test-16711,intent,email_querycontact,lists_query,0.09396433338373471
qwen-nf4-v2-calibrated,massive-test,massive-test-16754,intent,email_sendemail,email_query,0.4914568794121968
qwen-nf4-v2-calibrated,massive-test,massive-test-16777,intent,email_querycontact,email_addcontact,0.3951203588238285
qwen-nf4-v2-calibrated,massive-test,massive-test-16797,intent,email_querycontact,transport_taxi,0.3125802929930498
qwen-nf4-v2-calibrated,massive-test,massive-test-16846,intent,email_addcontact,email_sendemail,0.8006802245287107
qwen-nf4-v2-calibrated,massive-test,massive-test-16851,intent,email_query,email_sendemail,0.5700904276427899
qwen-nf4-v2-calibrated,massive-test,massive-test-16874,intent,email_querycontact,lists_query,0.09842473007534629
qwen-nf4-v2-calibrated,massive-test,massive-test-16886,intent,email_sendemail,email_query,0.7826405319960185
qwen-nf4-v2-calibrated,massive-test,massive-test-16907,intent,email_querycontact,alarm_remove,0.07761183496297536
qwen-nf4-v2-calibrated,massive-test,massive-test-16916,intent,email_sendemail,email_query,0.8511568369803514
qwen-nf4-v2-calibrated,massive-test,massive-test-16938,intent,email_sendemail,email_query,0.6055704485186278
qwen-nf4-v2-calibrated,massive-test,massive-test-16947,intent,email_sendemail,email_query,0.41504830445496077
qwen-nf4-v2-calibrated,massive-test,massive-test-16961,intent,email_sendemail,lists_query,0.1239191319791271
qwen-nf4-v2-calibrated,massive-test,massive-test-16983,intent,email_querycontact,calendar_query,0.1197082000861506
qwen-nf4-v2-calibrated,massive-test,massive-test-17015,intent,email_sendemail,alarm_query,0.1797537940013739
qwen-nf4-v2-calibrated,massive-test,massive-test-17019,intent,email_sendemail,email_query,0.7580196062323732
qwen-nf4-v2-calibrated,massive-test,massive-test-17020,intent,email_sendemail,email_query,0.8636268976658281
qwen-nf4-v2-calibrated,massive-test,massive-test-17023,intent,email_sendemail,weather_query,0.4632770340328509
qwen-nf4-v2-calibrated,massive-test,massive-test-17051,intent,email_query,email_sendemail,0.5345071603631786
qwen-nf4-v2-calibrated,massive-test,massive-test-17052,intent,email_query,music_dislikeness,0.15772275663136984
qwen-nf4-v2-calibrated,massive-test,massive-test-17090,intent,email_querycontact,email_addcontact,0.5380462229472025
qwen-nf4-v2-calibrated,massive-test,massive-test-17095,intent,email_querycontact,email_query,0.6659728051356482
qwen-nf4-v2-calibrated,massive-test,massive-test-17111,intent,email_querycontact,email_addcontact,0.5074101762568514
qwen-nf4-v2-calibrated,massive-test,massive-test-17123,intent,email_sendemail,email_query,0.7779724322179242
qwen-nf4-v2-calibrated,massive-test,massive-test-17135,intent,email_query,news_query,0.22969279007465526
qwen-nf4-v2-calibrated,massive-test,massive-test-17138,intent,email_query,lists_query,0.16719468996744433
qwen-nf4-v2-calibrated,massive-test,massive-test-17147,intent,email_sendemail,general_greet,0.39585909207026887
qwen-nf4-v2-calibrated,massive-test,massive-test-17148,intent,email_sendemail,general_greet,0.7128948138489314
qwen-nf4-v2-calibrated,massive-test,massive-test-17151,intent,email_sendemail,email_query,0.4539002460240299
qwen-qlora-v2-calibrated,business-test,biz-product_terms-0,route,tool,llm,0.7371428338205673
qwen-qlora-v2-calibrated,business-test,biz-product_terms-0,tool,queryLoanProducts,none,
qwen-qlora-v2-calibrated,business-test,biz-product_terms-1,tool,queryLoanProducts,none,1.0
qwen-qlora-v2-calibrated,business-test,biz-product_terms-2,tool,queryLoanProducts,none,1.0
qwen-qlora-v2-calibrated,business-test,biz-product_terms-3,tool,queryLoanProducts,none,0.999999974890009
qwen-qlora-v2-calibrated,business-test,biz-product_login-1,route,clarify,llm,0.5066958417485194
qwen-qlora-v2-calibrated,business-test,biz-product_login-3,intent,products,security,0.342432222835757
qwen-qlora-v2-calibrated,business-test,biz-applications_list-0,route,tool,llm,0.6741086781155515
qwen-qlora-v2-calibrated,business-test,biz-applications_list-0,tool,queryMyApplications,none,
qwen-qlora-v2-calibrated,business-test,biz-applications_list-1,tool,queryMyApplications,none,0.99999999999886
qwen-qlora-v2-calibrated,business-test,biz-application_missing-0,route,clarify,tool,0.7031420907878393
qwen-qlora-v2-calibrated,business-test,biz-application_missing-1,route,clarify,tool,0.375455260137058
qwen-qlora-v2-calibrated,business-test,biz-application_missing-2,route,clarify,tool,0.717030350381675
qwen-qlora-v2-calibrated,business-test,biz-application_missing-3,route,clarify,tool,0.37911290331827574
qwen-qlora-v2-calibrated,business-test,biz-status_reject-0,route,tool,llm,0.43211230048975596
qwen-qlora-v2-calibrated,business-test,biz-status_reject-0,intent,status_code,application_detail,0.5752033140240422
qwen-qlora-v2-calibrated,business-test,biz-status_reject-0,tool,explainApplicationStatus,none,
qwen-qlora-v2-calibrated,business-test,biz-status_reject-1,route,tool,llm,0.7756173076386945
qwen-qlora-v2-calibrated,business-test,biz-status_reject-1,tool,explainApplicationStatus,none,
qwen-qlora-v2-calibrated,business-test,biz-status_reject-2,route,tool,llm,0.7225656627715366
qwen-qlora-v2-calibrated,business-test,biz-status_reject-2,tool,explainApplicationStatus,none,
qwen-qlora-v2-calibrated,business-test,biz-status_reject-3,route,tool,llm,0.8429959801030877
qwen-qlora-v2-calibrated,business-test,biz-status_reject-3,intent,status_code,application_detail,0.3614216372393673
qwen-qlora-v2-calibrated,business-test,biz-status_reject-3,tool,explainApplicationStatus,none,
qwen-qlora-v2-calibrated,business-test,biz-status_approved-0,route,tool,llm,0.7629651484285491
qwen-qlora-v2-calibrated,business-test,biz-status_approved-0,tool,explainApplicationStatus,none,
qwen-qlora-v2-calibrated,business-test,biz-status_approved-1,route,tool,llm,0.8694225083589631
qwen-qlora-v2-calibrated,business-test,biz-status_approved-1,intent,status_code,application_detail,0.3693238569779917
qwen-qlora-v2-calibrated,business-test,biz-status_approved-1,tool,explainApplicationStatus,none,
qwen-qlora-v2-calibrated,business-test,biz-status_approved-2,route,tool,llm,0.7480150578878851
qwen-qlora-v2-calibrated,business-test,biz-status_approved-2,tool,explainApplicationStatus,none,
qwen-qlora-v2-calibrated,business-test,biz-status_approved-3,route,tool,llm,0.5887139416337325
qwen-qlora-v2-calibrated,business-test,biz-status_approved-3,intent,status_code,products,0.20434202747054414
qwen-qlora-v2-calibrated,business-test,biz-status_approved-3,tool,explainApplicationStatus,none,
qwen-qlora-v2-calibrated,business-test,biz-ui_unlisted-0,route,llm,human,0.6819382777184098
qwen-qlora-v2-calibrated,business-test,biz-ui_unlisted-0,intent,ui_issue,application_detail,0.6689571789033929
qwen-qlora-v2-calibrated,business-test,biz-ui_unlisted-0,needs_human,no,yes,
qwen-qlora-v2-calibrated,business-test,biz-ui_unlisted-1,route,llm,human,0.5170393606006389
qwen-qlora-v2-calibrated,business-test,biz-ui_unlisted-1,needs_human,no,yes,
qwen-qlora-v2-calibrated,business-test,biz-ui_unlisted-2,route,llm,human,0.6279965396680749
qwen-qlora-v2-calibrated,business-test,biz-ui_unlisted-2,needs_human,no,yes,
qwen-qlora-v2-calibrated,business-test,biz-ui_unlisted-3,route,llm,human,0.778581637784603
qwen-qlora-v2-calibrated,business-test,biz-ui_unlisted-3,intent,ui_issue,products,0.3296272026118895
qwen-qlora-v2-calibrated,business-test,biz-ui_unlisted-3,needs_human,no,yes,
qwen-qlora-v2-calibrated,business-test,biz-ui_pending-0,route,llm,human,0.7478019582425097
qwen-qlora-v2-calibrated,business-test,biz-ui_pending-0,intent,ui_issue,application_detail,0.4216389349737044
qwen-qlora-v2-calibrated,business-test,biz-ui_pending-0,needs_human,no,yes,
qwen-qlora-v2-calibrated,business-test,biz-ui_pending-1,route,llm,human,0.7696703351249776
qwen-qlora-v2-calibrated,business-test,biz-ui_pending-1,needs_human,no,yes,
qwen-qlora-v2-calibrated,business-test,biz-ui_pending-2,route,llm,human,0.7720471186186625
qwen-qlora-v2-calibrated,business-test,biz-ui_pending-2,intent,ui_issue,application_detail,0.40273190728418445
qwen-qlora-v2-calibrated,business-test,biz-ui_pending-2,needs_human,no,yes,
qwen-qlora-v2-calibrated,business-test,biz-ui_pending-3,route,llm,human,0.6489725571661794
qwen-qlora-v2-calibrated,business-test,biz-ui_pending-3,intent,ui_issue,applications,0.32459719688291794
qwen-qlora-v2-calibrated,business-test,biz-ui_pending-3,needs_human,no,yes,
qwen-qlora-v2-calibrated,business-test,biz-ui_disagree-2,route,human,tool,0.6770465735029128
qwen-qlora-v2-calibrated,business-test,biz-ui_disagree-2,needs_human,yes,no,
qwen-qlora-v2-calibrated,business-test,biz-ui_disagree-3,intent,ui_issue,handoff,0.24308869997092813
qwen-qlora-v2-calibrated,business-test,biz-general_unclear-0,route,clarify,llm,0.5508334862370288
qwen-qlora-v2-calibrated,business-test,biz-general_unclear-0,intent,general,products,0.42995897154606166
qwen-qlora-v2-calibrated,business-test,biz-general_unclear-1,route,clarify,human,0.37936690632385145
qwen-qlora-v2-calibrated,business-test,biz-general_unclear-1,intent,general,repayment,0.1598393789077129
qwen-qlora-v2-calibrated,business-test,biz-general_unclear-1,needs_human,no,yes,
qwen-qlora-v2-calibrated,business-test,biz-general_unclear-2,route,clarify,llm,0.6666448319827624
qwen-qlora-v2-calibrated,business-test,biz-general_unclear-2,intent,general,applications,0.22844390182370486
qwen-qlora-v2-calibrated,business-test,biz-general_unclear-3,route,clarify,llm,0.8829895579783674
qwen-qlora-v2-calibrated,business-test,biz-general_unclear-3,intent,general,products,0.470436460829191
qwen-qlora-v2-calibrated,business-test,biz-product_typo-0,route,tool,llm,0.7631200239958975
qwen-qlora-v2-calibrated,business-test,biz-product_typo-0,tool,queryLoanProducts,none,
qwen-qlora-v2-calibrated,business-test,biz-product_typo-1,route,tool,llm,0.566770391301708
qwen-qlora-v2-calibrated,business-test,biz-product_typo-1,tool,queryLoanProducts,none,
qwen-qlora-v2-calibrated,business-test,biz-product_typo-2,route,tool,llm,0.523013626009751
qwen-qlora-v2-calibrated,business-test,biz-product_typo-2,tool,queryLoanProducts,none,
qwen-qlora-v2-calibrated,business-test,biz-product_typo-3,tool,queryLoanProducts,none,0.9999999979388463
qwen-qlora-v2-calibrated,business-test,biz-ui_amount-0,route,llm,human,0.6090590287276049
qwen-qlora-v2-calibrated,business-test,biz-ui_amount-0,needs_human,no,yes,
qwen-qlora-v2-calibrated,business-test,biz-ui_amount-1,route,llm,tool,0.41610651882143085
qwen-qlora-v2-calibrated,business-test,biz-ui_amount-2,route,llm,human,0.5586420215440571
qwen-qlora-v2-calibrated,business-test,biz-ui_amount-2,intent,ui_issue,application_detail,0.75784182660921
qwen-qlora-v2-calibrated,business-test,biz-ui_amount-2,needs_human,no,yes,
qwen-qlora-v2-calibrated,business-test,biz-ui_amount-3,route,llm,human,0.7379787375273467
qwen-qlora-v2-calibrated,business-test,biz-ui_amount-3,intent,ui_issue,handoff,0.26238284772195375
qwen-qlora-v2-calibrated,business-test,biz-ui_amount-3,needs_human,no,yes,
qwen-qlora-v2-calibrated,business-test,biz-ui_empty-1,route,llm,human,0.5603777149926689
qwen-qlora-v2-calibrated,business-test,biz-ui_empty-1,intent,ui_issue,application_detail,0.42934632747660295
qwen-qlora-v2-calibrated,business-test,biz-ui_empty-1,needs_human,no,yes,
qwen-qlora-v2-calibrated,business-test,biz-ui_empty-2,route,llm,human,0.388818146628125
qwen-qlora-v2-calibrated,business-test,biz-ui_empty-2,needs_human,no,yes,
qwen-qlora-v2-calibrated,business-test,biz-ui_empty-3,route,llm,human,0.5879772234569309
qwen-qlora-v2-calibrated,business-test,biz-ui_empty-3,needs_human,no,yes,
qwen-qlora-v2-calibrated,business-test,biz-repay_change-0,intent,repayment,handoff,0.3780926891371085
qwen-qlora-v2-calibrated,business-test,biz-repay_change-1,intent,repayment,handoff,0.2507146906509042
qwen-qlora-v2-calibrated,business-test,biz-repay_change-2,intent,repayment,handoff,0.4017013528866666
qwen-qlora-v2-calibrated,business-test,biz-application_other-0,route,human,tool,0.71717754210256
qwen-qlora-v2-calibrated,business-test,biz-application_other-0,needs_human,yes,no,
qwen-qlora-v2-calibrated,business-test,biz-application_other-1,intent,application_detail,handoff,0.21115679043071758
qwen-qlora-v2-calibrated,business-test,biz-application_other-2,intent,application_detail,security,0.649493144319363
qwen-qlora-v2-calibrated,business-test,biz-application_other-3,route,human,tool,0.6600150467275289
qwen-qlora-v2-calibrated,business-test,biz-application_other-3,intent,application_detail,repayment,0.19017866105676334
qwen-qlora-v2-calibrated,business-test,biz-application_other-3,needs_human,yes,no,
qwen-qlora-v2-calibrated,massive-test,massive-test-3,intent,audio_volume_mute,audio_volume_down,0.27910950816043856
qwen-qlora-v2-calibrated,massive-test,massive-test-14,intent,iot_hue_lighton,weather_query,0.4265022460953611
qwen-qlora-v2-calibrated,massive-test,massive-test-27,intent,iot_cleaning,music_dislikeness,0.7639795072569933
qwen-qlora-v2-calibrated,massive-test,massive-test-31,intent,iot_cleaning,iot_hue_lightchange,0.1633578632641983
qwen-qlora-v2-calibrated,massive-test,massive-test-41,intent,general_quirky,iot_hue_lightchange,0.3154400930394111
qwen-qlora-v2-calibrated,massive-test,massive-test-47,intent,datetime_query,datetime_convert,0.2328582520504518
qwen-qlora-v2-calibrated,massive-test,massive-test-61,intent,alarm_query,iot_hue_lighton,0.17785801063578024
qwen-qlora-v2-calibrated,massive-test,massive-test-168,intent,takeaway_query,takeaway_order,0.5008480661047142
qwen-qlora-v2-calibrated,massive-test,massive-test-169,intent,takeaway_query,takeaway_order,0.5658246423030896
qwen-qlora-v2-calibrated,massive-test,massive-test-170,intent,takeaway_query,takeaway_order,0.5177239266188675
qwen-qlora-v2-calibrated,massive-test,massive-test-171,intent,takeaway_query,takeaway_order,0.5644783285522419
qwen-qlora-v2-calibrated,massive-test,massive-test-250,intent,play_music,music_likeness,0.42929313982422157
qwen-qlora-v2-calibrated,massive-test,massive-test-258,intent,audio_volume_up,music_dislikeness,0.49986520235792736
qwen-qlora-v2-calibrated,massive-test,massive-test-261,intent,audio_volume_up,iot_wemo_on,0.5017595590607148
qwen-qlora-v2-calibrated,massive-test,massive-test-281,intent,news_query,qa_currency,0.886979216740646
qwen-qlora-v2-calibrated,massive-test,massive-test-315,intent,audio_volume_mute,audio_volume_down,0.4230581652415143
qwen-qlora-v2-calibrated,massive-test,massive-test-317,intent,audio_volume_mute,music_dislikeness,0.30591532974635766
qwen-qlora-v2-calibrated,massive-test,massive-test-329,intent,play_music,music_likeness,0.39603774058336993
qwen-qlora-v2-calibrated,massive-test,massive-test-366,intent,news_query,calendar_query,0.3758331925345799
qwen-qlora-v2-calibrated,massive-test,massive-test-379,intent,music_likeness,play_music,0.5993020369597741
qwen-qlora-v2-calibrated,massive-test,massive-test-385,intent,news_query,qa_factoid,0.22657864298802266
qwen-qlora-v2-calibrated,massive-test,massive-test-399,intent,alarm_remove,lists_remove,0.6845592153251902
qwen-qlora-v2-calibrated,massive-test,massive-test-400,intent,play_music,play_audiobook,0.41327983773228355
qwen-qlora-v2-calibrated,massive-test,massive-test-451,intent,news_query,qa_stock,0.9871665641993358
qwen-qlora-v2-calibrated,massive-test,massive-test-473,intent,play_music,music_dislikeness,0.10329650548918612
qwen-qlora-v2-calibrated,massive-test,massive-test-475,intent,general_quirky,qa_factoid,0.25264622786857727
qwen-qlora-v2-calibrated,massive-test,massive-test-486,intent,datetime_query,qa_factoid,0.3029207377264171
qwen-qlora-v2-calibrated,massive-test,massive-test-512,intent,weather_query,calendar_query,0.05270475835531159
qwen-qlora-v2-calibrated,massive-test,massive-test-525,intent,takeaway_query,takeaway_order,0.8134584296894282
qwen-qlora-v2-calibrated,massive-test,massive-test-585,intent,news_query,social_query,0.18985371734491407
qwen-qlora-v2-calibrated,massive-test,massive-test-608,intent,audio_volume_up,audio_volume_mute,0.4424725519239914
qwen-qlora-v2-calibrated,massive-test,massive-test-631,intent,news_query,qa_stock,0.1765686459377767
qwen-qlora-v2-calibrated,massive-test,massive-test-680,intent,news_query,qa_stock,0.9887268469508842
qwen-qlora-v2-calibrated,massive-test,massive-test-686,intent,datetime_query,weather_query,0.2359174955204094
qwen-qlora-v2-calibrated,massive-test,massive-test-751,intent,audio_volume_mute,music_dislikeness,0.18935696096244814
qwen-qlora-v2-calibrated,massive-test,massive-test-767,intent,news_query,recommendation_locations,0.8970752764497132
qwen-qlora-v2-calibrated,massive-test,massive-test-779,intent,play_music,music_likeness,0.3424611823257993
qwen-qlora-v2-calibrated,massive-test,massive-test-796,intent,alarm_query,alarm_set,0.6929936990995799
qwen-qlora-v2-calibrated,massive-test,massive-test-861,intent,alarm_query,alarm_set,0.8031083804494459
qwen-qlora-v2-calibrated,massive-test,massive-test-862,intent,alarm_query,alarm_set,0.7478367225244216
qwen-qlora-v2-calibrated,massive-test,massive-test-870,intent,music_likeness,music_dislikeness,0.16018925647104593
qwen-qlora-v2-calibrated,massive-test,massive-test-940,intent,alarm_set,alarm_query,0.4543572573668097
qwen-qlora-v2-calibrated,massive-test,massive-test-967,intent,takeaway_query,takeaway_order,0.8358232317996585
qwen-qlora-v2-calibrated,massive-test,massive-test-974,intent,datetime_query,weather_query,0.28945399305535663
qwen-qlora-v2-calibrated,massive-test,massive-test-1042,intent,takeaway_order,audio_volume_other,0.10078744195466048
qwen-qlora-v2-calibrated,massive-test,massive-test-1047,intent,play_music,music_likeness,0.34982859091796037
qwen-qlora-v2-calibrated,massive-test,massive-test-1071,intent,iot_hue_lightup,iot_hue_lighton,0.9603521229462721
qwen-qlora-v2-calibrated,massive-test,massive-test-1084,intent,news_query,iot_hue_lighton,0.06331645947046567
qwen-qlora-v2-calibrated,massive-test,massive-test-1115,intent,play_music,music_likeness,0.2978836075922805
qwen-qlora-v2-calibrated,massive-test,massive-test-1120,intent,news_query,general_quirky,0.16367104196472393
qwen-qlora-v2-calibrated,massive-test,massive-test-1124,intent,play_music,music_settings,0.58476075142873
qwen-qlora-v2-calibrated,massive-test,massive-test-1238,intent,play_music,music_dislikeness,0.07300955964421936
qwen-qlora-v2-calibrated,massive-test,massive-test-1247,intent,takeaway_query,takeaway_order,0.4248446406728642
qwen-qlora-v2-calibrated,massive-test,massive-test-1249,intent,weather_query,calendar_query,0.4139786820492964
qwen-qlora-v2-calibrated,massive-test,massive-test-1294,intent,news_query,recommendation_movies,0.6853919594300593
qwen-qlora-v2-calibrated,massive-test,massive-test-1300,intent,audio_volume_up,transport_taxi,0.815355871891377
qwen-qlora-v2-calibrated,massive-test,massive-test-1379,intent,takeaway_query,takeaway_order,0.445430886602924
qwen-qlora-v2-calibrated,massive-test,massive-test-1400,intent,weather_query,calendar_query,0.11277823944507107
qwen-qlora-v2-calibrated,massive-test,massive-test-1401,intent,weather_query,calendar_query,0.11704898168446208
qwen-qlora-v2-calibrated,massive-test,massive-test-1423,intent,news_query,qa_maths,0.10300143516406869
qwen-qlora-v2-calibrated,massive-test,massive-test-1449,intent,datetime_query,qa_factoid,0.680923688736988
qwen-qlora-v2-calibrated,massive-test,massive-test-1452,intent,alarm_remove,lists_remove,0.43746786175271624
qwen-qlora-v2-calibrated,massive-test,massive-test-1454,intent,alarm_remove,iot_hue_lightoff,0.46130239429513187
qwen-qlora-v2-calibrated,massive-test,massive-test-1607,intent,datetime_query,weather_query,0.610686253637279
qwen-qlora-v2-calibrated,massive-test,massive-test-1677,intent,music_query,play_music,0.5309000901525266
qwen-qlora-v2-calibrated,massive-test,massive-test-1692,intent,play_music,music_likeness,0.4931193339373854
qwen-qlora-v2-calibrated,massive-test,massive-test-1744,intent,music_likeness,general_greet,0.446205707448561
qwen-qlora-v2-calibrated,massive-test,massive-test-1759,intent,news_query,qa_factoid,0.3433248432629229
qwen-qlora-v2-calibrated,massive-test,massive-test-1774,intent,alarm_remove,iot_hue_lightoff,0.46130239429513187
qwen-qlora-v2-calibrated,massive-test,massive-test-1794,intent,news_query,qa_factoid,0.769942468645392
qwen-qlora-v2-calibrated,massive-test,massive-test-1803,intent,news_query,qa_factoid,0.4418141454493484
qwen-qlora-v2-calibrated,massive-test,massive-test-1804,intent,iot_hue_lightup,iot_hue_lightchange,0.3137914860571118
qwen-qlora-v2-calibrated,massive-test,massive-test-1808,intent,music_query,calendar_query,0.2901015258810574
qwen-qlora-v2-calibrated,massive-test,massive-test-1874,intent,music_likeness,play_music,0.4759253791130253
qwen-qlora-v2-calibrated,massive-test,massive-test-1904,intent,news_query,play_music,0.23719122704594411
qwen-qlora-v2-calibrated,massive-test,massive-test-1913,intent,alarm_set,alarm_query,0.25437761856968183
qwen-qlora-v2-calibrated,massive-test,massive-test-1993,intent,iot_hue_lightup,iot_hue_lighton,0.9616263871419893
qwen-qlora-v2-calibrated,massive-test,massive-test-2030,intent,music_query,play_music,0.3625511759719352
qwen-qlora-v2-calibrated,massive-test,massive-test-2057,intent,music_likeness,music_settings,0.5576736258017762
qwen-qlora-v2-calibrated,massive-test,massive-test-2062,intent,play_music,music_likeness,0.412360048819533
qwen-qlora-v2-calibrated,massive-test,massive-test-2075,intent,iot_hue_lightup,iot_hue_lightchange,0.41127541334128265
qwen-qlora-v2-calibrated,massive-test,massive-test-2085,intent,play_music,music_settings,0.8764948290969156
qwen-qlora-v2-calibrated,massive-test,massive-test-2093,intent,music_query,play_music,0.30607692579579526
qwen-qlora-v2-calibrated,massive-test,massive-test-2094,intent,music_query,play_music,0.4735948832390726
qwen-qlora-v2-calibrated,massive-test,massive-test-2134,intent,alarm_set,alarm_query,0.21846408987717297
qwen-qlora-v2-calibrated,massive-test,massive-test-2160,intent,iot_hue_lightoff,general_greet,0.39249128189205457
qwen-qlora-v2-calibrated,massive-test,massive-test-2165,intent,takeaway_query,cooking_query,0.25229342464662374
qwen-qlora-v2-calibrated,massive-test,massive-test-2174,intent,music_query,music_likeness,0.24003639645348543
qwen-qlora-v2-calibrated,massive-test,massive-test-2207,intent,audio_volume_mute,audio_volume_down,0.5827233321754959
qwen-qlora-v2-calibrated,massive-test,massive-test-2208,intent,general_quirky,general_greet,0.5449637578287151
qwen-qlora-v2-calibrated,massive-test,massive-test-2234,intent,iot_hue_lightup,iot_hue_lightoff,0.45474274515432045
qwen-qlora-v2-calibrated,massive-test,massive-test-2263,intent,iot_hue_lightdim,iot_hue_lightchange,0.3589048353192548
qwen-qlora-v2-calibrated,massive-test,massive-test-2264,intent,iot_hue_lightup,iot_hue_lightchange,0.9466897756084406
qwen-qlora-v2-calibrated,massive-test,massive-test-2296,intent,news_query,play_game,0.12730984772619686
qwen-qlora-v2-calibrated,massive-test,massive-test-2309,intent,datetime_convert,datetime_query,0.6099051825396417
qwen-qlora-v2-calibrated,massive-test,massive-test-2311,intent,iot_hue_lightdim,iot_hue_lighton,0.6054828001011655
qwen-qlora-v2-calibrated,massive-test,massive-test-2330,intent,datetime_query,datetime_convert,0.8783404045629675
qwen-qlora-v2-calibrated,massive-test,massive-test-2365,intent,music_query,play_radio,0.7588662777043079
qwen-qlora-v2-calibrated,massive-test,massive-test-2386,intent,news_query,calendar_query,0.1707181187463831
qwen-qlora-v2-calibrated,massive-test,massive-test-2400,intent,music_likeness,music_dislikeness,0.940863877532852
qwen-qlora-v2-calibrated,massive-test,massive-test-2408,intent,play_music,music_likeness,0.26850008673303594
qwen-qlora-v2-calibrated,massive-test,massive-test-2412,intent,datetime_query,datetime_convert,0.46570936430767956
qwen-qlora-v2-calibrated,massive-test,massive-test-2451,intent,datetime_convert,weather_query,0.22325444938479114
qwen-qlora-v2-calibrated,massive-test,massive-test-2610,intent,takeaway_query,takeaway_order,0.7675377309424973
qwen-qlora-v2-calibrated,massive-test,massive-test-2647,intent,music_settings,music_likeness,0.4801800191032605
qwen-qlora-v2-calibrated,massive-test,massive-test-2673,intent,alarm_query,alarm_set,0.8890623673500374
qwen-qlora-v2-calibrated,massive-test,massive-test-2684,intent,takeaway_query,takeaway_order,0.49435711532954657
qwen-qlora-v2-calibrated,massive-test,massive-test-2704,intent,play_music,music_likeness,0.4692134465209774
qwen-qlora-v2-calibrated,massive-test,massive-test-2709,intent,play_music,music_likeness,0.32422847369136404
qwen-qlora-v2-calibrated,massive-test,massive-test-2717,intent,play_music,music_likeness,0.4557040247288526
qwen-qlora-v2-calibrated,massive-test,massive-test-2780,intent,music_likeness,music_query,0.5370128939832048
qwen-qlora-v2-calibrated,massive-test,massive-test-2796,intent,audio_volume_mute,audio_volume_down,0.5308255253714038
qwen-qlora-v2-calibrated,massive-test,massive-test-2798,intent,play_music,music_dislikeness,0.6187215179968605
qwen-qlora-v2-calibrated,massive-test,massive-test-2816,intent,iot_hue_lightchange,iot_hue_lightdim,0.7430136826528396
qwen-qlora-v2-calibrated,massive-test,massive-test-2850,intent,takeaway_query,iot_coffee,0.07246108206091798
qwen-qlora-v2-calibrated,massive-test,massive-test-2887,intent,news_query,weather_query,0.9111702222846388
qwen-qlora-v2-calibrated,massive-test,massive-test-2906,intent,iot_hue_lightchange,iot_hue_lightup,0.5725608474944013
qwen-qlora-v2-calibrated,massive-test,massive-test-2908,intent,takeaway_query,takeaway_order,0.596781806421987
qwen-qlora-v2-calibrated,massive-test,massive-test-2957,intent,alarm_query,alarm_set,0.7409929759997863
qwen-qlora-v2-calibrated,massive-test,massive-test-2983,intent,alarm_remove,lists_remove,0.6032750583780659
qwen-qlora-v2-calibrated,massive-test,massive-test-3008,intent,iot_hue_lightup,iot_hue_lighton,0.9704314545894028
qwen-qlora-v2-calibrated,massive-test,massive-test-3011,intent,iot_hue_lightup,iot_hue_lighton,0.8042691384321831
qwen-qlora-v2-calibrated,massive-test,massive-test-3020,intent,takeaway_query,takeaway_order,0.43872134381985706
qwen-qlora-v2-calibrated,massive-test,massive-test-3021,intent,takeaway_query,takeaway_order,0.5533020911732466
qwen-qlora-v2-calibrated,massive-test,massive-test-3080,intent,takeaway_order,cooking_query,0.06799491399488047
qwen-qlora-v2-calibrated,massive-test,massive-test-3091,intent,datetime_query,datetime_convert,0.5028088773461227
qwen-qlora-v2-calibrated,massive-test,massive-test-3101,intent,news_query,play_radio,0.7712019705510109
qwen-qlora-v2-calibrated,massive-test,massive-test-3118,intent,datetime_query,datetime_convert,0.8469276215909389
qwen-qlora-v2-calibrated,massive-test,massive-test-3127,intent,general_quirky,weather_query,0.6975244144559836
qwen-qlora-v2-calibrated,massive-test,massive-test-3128,intent,general_quirky,weather_query,0.5508599466153088
qwen-qlora-v2-calibrated,massive-test,massive-test-3161,intent,alarm_query,alarm_set,0.6301661204564034
qwen-qlora-v2-calibrated,massive-test,massive-test-3184,intent,iot_wemo_on,recommendation_events,0.13373069057507142
qwen-qlora-v2-calibrated,massive-test,massive-test-3193,intent,music_likeness,music_dislikeness,0.16297177933828733
qwen-qlora-v2-calibrated,massive-test,massive-test-3204,intent,music_likeness,music_dislikeness,0.85395687248431
qwen-qlora-v2-calibrated,massive-test,massive-test-3207,intent,play_music,music_dislikeness,0.3437397397773506
qwen-qlora-v2-calibrated,massive-test,massive-test-3212,intent,calendar_set,lists_createoradd,0.5983438817103512
qwen-qlora-v2-calibrated,massive-test,massive-test-3276,intent,takeaway_query,takeaway_order,0.6518121224551103
qwen-qlora-v2-calibrated,massive-test,massive-test-3337,intent,weather_query,qa_maths,0.2230844291232037
qwen-qlora-v2-calibrated,massive-test,massive-test-3349,intent,audio_volume_up,recommendation_locations,0.29339724015469776
qwen-qlora-v2-calibrated,massive-test,massive-test-3364,intent,general_joke,iot_hue_lighton,0.1279004797906623
qwen-qlora-v2-calibrated,massive-test,massive-test-3386,intent,iot_hue_lightoff,iot_hue_lightchange,0.3763955597849268
qwen-qlora-v2-calibrated,massive-test,massive-test-3413,intent,takeaway_query,takeaway_order,0.5254585891175816
qwen-qlora-v2-calibrated,massive-test,massive-test-3434,intent,play_music,music_likeness,0.44639942636025687
qwen-qlora-v2-calibrated,massive-test,massive-test-3435,intent,alarm_remove,lists_remove,0.7591418112148228
qwen-qlora-v2-calibrated,massive-test,massive-test-3474,intent,audio_volume_down,iot_wemo_on,0.3715325787635385
qwen-qlora-v2-calibrated,massive-test,massive-test-3486,intent,audio_volume_down,music_dislikeness,0.5426326195904003
qwen-qlora-v2-calibrated,massive-test,massive-test-3546,intent,play_music,music_likeness,0.54305488137003
qwen-qlora-v2-calibrated,massive-test,massive-test-3566,intent,datetime_query,weather_query,0.2359174955204094
qwen-qlora-v2-calibrated,massive-test,massive-test-3581,intent,audio_volume_mute,audio_volume_down,0.3840877171885344
qwen-qlora-v2-calibrated,massive-test,massive-test-3590,intent,audio_volume_up,lists_remove,0.20383248762019213
qwen-qlora-v2-calibrated,massive-test,massive-test-3598,intent,general_quirky,general_greet,0.5989276869051157
qwen-qlora-v2-calibrated,massive-test,massive-test-3600,intent,calendar_set,alarm_set,0.7437417346287428
qwen-qlora-v2-calibrated,massive-test,massive-test-3606,intent,datetime_query,datetime_convert,0.5626914907309065
qwen-qlora-v2-calibrated,massive-test,massive-test-3654,intent,music_query,music_settings,0.7769746442858713
qwen-qlora-v2-calibrated,massive-test,massive-test-3669,intent,datetime_convert,datetime_query,0.4887499276886241
qwen-qlora-v2-calibrated,massive-test,massive-test-3671,intent,takeaway_query,takeaway_order,0.8504384411457439
qwen-qlora-v2-calibrated,massive-test,massive-test-3683,intent,music_likeness,play_music,0.260608339072993
qwen-qlora-v2-calibrated,massive-test,massive-test-3700,intent,iot_hue_lightchange,iot_hue_lightoff,0.32186407024425506
qwen-qlora-v2-calibrated,massive-test,massive-test-3723,intent,play_music,music_likeness,0.32242167856501064
qwen-qlora-v2-calibrated,massive-test,massive-test-3741,intent,music_query,play_music,0.47660868942798124
qwen-qlora-v2-calibrated,massive-test,massive-test-3750,intent,news_query,weather_query,0.3209185171790106
qwen-qlora-v2-calibrated,massive-test,massive-test-3762,intent,iot_hue_lightup,iot_hue_lighton,0.47776910356687713
qwen-qlora-v2-calibrated,massive-test,massive-test-3779,intent,play_music,music_query,0.23242193293782984
qwen-qlora-v2-calibrated,massive-test,massive-test-3812,intent,audio_volume_mute,audio_volume_down,0.3429577331826306
qwen-qlora-v2-calibrated,massive-test,massive-test-3819,intent,music_likeness,music_dislikeness,0.5127919106647346
qwen-qlora-v2-calibrated,massive-test,massive-test-3822,intent,news_query,weather_query,0.19359733205070606
qwen-qlora-v2-calibrated,massive-test,massive-test-3837,intent,audio_volume_mute,music_dislikeness,0.28642285507559484
qwen-qlora-v2-calibrated,massive-test,massive-test-3838,intent,audio_volume_mute,audio_volume_down,0.3840877171885344
qwen-qlora-v2-calibrated,massive-test,massive-test-3883,intent,iot_hue_lightup,iot_hue_lighton,0.6586267431696441
qwen-qlora-v2-calibrated,massive-test,massive-test-3894,intent,play_audiobook,calendar_query,0.10868286768602745
qwen-qlora-v2-calibrated,massive-test,massive-test-3911,intent,play_music,music_query,0.5872599978401717
qwen-qlora-v2-calibrated,massive-test,massive-test-3912,intent,play_music,music_settings,0.5692928624147358
qwen-qlora-v2-calibrated,massive-test,massive-test-3967,intent,play_music,music_likeness,0.2968209380881731
qwen-qlora-v2-calibrated,massive-test,massive-test-4001,intent,news_query,qa_factoid,0.425511790842337
qwen-qlora-v2-calibrated,massive-test,massive-test-4024,intent,iot_wemo_off,iot_hue_lightoff,0.2638653852130214
qwen-qlora-v2-calibrated,massive-test,massive-test-4026,intent,iot_wemo_off,iot_hue_lightoff,0.40778392828662124
qwen-qlora-v2-calibrated,massive-test,massive-test-4048,intent,takeaway_query,takeaway_order,0.7636870713451559
qwen-qlora-v2-calibrated,massive-test,massive-test-4119,intent,news_query,qa_factoid,0.836894758296788
qwen-qlora-v2-calibrated,massive-test,massive-test-4125,intent,takeaway_query,cooking_recipe,0.39016486398806877
qwen-qlora-v2-calibrated,massive-test,massive-test-4137,intent,takeaway_query,takeaway_order,0.6476520813489048
qwen-qlora-v2-calibrated,massive-test,massive-test-4145,intent,alarm_query,alarm_set,0.574103006968195
qwen-qlora-v2-calibrated,massive-test,massive-test-4155,intent,audio_volume_other,audio_volume_down,0.6307141100699145
qwen-qlora-v2-calibrated,massive-test,massive-test-4166,intent,audio_volume_other,audio_volume_up,0.41989093794026383
qwen-qlora-v2-calibrated,massive-test,massive-test-4178,intent,news_query,calendar_query,0.1917756853993223
qwen-qlora-v2-calibrated,massive-test,massive-test-4201,intent,iot_wemo_on,iot_cleaning,0.8477343521703102
qwen-qlora-v2-calibrated,massive-test,massive-test-4205,intent,play_music,music_likeness,0.3553284344350831
qwen-qlora-v2-calibrated,massive-test,massive-test-4212,intent,weather_query,iot_cleaning,0.3791196759850957
qwen-qlora-v2-calibrated,massive-test,massive-test-4224,intent,takeaway_query,takeaway_order,0.5007597977160424
qwen-qlora-v2-calibrated,massive-test,massive-test-4236,intent,datetime_query,general_greet,0.3671158046386173
qwen-qlora-v2-calibrated,massive-test,massive-test-4241,intent,audio_volume_mute,lists_createoradd,0.10693106849838721
qwen-qlora-v2-calibrated,massive-test,massive-test-4253,intent,datetime_query,datetime_convert,0.5660977877206894
qwen-qlora-v2-calibrated,massive-test,massive-test-4254,intent,datetime_query,datetime_convert,0.4121048233774831
qwen-qlora-v2-calibrated,massive-test,massive-test-4268,intent,music_settings,play_music,0.42593490939980494
qwen-qlora-v2-calibrated,massive-test,massive-test-4361,intent,play_music,music_likeness,0.419941275494884
qwen-qlora-v2-calibrated,massive-test,massive-test-4362,intent,datetime_query,weather_query,0.28945399305535663
qwen-qlora-v2-calibrated,massive-test,massive-test-4428,intent,music_query,play_music,0.35293555678404065
qwen-qlora-v2-calibrated,massive-test,massive-test-4463,intent,datetime_query,qa_factoid,0.6717977274536743
qwen-qlora-v2-calibrated,massive-test,massive-test-4492,intent,news_query,qa_factoid,0.8603453132924987
qwen-qlora-v2-calibrated,massive-test,massive-test-4589,intent,calendar_set,recommendation_events,0.4606919898449627
qwen-qlora-v2-calibrated,massive-test,massive-test-4601,intent,alarm_set,datetime_query,0.63816406081845
qwen-qlora-v2-calibrated,massive-test,massive-test-4606,intent,news_query,qa_stock,0.9887914622724951
qwen-qlora-v2-calibrated,massive-test,massive-test-4638,intent,audio_volume_other,audio_volume_down,0.4940467001507046
qwen-qlora-v2-calibrated,massive-test,massive-test-4659,intent,audio_volume_mute,music_dislikeness,0.2138284486196048
qwen-qlora-v2-calibrated,massive-test,massive-test-4680,intent,weather_query,general_quirky,0.1431295727007961
qwen-qlora-v2-calibrated,massive-test,massive-test-4702,intent,audio_volume_up,play_music,0.601245346133075
qwen-qlora-v2-calibrated,massive-test,massive-test-4712,intent,alarm_remove,music_dislikeness,0.6116589617320284
qwen-qlora-v2-calibrated,massive-test,massive-test-4772,intent,datetime_query,datetime_convert,0.5285640538983193
qwen-qlora-v2-calibrated,massive-test,massive-test-4813,intent,datetime_query,datetime_convert,0.6385682069971703
qwen-qlora-v2-calibrated,massive-test,massive-test-4833,intent,audio_volume_mute,lists_remove,0.19850826687895912
qwen-qlora-v2-calibrated,massive-test,massive-test-4837,intent,news_query,general_greet,0.6486907620475734
qwen-qlora-v2-calibrated,massive-test,massive-test-4854,intent,audio_volume_mute,audio_volume_down,0.3840877171885344
qwen-qlora-v2-calibrated,massive-test,massive-test-4881,intent,datetime_query,datetime_convert,0.6259829633571942
qwen-qlora-v2-calibrated,massive-test,massive-test-4890,intent,calendar_set,weather_query,0.9302624560294817
qwen-qlora-v2-calibrated,massive-test,massive-test-4955,intent,iot_hue_lightchange,general_greet,0.2226524951775685
qwen-qlora-v2-calibrated,massive-test,massive-test-4960,intent,play_music,music_likeness,0.4444980506639221
qwen-qlora-v2-calibrated,massive-test,massive-test-4985,intent,music_likeness,music_settings,0.656440623866274
qwen-qlora-v2-calibrated,massive-test,massive-test-5010,intent,iot_coffee,calendar_query,0.0578198141496068
qwen-qlora-v2-calibrated,massive-test,massive-test-5016,intent,news_query,qa_stock,0.9915662066160459
qwen-qlora-v2-calibrated,massive-test,massive-test-5047,intent,iot_hue_lightdim,iot_hue_lightoff,0.8989693748396138
qwen-qlora-v2-calibrated,massive-test,massive-test-5050,intent,iot_wemo_off,iot_hue_lightoff,0.3358113734856683
qwen-qlora-v2-calibrated,massive-test,massive-test-5116,intent,alarm_remove,music_dislikeness,0.5788280531477624
qwen-qlora-v2-calibrated,massive-test,massive-test-5118,intent,play_music,music_likeness,0.39603774058336993
qwen-qlora-v2-calibrated,massive-test,massive-test-5127,intent,news_query,qa_factoid,0.7492744360938829
qwen-qlora-v2-calibrated,massive-test,massive-test-5131,intent,datetime_query,datetime_convert,0.7635943135420623
qwen-qlora-v2-calibrated,massive-test,massive-test-5152,intent,music_settings,music_dislikeness,0.6329718438112277
qwen-qlora-v2-calibrated,massive-test,massive-test-5196,intent,news_query,qa_factoid,0.4679069290816369
qwen-qlora-v2-calibrated,massive-test,massive-test-5258,intent,music_likeness,play_music,0.47146027291149395
qwen-qlora-v2-calibrated,massive-test,massive-test-5279,intent,play_music,music_settings,0.6620488953259763
qwen-qlora-v2-calibrated,massive-test,massive-test-5324,intent,takeaway_query,takeaway_order,0.574005404391642
qwen-qlora-v2-calibrated,massive-test,massive-test-5328,intent,play_music,music_likeness,0.5761344772828754
qwen-qlora-v2-calibrated,massive-test,massive-test-5339,intent,weather_query,iot_cleaning,0.3106648181849447
qwen-qlora-v2-calibrated,massive-test,massive-test-5341,intent,datetime_query,alarm_query,0.6065239066477839
qwen-qlora-v2-calibrated,massive-test,massive-test-5349,intent,iot_hue_lightdim,iot_hue_lightchange,0.6230344860158786
qwen-qlora-v2-calibrated,massive-test,massive-test-5370,intent,news_query,qa_factoid,0.8471308286595074
qwen-qlora-v2-calibrated,massive-test,massive-test-5378,intent,play_music,qa_definition,0.2807557779187414
qwen-qlora-v2-calibrated,massive-test,massive-test-5427,intent,datetime_query,datetime_convert,0.6099724939268341
qwen-qlora-v2-calibrated,massive-test,massive-test-5465,intent,weather_query,iot_hue_lightchange,0.14233923920391547
qwen-qlora-v2-calibrated,massive-test,massive-test-5475,intent,alarm_set,transport_traffic,0.4293419375448791
qwen-qlora-v2-calibrated,massive-test,massive-test-5501,intent,iot_hue_lightup,iot_hue_lighton,0.9751762448445813
qwen-qlora-v2-calibrated,massive-test,massive-test-5523,intent,datetime_convert,datetime_query,0.4130730025689754
qwen-qlora-v2-calibrated,massive-test,massive-test-5529,intent,weather_query,recommendation_locations,0.4596528996667298
qwen-qlora-v2-calibrated,massive-test,massive-test-5531,intent,music_likeness,music_query,0.4292088242694805
qwen-qlora-v2-calibrated,massive-test,massive-test-5550,intent,audio_volume_mute,music_dislikeness,0.49685618950971333
qwen-qlora-v2-calibrated,massive-test,massive-test-5552,intent,takeaway_query,takeaway_order,0.5979995945058141
qwen-qlora-v2-calibrated,massive-test,massive-test-5557,intent,play_music,music_likeness,0.6065197009144874
qwen-qlora-v2-calibrated,massive-test,massive-test-5574,intent,iot_hue_lightup,iot_hue_lighton,0.8835038106125892
qwen-qlora-v2-calibrated,massive-test,massive-test-5579,intent,audio_volume_other,audio_volume_up,0.31255895927822247
qwen-qlora-v2-calibrated,massive-test,massive-test-5614,intent,music_query,play_radio,0.8692720441844245
qwen-qlora-v2-calibrated,massive-test,massive-test-5623,intent,alarm_set,alarm_query,0.5079134662655757
qwen-qlora-v2-calibrated,massive-test,massive-test-5707,intent,play_music,music_likeness,0.7308786972566051
qwen-qlora-v2-calibrated,massive-test,massive-test-5727,intent,iot_hue_lightup,iot_hue_lighton,0.6500517303884015
qwen-qlora-v2-calibrated,massive-test,massive-test-5812,intent,audio_volume_other,music_settings,0.45105379258794703
qwen-qlora-v2-calibrated,massive-test,massive-test-5813,intent,play_music,music_dislikeness,0.3002342450247312
qwen-qlora-v2-calibrated,massive-test,massive-test-5820,intent,play_music,music_likeness,0.29523749457128573
qwen-qlora-v2-calibrated,massive-test,massive-test-5911,intent,music_settings,play_music,0.4298721949224453
qwen-qlora-v2-calibrated,massive-test,massive-test-5912,intent,music_settings,music_dislikeness,0.575609728530311
qwen-qlora-v2-calibrated,massive-test,massive-test-5919,intent,news_query,qa_factoid,0.34186254548476325
qwen-qlora-v2-calibrated,massive-test,massive-test-5953,intent,weather_query,recommendation_locations,0.3162497127754138
qwen-qlora-v2-calibrated,massive-test,massive-test-5955,intent,weather_query,qa_factoid,0.7647156985311007
qwen-qlora-v2-calibrated,massive-test,massive-test-5958,intent,audio_volume_mute,music_dislikeness,0.1973153714607536
qwen-qlora-v2-calibrated,massive-test,massive-test-5974,intent,alarm_query,alarm_set,0.672136081753579
qwen-qlora-v2-calibrated,massive-test,massive-test-5997,intent,datetime_query,datetime_convert,0.5591092640882794
qwen-qlora-v2-calibrated,massive-test,massive-test-6013,intent,music_query,play_radio,0.9569777361575718
qwen-qlora-v2-calibrated,massive-test,massive-test-6027,intent,play_music,music_likeness,0.7075190886020918
qwen-qlora-v2-calibrated,massive-test,massive-test-6045,intent,play_music,music_likeness,0.3107601034725527
qwen-qlora-v2-calibrated,massive-test,massive-test-6055,intent,iot_hue_lightoff,iot_hue_lighton,0.47818199227633046
qwen-qlora-v2-calibrated,massive-test,massive-test-6064,intent,audio_volume_mute,general_greet,0.43268290920507324
qwen-qlora-v2-calibrated,massive-test,massive-test-6093,intent,weather_query,iot_hue_lighton,0.3971352473666171
qwen-qlora-v2-calibrated,massive-test,massive-test-6109,intent,music_likeness,music_dislikeness,0.23951791581029827
qwen-qlora-v2-calibrated,massive-test,massive-test-6118,intent,datetime_query,datetime_convert,0.49490057226173373
qwen-qlora-v2-calibrated,massive-test,massive-test-6181,intent,general_quirky,general_greet,0.6586358063373743
qwen-qlora-v2-calibrated,massive-test,massive-test-6195,intent,general_quirky,calendar_query,0.13063461295768705
qwen-qlora-v2-calibrated,massive-test,massive-test-6201,intent,general_quirky,audio_volume_mute,0.09742279908657468
qwen-qlora-v2-calibrated,massive-test,massive-test-6213,intent,general_quirky,calendar_query,0.9274073723439851
qwen-qlora-v2-calibrated,massive-test,massive-test-6214,intent,general_quirky,calendar_query,0.2571883499658207
qwen-qlora-v2-calibrated,massive-test,massive-test-6220,intent,general_quirky,lists_query,0.07617161465092888
qwen-qlora-v2-calibrated,massive-test,massive-test-6221,intent,general_quirky,qa_factoid,0.1649451753517168
qwen-qlora-v2-calibrated,massive-test,massive-test-6227,intent,general_quirky,calendar_query,0.6943602313283554
qwen-qlora-v2-calibrated,massive-test,massive-test-6229,intent,general_quirky,music_dislikeness,0.6958230607225013
qwen-qlora-v2-calibrated,massive-test,massive-test-6241,intent,general_quirky,social_post,0.21671336447365339
qwen-qlora-v2-calibrated,massive-test,massive-test-6243,intent,general_quirky,music_likeness,0.794761383187001
qwen-qlora-v2-calibrated,massive-test,massive-test-6248,intent,general_quirky,datetime_query,0.1092574275620963
qwen-qlora-v2-calibrated,massive-test,massive-test-6267,intent,general_quirky,general_greet,0.49343760299365297
qwen-qlora-v2-calibrated,massive-test,massive-test-6282,intent,general_quirky,general_greet,0.5778418563920614
qwen-qlora-v2-calibrated,massive-test,massive-test-6288,intent,general_quirky,lists_createoradd,0.10617909769427429
qwen-qlora-v2-calibrated,massive-test,massive-test-6290,intent,general_quirky,recommendation_movies,0.4983814495550668
qwen-qlora-v2-calibrated,massive-test,massive-test-6293,intent,general_quirky,social_post,0.4999129939098899
qwen-qlora-v2-calibrated,massive-test,massive-test-6294,intent,general_quirky,qa_stock,0.31661570100601305
qwen-qlora-v2-calibrated,massive-test,massive-test-6295,intent,general_quirky,transport_traffic,0.2862887748870799
qwen-qlora-v2-calibrated,massive-test,massive-test-6301,intent,general_quirky,general_joke,0.26178606397836474
qwen-qlora-v2-calibrated,massive-test,massive-test-6304,intent,general_quirky,general_greet,0.4688774681804574
qwen-qlora-v2-calibrated,massive-test,massive-test-6305,intent,general_quirky,general_greet,0.34737102542369247
qwen-qlora-v2-calibrated,massive-test,massive-test-6313,intent,general_quirky,qa_maths,0.11688847074695265
qwen-qlora-v2-calibrated,massive-test,massive-test-6319,intent,general_quirky,recommendation_locations,0.613064695521871
qwen-qlora-v2-calibrated,massive-test,massive-test-6322,intent,general_quirky,play_game,0.7462184337562159
qwen-qlora-v2-calibrated,massive-test,massive-test-6325,intent,general_quirky,music_dislikeness,0.8092717019592068
qwen-qlora-v2-calibrated,massive-test,massive-test-6331,intent,general_quirky,social_post,0.1666751492988325
qwen-qlora-v2-calibrated,massive-test,massive-test-6337,intent,general_quirky,general_joke,0.22779927290599153
qwen-qlora-v2-calibrated,massive-test,massive-test-6352,intent,general_quirky,recommendation_locations,0.41820797401533844
qwen-qlora-v2-calibrated,massive-test,massive-test-6353,intent,general_quirky,takeaway_order,0.6786458487720044
qwen-qlora-v2-calibrated,massive-test,massive-test-6371,intent,general_quirky,cooking_recipe,0.10671830895896814
qwen-qlora-v2-calibrated,massive-test,massive-test-6378,intent,general_quirky,music_dislikeness,0.4707170075644647
qwen-qlora-v2-calibrated,massive-test,massive-test-6382,intent,general_quirky,general_joke,0.15627837605554287
qwen-qlora-v2-calibrated,massive-test,massive-test-6385,intent,general_quirky,music_query,0.05284117248236647
qwen-qlora-v2-calibrated,massive-test,massive-test-6388,intent,general_quirky,general_greet,0.533699472597484
qwen-qlora-v2-calibrated,massive-test,massive-test-6402,intent,general_quirky,weather_query,0.39582256399859944
qwen-qlora-v2-calibrated,massive-test,massive-test-6405,intent,general_quirky,qa_factoid,0.19929034411819496
qwen-qlora-v2-calibrated,massive-test,massive-test-6417,intent,general_quirky,lists_createoradd,0.7539273026767369
qwen-qlora-v2-calibrated,massive-test,massive-test-6424,intent,general_quirky,general_greet,0.8800020939934247
qwen-qlora-v2-calibrated,massive-test,massive-test-6426,intent,general_quirky,qa_stock,0.38571855448308234
qwen-qlora-v2-calibrated,massive-test,massive-test-6431,intent,general_quirky,calendar_query,0.25403255915996936
qwen-qlora-v2-calibrated,massive-test,massive-test-6432,intent,general_quirky,calendar_query,0.84736947610855
qwen-qlora-v2-calibrated,massive-test,massive-test-6433,intent,general_quirky,social_post,0.1994072218769332
qwen-qlora-v2-calibrated,massive-test,massive-test-6434,intent,general_quirky,calendar_query,0.14391155258014524
qwen-qlora-v2-calibrated,massive-test,massive-test-6438,intent,general_quirky,lists_remove,0.18119007704511395
qwen-qlora-v2-calibrated,massive-test,massive-test-6439,intent,general_quirky,music_likeness,0.4714258772787774
qwen-qlora-v2-calibrated,massive-test,massive-test-6446,intent,general_quirky,takeaway_query,0.18291033092691666
qwen-qlora-v2-calibrated,massive-test,massive-test-6448,intent,general_quirky,calendar_query,0.12858993272396757
qwen-qlora-v2-calibrated,massive-test,massive-test-6457,intent,general_quirky,general_joke,0.2189734439922894
qwen-qlora-v2-calibrated,massive-test,massive-test-6469,intent,general_quirky,calendar_query,0.13063461295768705
qwen-qlora-v2-calibrated,massive-test,massive-test-6473,intent,general_quirky,weather_query,0.932075469205118
qwen-qlora-v2-calibrated,massive-test,massive-test-6477,intent,general_quirky,takeaway_query,0.11441382431348238
qwen-qlora-v2-calibrated,massive-test,massive-test-6485,intent,general_quirky,music_likeness,0.8306955213798735
qwen-qlora-v2-calibrated,massive-test,massive-test-6489,intent,general_quirky,takeaway_query,0.15299437477852315
qwen-qlora-v2-calibrated,massive-test,massive-test-6495,intent,general_quirky,general_greet,0.08554393620698873
qwen-qlora-v2-calibrated,massive-test,massive-test-6496,intent,general_quirky,general_joke,0.05893949317877391
qwen-qlora-v2-calibrated,massive-test,massive-test-6500,intent,social_query,social_post,0.6999897272818599
qwen-qlora-v2-calibrated,massive-test,massive-test-6503,intent,general_quirky,music_dislikeness,0.09552871177644025
qwen-qlora-v2-calibrated,massive-test,massive-test-6506,intent,general_quirky,qa_factoid,0.528006207643308
qwen-qlora-v2-calibrated,massive-test,massive-test-6515,intent,general_quirky,calendar_query,0.30441302409580906
qwen-qlora-v2-calibrated,massive-test,massive-test-6516,intent,general_quirky,calendar_query,0.8300069080576095
qwen-qlora-v2-calibrated,massive-test,massive-test-6517,intent,general_quirky,calendar_query,0.1819280030481363
qwen-qlora-v2-calibrated,massive-test,massive-test-6533,intent,general_quirky,general_greet,0.20803034834319184
qwen-qlora-v2-calibrated,massive-test,massive-test-6539,intent,calendar_set,lists_createoradd,0.3399060771638399
qwen-qlora-v2-calibrated,massive-test,massive-test-6550,intent,general_quirky,social_post,0.3034407942606414
qwen-qlora-v2-calibrated,massive-test,massive-test-6557,intent,general_quirky,play_audiobook,0.5492469341405013
qwen-qlora-v2-calibrated,massive-test,massive-test-6559,intent,general_quirky,qa_maths,0.14930248516723987
qwen-qlora-v2-calibrated,massive-test,massive-test-6561,intent,general_quirky,news_query,0.1819388015485557
qwen-qlora-v2-calibrated,massive-test,massive-test-6562,intent,general_quirky,qa_maths,0.8274649548460803
qwen-qlora-v2-calibrated,massive-test,massive-test-6568,intent,general_quirky,qa_maths,0.17889245275511712
qwen-qlora-v2-calibrated,massive-test,massive-test-6575,intent,general_quirky,play_audiobook,0.08234258989076002
qwen-qlora-v2-calibrated,massive-test,massive-test-6578,intent,general_quirky,music_likeness,0.4105913552525002
qwen-qlora-v2-calibrated,massive-test,massive-test-6582,intent,general_quirky,general_greet,0.9283810992162329
qwen-qlora-v2-calibrated,massive-test,massive-test-6593,intent,general_quirky,general_joke,0.38923795091496216
qwen-qlora-v2-calibrated,massive-test,massive-test-6594,intent,general_quirky,recommendation_locations,0.7660262095513725
qwen-qlora-v2-calibrated,massive-test,massive-test-6596,intent,general_quirky,general_greet,0.29760354014799933
qwen-qlora-v2-calibrated,massive-test,massive-test-6600,intent,general_quirky,weather_query,0.22536207018479779
qwen-qlora-v2-calibrated,massive-test,massive-test-6615,intent,general_quirky,music_dislikeness,0.13172427607868858
qwen-qlora-v2-calibrated,massive-test,massive-test-6616,intent,general_quirky,datetime_query,0.10253240866694745
qwen-qlora-v2-calibrated,massive-test,massive-test-6617,intent,general_quirky,qa_factoid,0.28345637115137784
qwen-qlora-v2-calibrated,massive-test,massive-test-6621,intent,general_quirky,recommendation_movies,0.9073197888378355
qwen-qlora-v2-calibrated,massive-test,massive-test-6623,intent,general_quirky,qa_factoid,0.10776978645358164
qwen-qlora-v2-calibrated,massive-test,massive-test-6643,intent,general_quirky,qa_factoid,0.19900281781887943
qwen-qlora-v2-calibrated,massive-test,massive-test-6645,intent,general_quirky,qa_factoid,0.08550204976252838
qwen-qlora-v2-calibrated,massive-test,massive-test-6646,intent,general_quirky,qa_factoid,0.42666871118028993
qwen-qlora-v2-calibrated,massive-test,massive-test-6650,intent,general_quirky,general_greet,0.4735915367619077
qwen-qlora-v2-calibrated,massive-test,massive-test-6652,intent,general_quirky,music_dislikeness,0.08892345212428879
qwen-qlora-v2-calibrated,massive-test,massive-test-6663,intent,general_quirky,recommendation_locations,0.9229216454584983
qwen-qlora-v2-calibrated,massive-test,massive-test-6670,intent,general_quirky,news_query,0.10269352661536925
qwen-qlora-v2-calibrated,massive-test,massive-test-6672,intent,general_quirky,general_greet,0.1362433346449459
qwen-qlora-v2-calibrated,massive-test,massive-test-6682,intent,news_query,lists_createoradd,0.09277272570920461
qwen-qlora-v2-calibrated,massive-test,massive-test-6683,intent,news_query,qa_stock,0.6894065663201053
qwen-qlora-v2-calibrated,massive-test,massive-test-6694,intent,general_quirky,recommendation_events,0.15261734755239106
qwen-qlora-v2-calibrated,massive-test,massive-test-6701,intent,general_quirky,weather_query,0.12020169861668395
qwen-qlora-v2-calibrated,massive-test,massive-test-6708,intent,general_quirky,social_post,0.7452480669782129
qwen-qlora-v2-calibrated,massive-test,massive-test-6710,intent,general_quirky,general_greet,0.19964355437286196
qwen-qlora-v2-calibrated,massive-test,massive-test-6720,intent,general_quirky,recommendation_events,0.36861720463435965
qwen-qlora-v2-calibrated,massive-test,massive-test-6725,intent,calendar_set,calendar_query,0.8597714791068004
qwen-qlora-v2-calibrated,massive-test,massive-test-6729,intent,calendar_remove,takeaway_order,0.3810495448548189
qwen-qlora-v2-calibrated,massive-test,massive-test-6737,intent,general_quirky,calendar_query,0.44400613082587514
qwen-qlora-v2-calibrated,massive-test,massive-test-6744,intent,calendar_set,calendar_query,0.4267574651491499
qwen-qlora-v2-calibrated,massive-test,massive-test-6747,intent,calendar_query,lists_query,0.2457459525750402
qwen-qlora-v2-calibrated,massive-test,massive-test-6764,intent,calendar_set,iot_cleaning,0.5138207426316357
qwen-qlora-v2-calibrated,massive-test,massive-test-6789,intent,calendar_set,calendar_query,0.5556888710839054
qwen-qlora-v2-calibrated,massive-test,massive-test-6815,intent,calendar_set,alarm_set,0.7257329145303898
qwen-qlora-v2-calibrated,massive-test,massive-test-6819,intent,calendar_set,music_likeness,0.4199572388868503
qwen-qlora-v2-calibrated,massive-test,massive-test-6836,intent,calendar_set,alarm_set,0.43922015472397735
qwen-qlora-v2-calibrated,massive-test,massive-test-6856,intent,calendar_set,calendar_query,0.8136058939911502
qwen-qlora-v2-calibrated,massive-test,massive-test-6860,intent,calendar_query,recommendation_events,0.7835659660349517
qwen-qlora-v2-calibrated,massive-test,massive-test-6878,intent,calendar_set,calendar_query,0.34815341115586507
qwen-qlora-v2-calibrated,massive-test,massive-test-6891,intent,calendar_query,play_radio,0.6446471683912891
qwen-qlora-v2-calibrated,massive-test,massive-test-6892,intent,calendar_query,recommendation_movies,0.9505710820850805
qwen-qlora-v2-calibrated,massive-test,massive-test-6897,intent,calendar_set,alarm_set,0.4653809937617037
qwen-qlora-v2-calibrated,massive-test,massive-test-6901,intent,calendar_set,alarm_set,0.8419439764807464
qwen-qlora-v2-calibrated,massive-test,massive-test-6902,intent,calendar_set,alarm_set,0.368939545032199
qwen-qlora-v2-calibrated,massive-test,massive-test-6923,intent,calendar_set,alarm_set,0.6779397130329239
qwen-qlora-v2-calibrated,massive-test,massive-test-6926,intent,calendar_query,datetime_query,0.7897072679280865
qwen-qlora-v2-calibrated,massive-test,massive-test-6928,intent,calendar_remove,lists_remove,0.5666271284810582
qwen-qlora-v2-calibrated,massive-test,massive-test-6936,intent,calendar_set,alarm_set,0.39964522031680766
qwen-qlora-v2-calibrated,massive-test,massive-test-6937,intent,calendar_set,alarm_set,0.7727830184279799
qwen-qlora-v2-calibrated,massive-test,massive-test-6959,intent,calendar_set,alarm_set,0.5449167981506766
qwen-qlora-v2-calibrated,massive-test,massive-test-6962,intent,calendar_set,calendar_query,0.7778712333317456
qwen-qlora-v2-calibrated,massive-test,massive-test-6964,intent,calendar_set,alarm_set,0.8342650674292984
qwen-qlora-v2-calibrated,massive-test,massive-test-6967,intent,calendar_query,qa_factoid,0.88274196266432
qwen-qlora-v2-calibrated,massive-test,massive-test-6973,intent,calendar_set,alarm_set,0.8413748739354348
qwen-qlora-v2-calibrated,massive-test,massive-test-6974,intent,calendar_set,calendar_query,0.510695103770659
qwen-qlora-v2-calibrated,massive-test,massive-test-6980,intent,calendar_query,lists_createoradd,0.5435957203269929
qwen-qlora-v2-calibrated,massive-test,massive-test-6994,intent,calendar_set,iot_hue_lighton,0.2067031727175631
qwen-qlora-v2-calibrated,massive-test,massive-test-7026,intent,recommendation_events,recommendation_locations,0.7813891954993392
qwen-qlora-v2-calibrated,massive-test,massive-test-7044,intent,calendar_set,alarm_set,0.7788747789661046
qwen-qlora-v2-calibrated,massive-test,massive-test-7061,intent,calendar_set,alarm_set,0.4785226009275826
qwen-qlora-v2-calibrated,massive-test,massive-test-7073,intent,calendar_set,calendar_query,0.7873685774677999
qwen-qlora-v2-calibrated,massive-test,massive-test-7087,intent,calendar_remove,calendar_query,0.6806269304524608
qwen-qlora-v2-calibrated,massive-test,massive-test-7100,intent,calendar_set,alarm_set,0.45858517902000306
qwen-qlora-v2-calibrated,massive-test,massive-test-7113,intent,calendar_query,recommendation_locations,0.5061865717465817
qwen-qlora-v2-calibrated,massive-test,massive-test-7122,intent,calendar_set,calendar_remove,0.22082157172388836
qwen-qlora-v2-calibrated,massive-test,massive-test-7140,intent,calendar_set,alarm_set,0.8968696304654213
qwen-qlora-v2-calibrated,massive-test,massive-test-7151,intent,calendar_set,alarm_set,0.8190632468695409
qwen-qlora-v2-calibrated,massive-test,massive-test-7152,intent,calendar_set,alarm_set,0.46879431171297553
qwen-qlora-v2-calibrated,massive-test,massive-test-7161,intent,calendar_set,calendar_query,0.3439305142715655
qwen-qlora-v2-calibrated,massive-test,massive-test-7168,intent,general_quirky,qa_factoid,0.7946546494323509
qwen-qlora-v2-calibrated,massive-test,massive-test-7170,intent,calendar_set,alarm_set,0.5822930699969127
qwen-qlora-v2-calibrated,massive-test,massive-test-7181,intent,calendar_set,alarm_set,0.734210430751602
qwen-qlora-v2-calibrated,massive-test,massive-test-7194,intent,calendar_set,calendar_query,0.3720620154417319
qwen-qlora-v2-calibrated,massive-test,massive-test-7196,intent,calendar_set,calendar_query,0.36271470276195467
qwen-qlora-v2-calibrated,massive-test,massive-test-7199,intent,calendar_set,alarm_set,0.8791781261122861
qwen-qlora-v2-calibrated,massive-test,massive-test-7209,intent,calendar_set,qa_stock,0.2473323291226373
qwen-qlora-v2-calibrated,massive-test,massive-test-7216,intent,general_quirky,calendar_query,0.10861867629187714
qwen-qlora-v2-calibrated,massive-test,massive-test-7224,intent,calendar_query,recommendation_locations,0.9050193295890078
qwen-qlora-v2-calibrated,massive-test,massive-test-7232,intent,calendar_query,recommendation_events,0.4751297301352877
qwen-qlora-v2-calibrated,massive-test,massive-test-7257,intent,calendar_set,alarm_set,0.8039760830803426
qwen-qlora-v2-calibrated,massive-test,massive-test-7258,intent,calendar_set,email_sendemail,0.9382450927178657
qwen-qlora-v2-calibrated,massive-test,massive-test-7262,intent,calendar_set,alarm_set,0.5759900237336049
qwen-qlora-v2-calibrated,massive-test,massive-test-7266,intent,calendar_query,lists_query,0.34968761210172
qwen-qlora-v2-calibrated,massive-test,massive-test-7278,intent,calendar_set,alarm_set,0.5207953494051711
qwen-qlora-v2-calibrated,massive-test,massive-test-7287,intent,calendar_set,alarm_set,0.5817046491615588
qwen-qlora-v2-calibrated,massive-test,massive-test-7289,intent,calendar_remove,lists_remove,0.602109788275738
qwen-qlora-v2-calibrated,massive-test,massive-test-7291,intent,calendar_set,alarm_set,0.5567896913809665
qwen-qlora-v2-calibrated,massive-test,massive-test-7292,intent,calendar_set,calendar_query,0.4380112431942067
qwen-qlora-v2-calibrated,massive-test,massive-test-7293,intent,calendar_set,calendar_query,0.4873046095047055
qwen-qlora-v2-calibrated,massive-test,massive-test-7295,intent,calendar_remove,lists_remove,0.29711157850220193
qwen-qlora-v2-calibrated,massive-test,massive-test-7353,intent,email_query,weather_query,0.9675234383033354
qwen-qlora-v2-calibrated,massive-test,massive-test-7355,intent,calendar_set,alarm_set,0.745407653389324
qwen-qlora-v2-calibrated,massive-test,massive-test-7397,intent,calendar_query,recommendation_events,0.6487856179980322
qwen-qlora-v2-calibrated,massive-test,massive-test-7449,intent,calendar_set,calendar_query,0.492240249368844
qwen-qlora-v2-calibrated,massive-test,massive-test-7450,intent,calendar_set,calendar_query,0.3723850404274714
qwen-qlora-v2-calibrated,massive-test,massive-test-7455,intent,calendar_set,calendar_query,0.4875871340892625
qwen-qlora-v2-calibrated,massive-test,massive-test-7461,intent,calendar_set,social_post,0.29407377096409076
qwen-qlora-v2-calibrated,massive-test,massive-test-7463,intent,calendar_set,calendar_query,0.4946603430123271
qwen-qlora-v2-calibrated,massive-test,massive-test-7467,intent,calendar_query,datetime_query,0.4457200674097273
qwen-qlora-v2-calibrated,massive-test,massive-test-7477,intent,calendar_set,alarm_set,0.14803169575401698
qwen-qlora-v2-calibrated,massive-test,massive-test-7520,intent,calendar_set,alarm_set,0.7308899442999951
qwen-qlora-v2-calibrated,massive-test,massive-test-7528,intent,calendar_set,datetime_query,0.6777243260514786
qwen-qlora-v2-calibrated,massive-test,massive-test-7531,intent,calendar_set,iot_hue_lightoff,0.05672384594214287
qwen-qlora-v2-calibrated,massive-test,massive-test-7539,intent,calendar_query,general_greet,0.2982285870346746
qwen-qlora-v2-calibrated,massive-test,massive-test-7542,intent,calendar_set,alarm_set,0.37228178631024855
qwen-qlora-v2-calibrated,massive-test,massive-test-7549,intent,calendar_set,calendar_query,0.5143986298834997
qwen-qlora-v2-calibrated,massive-test,massive-test-7559,intent,calendar_set,alarm_set,0.6238236263956546
qwen-qlora-v2-calibrated,massive-test,massive-test-7563,intent,calendar_set,calendar_query,0.37972166880815633
qwen-qlora-v2-calibrated,massive-test,massive-test-7565,intent,calendar_set,calendar_query,0.6017840601465771
qwen-qlora-v2-calibrated,massive-test,massive-test-7567,intent,calendar_set,calendar_query,0.2465655269864419
qwen-qlora-v2-calibrated,massive-test,massive-test-7569,intent,calendar_query,lists_createoradd,0.4055823371969175
qwen-qlora-v2-calibrated,massive-test,massive-test-7596,intent,calendar_set,social_post,0.2912262594824312
qwen-qlora-v2-calibrated,massive-test,massive-test-7598,intent,calendar_set,calendar_query,0.33049165189473817
qwen-qlora-v2-calibrated,massive-test,massive-test-7606,intent,calendar_set,calendar_query,0.22240319489873728
qwen-qlora-v2-calibrated,massive-test,massive-test-7613,intent,calendar_query,recommendation_events,0.3949818291933765
qwen-qlora-v2-calibrated,massive-test,massive-test-7628,intent,calendar_set,lists_createoradd,0.295136446333841
qwen-qlora-v2-calibrated,massive-test,massive-test-7654,intent,calendar_set,calendar_remove,0.1782904916944243
qwen-qlora-v2-calibrated,massive-test,massive-test-7655,intent,calendar_set,alarm_set,0.4423511770001338
qwen-qlora-v2-calibrated,massive-test,massive-test-7664,intent,calendar_set,takeaway_order,0.46179634652445406
qwen-qlora-v2-calibrated,massive-test,massive-test-7666,intent,calendar_set,calendar_query,0.28145397165480324
qwen-qlora-v2-calibrated,massive-test,massive-test-7686,intent,calendar_set,calendar_query,0.1971568992584988
qwen-qlora-v2-calibrated,massive-test,massive-test-7697,intent,calendar_set,alarm_set,0.8187880258063418
qwen-qlora-v2-calibrated,massive-test,massive-test-7711,intent,calendar_set,calendar_remove,0.8453790137060029
qwen-qlora-v2-calibrated,massive-test,massive-test-7712,intent,calendar_set,calendar_remove,0.8815294569443601
qwen-qlora-v2-calibrated,massive-test,massive-test-7718,intent,calendar_set,email_sendemail,0.84828307738504
qwen-qlora-v2-calibrated,massive-test,massive-test-7726,intent,calendar_set,alarm_set,0.7566128994763178
qwen-qlora-v2-calibrated,massive-test,massive-test-7730,intent,calendar_set,calendar_query,0.47680970197502687
qwen-qlora-v2-calibrated,massive-test,massive-test-7751,intent,calendar_set,alarm_set,0.36267313649903676
qwen-qlora-v2-calibrated,massive-test,massive-test-7767,intent,calendar_set,recommendation_locations,0.5216728748732701
qwen-qlora-v2-calibrated,massive-test,massive-test-7768,intent,calendar_set,recommendation_locations,0.7380154052132287
qwen-qlora-v2-calibrated,massive-test,massive-test-7778,intent,calendar_set,calendar_query,0.712596519424291
qwen-qlora-v2-calibrated,massive-test,massive-test-7808,intent,calendar_set,alarm_set,0.40485323855009675
qwen-qlora-v2-calibrated,massive-test,massive-test-7817,intent,calendar_query,datetime_query,0.8318027689634423
qwen-qlora-v2-calibrated,massive-test,massive-test-7843,intent,calendar_set,alarm_set,0.8591643902890933
qwen-qlora-v2-calibrated,massive-test,massive-test-7844,intent,calendar_query,alarm_query,0.40838041690468685
qwen-qlora-v2-calibrated,massive-test,massive-test-7847,intent,calendar_set,alarm_set,0.07231715341073106
qwen-qlora-v2-calibrated,massive-test,massive-test-7851,intent,calendar_set,calendar_query,0.7531480928948568
qwen-qlora-v2-calibrated,massive-test,massive-test-7863,intent,calendar_set,alarm_set,0.5714760616909416
qwen-qlora-v2-calibrated,massive-test,massive-test-7876,intent,news_query,calendar_query,0.37388889017375887
qwen-qlora-v2-calibrated,massive-test,massive-test-7889,intent,calendar_query,weather_query,0.1818440285466202
qwen-qlora-v2-calibrated,massive-test,massive-test-7894,intent,calendar_set,news_query,0.30058900350839723
qwen-qlora-v2-calibrated,massive-test,massive-test-7916,intent,calendar_set,iot_cleaning,0.4966305732233307
qwen-qlora-v2-calibrated,massive-test,massive-test-7918,intent,calendar_set,social_post,0.25747777309485254
qwen-qlora-v2-calibrated,massive-test,massive-test-7919,intent,calendar_set,social_post,0.5920741645874148
qwen-qlora-v2-calibrated,massive-test,massive-test-7946,intent,calendar_query,music_query,0.8478709834859661
qwen-qlora-v2-calibrated,massive-test,massive-test-7956,intent,calendar_set,alarm_set,0.11667571932294907
qwen-qlora-v2-calibrated,massive-test,massive-test-7966,intent,calendar_query,alarm_query,0.11822021682699553
qwen-qlora-v2-calibrated,massive-test,massive-test-7970,intent,calendar_set,lists_createoradd,0.13717604713418668
qwen-qlora-v2-calibrated,massive-test,massive-test-7971,intent,calendar_set,alarm_set,0.7609823401366186
qwen-qlora-v2-calibrated,massive-test,massive-test-7975,intent,calendar_query,iot_cleaning,0.31059163782497434
qwen-qlora-v2-calibrated,massive-test,massive-test-7980,intent,calendar_set,recommendation_events,0.7242280985640868
qwen-qlora-v2-calibrated,massive-test,massive-test-7981,intent,calendar_set,calendar_query,0.33270181008070127
qwen-qlora-v2-calibrated,massive-test,massive-test-8004,intent,calendar_set,calendar_query,0.2699688044412474
qwen-qlora-v2-calibrated,massive-test,massive-test-8005,intent,calendar_set,calendar_query,0.3527781939341553
qwen-qlora-v2-calibrated,massive-test,massive-test-8033,intent,datetime_query,qa_factoid,0.4452710636229181
qwen-qlora-v2-calibrated,massive-test,massive-test-8035,intent,calendar_set,qa_stock,0.26167150042510695
qwen-qlora-v2-calibrated,massive-test,massive-test-8037,intent,calendar_set,alarm_set,0.8191771500814187
qwen-qlora-v2-calibrated,massive-test,massive-test-8079,intent,calendar_set,alarm_set,0.7931984905248708
qwen-qlora-v2-calibrated,massive-test,massive-test-8085,intent,calendar_set,alarm_set,0.38921565587368623
qwen-qlora-v2-calibrated,massive-test,massive-test-8119,intent,calendar_query,recommendation_locations,0.9280120612666862
qwen-qlora-v2-calibrated,massive-test,massive-test-8148,intent,calendar_query,lists_createoradd,0.2990342185176922
qwen-qlora-v2-calibrated,massive-test,massive-test-8165,intent,calendar_query,alarm_set,0.3241640458851464
qwen-qlora-v2-calibrated,massive-test,massive-test-8188,intent,calendar_query,datetime_query,0.8617671765743268
qwen-qlora-v2-calibrated,massive-test,massive-test-8204,intent,calendar_set,calendar_remove,0.06069170187609777
qwen-qlora-v2-calibrated,massive-test,massive-test-8206,intent,calendar_set,social_post,0.5299220632124011
qwen-qlora-v2-calibrated,massive-test,massive-test-8245,intent,calendar_set,alarm_set,0.5004839466073768
qwen-qlora-v2-calibrated,massive-test,massive-test-8260,intent,calendar_set,alarm_set,0.5271701488416779
qwen-qlora-v2-calibrated,massive-test,massive-test-8261,intent,calendar_set,calendar_remove,0.22838861887160097
qwen-qlora-v2-calibrated,massive-test,massive-test-8269,intent,calendar_set,alarm_set,0.5535584629237768
qwen-qlora-v2-calibrated,massive-test,massive-test-8280,intent,calendar_set,alarm_set,0.8276482508452199
qwen-qlora-v2-calibrated,massive-test,massive-test-8290,intent,calendar_set,calendar_query,0.6360747120265372
qwen-qlora-v2-calibrated,massive-test,massive-test-8300,intent,calendar_set,calendar_query,0.30346036970338286
qwen-qlora-v2-calibrated,massive-test,massive-test-8308,intent,news_query,qa_factoid,0.47088973495896874
qwen-qlora-v2-calibrated,massive-test,massive-test-8320,intent,general_quirky,recommendation_events,0.6309826578687198
qwen-qlora-v2-calibrated,massive-test,massive-test-8322,intent,general_quirky,recommendation_events,0.48364917791573
qwen-qlora-v2-calibrated,massive-test,massive-test-8345,intent,calendar_set,calendar_query,0.9077344714946397
qwen-qlora-v2-calibrated,massive-test,massive-test-8347,intent,calendar_query,qa_factoid,0.577046197285801
qwen-qlora-v2-calibrated,massive-test,massive-test-8358,intent,calendar_set,alarm_query,0.43054259417266544
qwen-qlora-v2-calibrated,massive-test,massive-test-8387,intent,calendar_set,alarm_set,0.8544961538998385
qwen-qlora-v2-calibrated,massive-test,massive-test-8388,intent,calendar_set,iot_cleaning,0.21506295547353266
qwen-qlora-v2-calibrated,massive-test,massive-test-8390,intent,calendar_set,calendar_query,0.6253712296621459
qwen-qlora-v2-calibrated,massive-test,massive-test-8394,intent,calendar_set,alarm_set,0.6278544744876267
qwen-qlora-v2-calibrated,massive-test,massive-test-8402,intent,general_quirky,calendar_query,0.6295962136215374
qwen-qlora-v2-calibrated,massive-test,massive-test-8413,intent,calendar_set,iot_hue_lighton,0.1580287718813168
qwen-qlora-v2-calibrated,massive-test,massive-test-8414,intent,calendar_set,alarm_set,0.23012531827016153
qwen-qlora-v2-calibrated,massive-test,massive-test-8415,intent,calendar_set,calendar_query,0.7494769056232345
qwen-qlora-v2-calibrated,massive-test,massive-test-8426,intent,calendar_query,news_query,0.9072777394991586
qwen-qlora-v2-calibrated,massive-test,massive-test-8436,intent,calendar_set,calendar_query,0.4539108712399595
qwen-qlora-v2-calibrated,massive-test,massive-test-8442,intent,calendar_set,calendar_query,0.35683122245414095
qwen-qlora-v2-calibrated,massive-test,massive-test-8449,intent,calendar_set,alarm_set,0.813387195282184
qwen-qlora-v2-calibrated,massive-test,massive-test-8466,intent,calendar_set,alarm_set,0.31657075124656503
qwen-qlora-v2-calibrated,massive-test,massive-test-8539,intent,calendar_set,alarm_set,0.23389322852494343
qwen-qlora-v2-calibrated,massive-test,massive-test-8541,intent,calendar_set,iot_hue_lighton,0.2067031727175631
qwen-qlora-v2-calibrated,massive-test,massive-test-8568,intent,calendar_set,social_post,0.2635162674904238
qwen-qlora-v2-calibrated,massive-test,massive-test-8570,intent,calendar_set,calendar_query,0.6571142066749227
qwen-qlora-v2-calibrated,massive-test,massive-test-8585,intent,calendar_set,recommendation_events,0.3827987774960082
qwen-qlora-v2-calibrated,massive-test,massive-test-8598,intent,calendar_set,transport_taxi,0.21776618879051773
qwen-qlora-v2-calibrated,massive-test,massive-test-8618,intent,calendar_set,alarm_set,0.36973007330528307
qwen-qlora-v2-calibrated,massive-test,massive-test-8635,intent,calendar_set,takeaway_order,0.3565171802785562
qwen-qlora-v2-calibrated,massive-test,massive-test-8651,intent,calendar_set,calendar_query,0.5722655009196073
qwen-qlora-v2-calibrated,massive-test,massive-test-8653,intent,calendar_set,alarm_set,0.6922428309190192
qwen-qlora-v2-calibrated,massive-test,massive-test-8672,intent,calendar_query,music_query,0.07546765849688696
qwen-qlora-v2-calibrated,massive-test,massive-test-8679,intent,calendar_query,datetime_query,0.3941739289630963
qwen-qlora-v2-calibrated,massive-test,massive-test-8694,intent,calendar_set,social_post,0.3162651278023598
qwen-qlora-v2-calibrated,massive-test,massive-test-8767,intent,calendar_query,qa_factoid,0.7476658020775675
qwen-qlora-v2-calibrated,massive-test,massive-test-8795,intent,calendar_query,lists_query,0.07397402408549779
qwen-qlora-v2-calibrated,massive-test,massive-test-8825,intent,calendar_set,calendar_query,0.4104373697687582
qwen-qlora-v2-calibrated,massive-test,massive-test-8857,intent,calendar_set,music_likeness,0.4050701696382996
qwen-qlora-v2-calibrated,massive-test,massive-test-8868,intent,calendar_set,alarm_set,0.8019461580731309
qwen-qlora-v2-calibrated,massive-test,massive-test-8880,intent,calendar_set,alarm_set,0.7505645123560256
qwen-qlora-v2-calibrated,massive-test,massive-test-8888,intent,calendar_remove,lists_remove,0.2509431014590604
qwen-qlora-v2-calibrated,massive-test,massive-test-8900,intent,calendar_set,alarm_set,0.8335075827470964
qwen-qlora-v2-calibrated,massive-test,massive-test-8907,intent,calendar_set,calendar_query,0.7092046699086607
qwen-qlora-v2-calibrated,massive-test,massive-test-8939,intent,calendar_set,recommendation_events,0.3351036665602609
qwen-qlora-v2-calibrated,massive-test,massive-test-8949,intent,calendar_remove,alarm_remove,0.5840934136127293
qwen-qlora-v2-calibrated,massive-test,massive-test-8960,intent,calendar_set,alarm_set,0.8132384331166538
qwen-qlora-v2-calibrated,massive-test,massive-test-8967,intent,calendar_set,alarm_set,0.7266080856442123
qwen-qlora-v2-calibrated,massive-test,massive-test-8968,intent,calendar_set,calendar_query,0.327045437251856
qwen-qlora-v2-calibrated,massive-test,massive-test-8977,intent,calendar_set,takeaway_query,0.21230971053420367
qwen-qlora-v2-calibrated,massive-test,massive-test-8978,intent,calendar_set,calendar_query,0.6775696557074495
qwen-qlora-v2-calibrated,massive-test,massive-test-8990,intent,calendar_set,calendar_query,0.08541067428979399
qwen-qlora-v2-calibrated,massive-test,massive-test-8992,intent,calendar_set,calendar_query,0.7743758501364195
qwen-qlora-v2-calibrated,massive-test,massive-test-9011,intent,calendar_query,qa_factoid,0.7804368158657609
qwen-qlora-v2-calibrated,massive-test,massive-test-9014,intent,calendar_set,alarm_set,0.7035795009923316
qwen-qlora-v2-calibrated,massive-test,massive-test-9043,intent,calendar_set,calendar_query,0.7163196192938697
qwen-qlora-v2-calibrated,massive-test,massive-test-9054,intent,calendar_set,alarm_query,0.16100003191173629
qwen-qlora-v2-calibrated,massive-test,massive-test-9059,intent,calendar_set,alarm_set,0.2401521798690647
qwen-qlora-v2-calibrated,massive-test,massive-test-9062,intent,calendar_set,calendar_query,0.15267149312464764
qwen-qlora-v2-calibrated,massive-test,massive-test-9074,intent,calendar_remove,lists_remove,0.8485480644289032
qwen-qlora-v2-calibrated,massive-test,massive-test-9107,intent,calendar_query,music_query,0.7419910302848265
qwen-qlora-v2-calibrated,massive-test,massive-test-9110,intent,calendar_set,datetime_query,0.7234989674949609
qwen-qlora-v2-calibrated,massive-test,massive-test-9114,intent,calendar_set,alarm_set,0.5457833006193699
qwen-qlora-v2-calibrated,massive-test,massive-test-9124,intent,calendar_set,calendar_query,0.9364619003364375
qwen-qlora-v2-calibrated,massive-test,massive-test-9137,intent,calendar_query,takeaway_query,0.42207508134802973
qwen-qlora-v2-calibrated,massive-test,massive-test-9156,intent,calendar_set,calendar_query,0.08666927433221895
qwen-qlora-v2-calibrated,massive-test,massive-test-9187,intent,calendar_set,calendar_query,0.7764915423911992
qwen-qlora-v2-calibrated,massive-test,massive-test-9193,intent,calendar_set,alarm_set,0.5362908522043824
qwen-qlora-v2-calibrated,massive-test,massive-test-9233,intent,play_radio,play_audiobook,0.47812736380659926
qwen-qlora-v2-calibrated,massive-test,massive-test-9236,intent,play_radio,play_music,0.38432917722531823
qwen-qlora-v2-calibrated,massive-test,massive-test-9284,intent,play_radio,music_dislikeness,0.5697169966989345
qwen-qlora-v2-calibrated,massive-test,massive-test-9291,intent,play_radio,play_audiobook,0.41327983773228355
qwen-qlora-v2-calibrated,massive-test,massive-test-9301,intent,play_radio,music_likeness,0.3359055706495247
qwen-qlora-v2-calibrated,massive-test,massive-test-9305,intent,play_radio,play_music,0.4893785899363668
qwen-qlora-v2-calibrated,massive-test,massive-test-9323,intent,play_radio,iot_hue_lighton,0.14825875451378115
qwen-qlora-v2-calibrated,massive-test,massive-test-9330,intent,play_radio,play_audiobook,0.41327983773228355
qwen-qlora-v2-calibrated,massive-test,massive-test-9353,intent,play_radio,play_music,0.45172754736714105
qwen-qlora-v2-calibrated,massive-test,massive-test-9364,intent,play_radio,play_music,0.44045494462025675
qwen-qlora-v2-calibrated,massive-test,massive-test-9406,intent,play_radio,play_music,0.5212384082667023
qwen-qlora-v2-calibrated,massive-test,massive-test-9426,intent,play_radio,music_settings,0.5382569101409551
qwen-qlora-v2-calibrated,massive-test,massive-test-9494,intent,play_radio,play_podcasts,0.4790406353942792
qwen-qlora-v2-calibrated,massive-test,massive-test-9519,intent,play_radio,play_music,0.5594513551437982
qwen-qlora-v2-calibrated,massive-test,massive-test-9554,intent,play_radio,music_likeness,0.23707008236310642
qwen-qlora-v2-calibrated,massive-test,massive-test-9562,intent,play_radio,play_music,0.6639131816076701
qwen-qlora-v2-calibrated,massive-test,massive-test-9565,intent,play_radio,music_dislikeness,0.2236240032501719
qwen-qlora-v2-calibrated,massive-test,massive-test-9568,intent,play_radio,play_music,0.31799254180102504
qwen-qlora-v2-calibrated,massive-test,massive-test-9569,intent,play_radio,play_music,0.32297065701992544
qwen-qlora-v2-calibrated,massive-test,massive-test-9630,intent,play_radio,play_music,0.6363347861912135
qwen-qlora-v2-calibrated,massive-test,massive-test-9640,intent,play_radio,play_music,0.5589035288379126
qwen-qlora-v2-calibrated,massive-test,massive-test-9651,intent,play_radio,play_music,0.43133274176947956
qwen-qlora-v2-calibrated,massive-test,massive-test-9669,intent,play_audiobook,music_likeness,0.38990377656556074
qwen-qlora-v2-calibrated,massive-test,massive-test-9678,intent,play_audiobook,play_music,0.2633458067433653
qwen-qlora-v2-calibrated,massive-test,massive-test-9680,intent,play_audiobook,play_music,0.4057621641251292
qwen-qlora-v2-calibrated,massive-test,massive-test-9694,intent,play_audiobook,play_music,0.4161395796844155
qwen-qlora-v2-calibrated,massive-test,massive-test-9700,intent,play_audiobook,play_music,0.48847865746437685
qwen-qlora-v2-calibrated,massive-test,massive-test-9718,intent,play_audiobook,play_music,0.5707442496592219
qwen-qlora-v2-calibrated,massive-test,massive-test-9720,intent,play_audiobook,recommendation_movies,0.38519365071621986
qwen-qlora-v2-calibrated,massive-test,massive-test-9746,intent,play_audiobook,play_music,0.47877644857035834
qwen-qlora-v2-calibrated,massive-test,massive-test-9760,intent,play_audiobook,music_dislikeness,0.49619791950337727
qwen-qlora-v2-calibrated,massive-test,massive-test-9761,intent,play_audiobook,iot_hue_lighton,0.07054797039125035
qwen-qlora-v2-calibrated,massive-test,massive-test-9795,intent,play_music,music_dislikeness,0.50542824902454
qwen-qlora-v2-calibrated,massive-test,massive-test-9827,intent,play_audiobook,play_podcasts,0.47159327224257924
qwen-qlora-v2-calibrated,massive-test,massive-test-9851,intent,play_audiobook,play_game,0.1289477250136069
qwen-qlora-v2-calibrated,massive-test,massive-test-9855,intent,play_audiobook,play_music,0.500833345701865
qwen-qlora-v2-calibrated,massive-test,massive-test-9856,intent,play_audiobook,play_music,0.5538399347763145
qwen-qlora-v2-calibrated,massive-test,massive-test-9857,intent,play_audiobook,play_music,0.41050694273867827
qwen-qlora-v2-calibrated,massive-test,massive-test-9885,intent,play_audiobook,play_music,0.4761775698461287
qwen-qlora-v2-calibrated,massive-test,massive-test-9895,intent,play_audiobook,play_music,0.5274676269576906
qwen-qlora-v2-calibrated,massive-test,massive-test-9896,intent,play_audiobook,lists_query,0.06840936773966137
qwen-qlora-v2-calibrated,massive-test,massive-test-9897,intent,play_audiobook,play_music,0.2073375011725815
qwen-qlora-v2-calibrated,massive-test,massive-test-9912,intent,cooking_recipe,cooking_query,0.6811324006837295
qwen-qlora-v2-calibrated,massive-test,massive-test-9923,intent,cooking_recipe,cooking_query,0.5302068111985007
qwen-qlora-v2-calibrated,massive-test,massive-test-9930,intent,cooking_recipe,cooking_query,0.7294826960838678
qwen-qlora-v2-calibrated,massive-test,massive-test-9931,intent,cooking_recipe,cooking_query,0.6134284734387059
qwen-qlora-v2-calibrated,massive-test,massive-test-9941,intent,cooking_recipe,cooking_query,0.5918033909346538
qwen-qlora-v2-calibrated,massive-test,massive-test-9956,intent,cooking_recipe,music_settings,0.23578729452011826
qwen-qlora-v2-calibrated,massive-test,massive-test-9961,intent,cooking_recipe,cooking_query,0.7836056360440096
qwen-qlora-v2-calibrated,massive-test,massive-test-9964,intent,cooking_recipe,music_settings,0.27575122345907155
qwen-qlora-v2-calibrated,massive-test,massive-test-9969,intent,cooking_recipe,cooking_query,0.4223002613541727
qwen-qlora-v2-calibrated,massive-test,massive-test-9971,intent,cooking_recipe,cooking_query,0.5787545135635602
qwen-qlora-v2-calibrated,massive-test,massive-test-9980,intent,cooking_recipe,cooking_query,0.41377156373614854
qwen-qlora-v2-calibrated,massive-test,massive-test-9986,intent,cooking_recipe,recommendation_events,0.11340397197302748
qwen-qlora-v2-calibrated,massive-test,massive-test-10016,intent,cooking_recipe,music_settings,0.17556913789046477
qwen-qlora-v2-calibrated,massive-test,massive-test-10027,intent,cooking_recipe,cooking_query,0.3002613406620711
qwen-qlora-v2-calibrated,massive-test,massive-test-10038,intent,cooking_recipe,cooking_query,0.640731324322469
qwen-qlora-v2-calibrated,massive-test,massive-test-10048,intent,cooking_recipe,cooking_query,0.35625517186780664
qwen-qlora-v2-calibrated,massive-test,massive-test-10053,intent,cooking_recipe,cooking_query,0.3119594634439991
qwen-qlora-v2-calibrated,massive-test,massive-test-10061,intent,cooking_recipe,cooking_query,0.39050465706354276
qwen-qlora-v2-calibrated,massive-test,massive-test-10072,intent,cooking_recipe,cooking_query,0.5845034621699997
qwen-qlora-v2-calibrated,massive-test,massive-test-10076,intent,cooking_recipe,cooking_query,0.29238395196299694
qwen-qlora-v2-calibrated,massive-test,massive-test-10078,intent,cooking_recipe,cooking_query,0.49390691548769244
qwen-qlora-v2-calibrated,massive-test,massive-test-10080,intent,cooking_recipe,music_settings,0.36388941787955176
qwen-qlora-v2-calibrated,massive-test,massive-test-10093,intent,cooking_recipe,cooking_query,0.31196541496799246
qwen-qlora-v2-calibrated,massive-test,massive-test-10105,intent,cooking_recipe,cooking_query,0.7979298870558995
qwen-qlora-v2-calibrated,massive-test,massive-test-10119,intent,cooking_recipe,iot_hue_lighton,0.07981918547211547
qwen-qlora-v2-calibrated,massive-test,massive-test-10125,intent,cooking_recipe,music_settings,0.348114801722559
qwen-qlora-v2-calibrated,massive-test,massive-test-10132,intent,cooking_recipe,cooking_query,0.8396146277743083
qwen-qlora-v2-calibrated,massive-test,massive-test-10164,intent,cooking_recipe,cooking_query,0.256682412835573
qwen-qlora-v2-calibrated,massive-test,massive-test-10216,intent,cooking_recipe,takeaway_query,0.4417969818386021
qwen-qlora-v2-calibrated,massive-test,massive-test-10220,intent,cooking_recipe,cooking_query,0.3932479081764974
qwen-qlora-v2-calibrated,massive-test,massive-test-10224,intent,cooking_recipe,music_settings,0.3072754601918018
qwen-qlora-v2-calibrated,massive-test,massive-test-10256,intent,play_game,music_dislikeness,0.09107954289521873
qwen-qlora-v2-calibrated,massive-test,massive-test-10335,intent,play_game,social_query,0.06374430654031893
qwen-qlora-v2-calibrated,massive-test,massive-test-10349,intent,play_game,iot_hue_lightchange,0.23097661015488738
qwen-qlora-v2-calibrated,massive-test,massive-test-10353,intent,play_game,news_query,0.18791093503438835
qwen-qlora-v2-calibrated,massive-test,massive-test-10403,intent,play_game,iot_hue_lighton,0.13569502092506158
qwen-qlora-v2-calibrated,massive-test,massive-test-10440,intent,lists_query,lists_createoradd,0.42225537639946514
qwen-qlora-v2-calibrated,massive-test,massive-test-10451,intent,lists_query,calendar_query,0.7053552486118037
qwen-qlora-v2-calibrated,massive-test,massive-test-10455,intent,lists_query,lists_createoradd,0.7497831982919683
qwen-qlora-v2-calibrated,massive-test,massive-test-10493,intent,lists_query,lists_createoradd,0.4746559922091628
qwen-qlora-v2-calibrated,massive-test,massive-test-10497,intent,qa_factoid,recommendation_locations,0.8548878402738692
qwen-qlora-v2-calibrated,massive-test,massive-test-10525,intent,lists_remove,calendar_remove,0.784211255286046
qwen-qlora-v2-calibrated,massive-test,massive-test-10534,intent,lists_query,lists_createoradd,0.5659226990126247
qwen-qlora-v2-calibrated,massive-test,massive-test-10538,intent,lists_query,lists_createoradd,0.7225241268201402
qwen-qlora-v2-calibrated,massive-test,massive-test-10571,intent,lists_query,iot_hue_lighton,0.10372921189978647
qwen-qlora-v2-calibrated,massive-test,massive-test-10577,intent,lists_query,lists_createoradd,0.7959234018662028
qwen-qlora-v2-calibrated,massive-test,massive-test-10579,intent,lists_remove,lists_createoradd,0.3595795376429579
qwen-qlora-v2-calibrated,massive-test,massive-test-10608,intent,lists_createoradd,calendar_query,0.36210723296859815
qwen-qlora-v2-calibrated,massive-test,massive-test-10655,intent,lists_remove,lists_query,0.4561903934846794
qwen-qlora-v2-calibrated,massive-test,massive-test-10687,intent,lists_remove,calendar_remove,0.8007251079989676
qwen-qlora-v2-calibrated,massive-test,massive-test-10696,intent,lists_remove,iot_hue_lighton,0.09791084737279261
qwen-qlora-v2-calibrated,massive-test,massive-test-10731,intent,lists_query,lists_createoradd,0.619975048625236
qwen-qlora-v2-calibrated,massive-test,massive-test-10753,intent,lists_query,takeaway_query,0.31605732468959696
qwen-qlora-v2-calibrated,massive-test,massive-test-10756,intent,lists_remove,lists_createoradd,0.4014373019239038
qwen-qlora-v2-calibrated,massive-test,massive-test-10759,intent,lists_query,lists_createoradd,0.8337939047733292
qwen-qlora-v2-calibrated,massive-test,massive-test-10776,intent,lists_query,lists_createoradd,0.7566513682461974
qwen-qlora-v2-calibrated,massive-test,massive-test-10804,intent,lists_query,lists_createoradd,0.6562709904257714
qwen-qlora-v2-calibrated,massive-test,massive-test-10816,intent,lists_createoradd,play_music,0.7590969868657044
qwen-qlora-v2-calibrated,massive-test,massive-test-10853,intent,lists_remove,music_dislikeness,0.08995691464497534
qwen-qlora-v2-calibrated,massive-test,massive-test-10909,intent,lists_query,lists_createoradd,0.7587911763567545
qwen-qlora-v2-calibrated,massive-test,massive-test-10927,intent,lists_query,lists_createoradd,0.842592178680997
qwen-qlora-v2-calibrated,massive-test,massive-test-10956,intent,lists_query,email_querycontact,0.6152249072937607
qwen-qlora-v2-calibrated,massive-test,massive-test-10981,intent,lists_query,lists_createoradd,0.7060090025562665
qwen-qlora-v2-calibrated,massive-test,massive-test-11098,intent,lists_remove,calendar_remove,0.40336342173062656
qwen-qlora-v2-calibrated,massive-test,massive-test-11124,intent,lists_query,lists_createoradd,0.9523759639033731
qwen-qlora-v2-calibrated,massive-test,massive-test-11125,intent,lists_query,takeaway_query,0.7794941101262656
qwen-qlora-v2-calibrated,massive-test,massive-test-11146,intent,lists_createoradd,email_addcontact,0.7981100225052596
qwen-qlora-v2-calibrated,massive-test,massive-test-11166,intent,lists_query,lists_createoradd,0.8524556651393681
qwen-qlora-v2-calibrated,massive-test,massive-test-11172,intent,lists_query,lists_createoradd,0.5303487369839947
qwen-qlora-v2-calibrated,massive-test,massive-test-11180,intent,calendar_query,recommendation_events,0.4017122573728326
qwen-qlora-v2-calibrated,massive-test,massive-test-11186,intent,lists_query,lists_createoradd,0.8861480556632748
qwen-qlora-v2-calibrated,massive-test,massive-test-11189,intent,lists_query,lists_createoradd,0.5817870343227249
qwen-qlora-v2-calibrated,massive-test,massive-test-11204,intent,lists_query,audio_volume_other,0.09816069885525382
qwen-qlora-v2-calibrated,massive-test,massive-test-11215,intent,lists_query,lists_createoradd,0.699124747265418
qwen-qlora-v2-calibrated,massive-test,massive-test-11250,intent,lists_query,lists_createoradd,0.8326841906130666
qwen-qlora-v2-calibrated,massive-test,massive-test-11257,intent,play_podcasts,play_music,0.3374902366934601
qwen-qlora-v2-calibrated,massive-test,massive-test-11261,intent,play_podcasts,iot_hue_lighton,0.06176133241687434
qwen-qlora-v2-calibrated,massive-test,massive-test-11265,intent,play_podcasts,play_music,0.5762350267892792
qwen-qlora-v2-calibrated,massive-test,massive-test-11272,intent,play_podcasts,play_music,0.4833926338665385
qwen-qlora-v2-calibrated,massive-test,massive-test-11273,intent,play_audiobook,play_music,0.3617165852624374
qwen-qlora-v2-calibrated,massive-test,massive-test-11306,intent,play_podcasts,play_music,0.37672308561288026
qwen-qlora-v2-calibrated,massive-test,massive-test-11322,intent,play_podcasts,general_greet,0.34737102542369247
qwen-qlora-v2-calibrated,massive-test,massive-test-11343,intent,play_podcasts,social_post,0.15820749909374268
qwen-qlora-v2-calibrated,massive-test,massive-test-11366,intent,play_podcasts,play_audiobook,0.1961807345670324
qwen-qlora-v2-calibrated,massive-test,massive-test-11417,intent,play_podcasts,recommendation_movies,0.10088389025421116
qwen-qlora-v2-calibrated,massive-test,massive-test-11423,intent,play_podcasts,audio_volume_down,0.09435229327799922
qwen-qlora-v2-calibrated,massive-test,massive-test-11424,intent,play_podcasts,music_dislikeness,0.12719164972944422
qwen-qlora-v2-calibrated,massive-test,massive-test-11427,intent,play_podcasts,iot_hue_lighton,0.084689940415683
qwen-qlora-v2-calibrated,massive-test,massive-test-11455,intent,play_podcasts,calendar_query,0.1072649976966487
qwen-qlora-v2-calibrated,massive-test,massive-test-11483,intent,play_podcasts,play_music,0.589535156766375
qwen-qlora-v2-calibrated,massive-test,massive-test-11502,intent,play_podcasts,calendar_set,0.05854717973109489
qwen-qlora-v2-calibrated,massive-test,massive-test-11546,intent,play_podcasts,calendar_query,0.2172712788745624
qwen-qlora-v2-calibrated,massive-test,massive-test-11563,intent,recommendation_events,recommendation_locations,0.8194904079232461
qwen-qlora-v2-calibrated,massive-test,massive-test-11570,intent,recommendation_events,weather_query,0.3445007959216364
qwen-qlora-v2-calibrated,massive-test,massive-test-11582,intent,recommendation_events,recommendation_locations,0.821633692883969
qwen-qlora-v2-calibrated,massive-test,massive-test-11600,intent,recommendation_events,recommendation_movies,0.9353126522733599
qwen-qlora-v2-calibrated,massive-test,massive-test-11610,intent,recommendation_events,recommendation_locations,0.4555674275191213
qwen-qlora-v2-calibrated,massive-test,massive-test-11612,intent,recommendation_events,qa_factoid,0.6485141670017502
qwen-qlora-v2-calibrated,massive-test,massive-test-11643,intent,recommendation_events,calendar_query,0.38851884758883437
qwen-qlora-v2-calibrated,massive-test,massive-test-11650,intent,recommendation_events,qa_factoid,0.7341587190358185
qwen-qlora-v2-calibrated,massive-test,massive-test-11677,intent,recommendation_locations,takeaway_query,0.5709555356118771
qwen-qlora-v2-calibrated,massive-test,massive-test-11681,intent,recommendation_events,recommendation_locations,0.6236240090393297
qwen-qlora-v2-calibrated,massive-test,massive-test-11685,intent,recommendation_events,general_greet,0.23467734575234067
qwen-qlora-v2-calibrated,massive-test,massive-test-11705,intent,recommendation_events,recommendation_locations,0.6181195514506168
qwen-qlora-v2-calibrated,massive-test,massive-test-11720,intent,recommendation_events,music_dislikeness,0.05994547832594887
qwen-qlora-v2-calibrated,massive-test,massive-test-11764,intent,recommendation_movies,datetime_convert,0.06188446815118652
qwen-qlora-v2-calibrated,massive-test,massive-test-11827,intent,recommendation_events,recommendation_locations,0.9204670941177785
qwen-qlora-v2-calibrated,massive-test,massive-test-11841,intent,recommendation_events,recommendation_locations,0.6875146971226175
qwen-qlora-v2-calibrated,massive-test,massive-test-11860,intent,recommendation_events,recommendation_locations,0.8084370829724953
qwen-qlora-v2-calibrated,massive-test,massive-test-11867,intent,recommendation_events,weather_query,0.7287924224199801
qwen-qlora-v2-calibrated,massive-test,massive-test-11875,intent,recommendation_events,recommendation_locations,0.5572034459922718
qwen-qlora-v2-calibrated,massive-test,massive-test-11904,intent,recommendation_events,calendar_query,0.4483380608371425
qwen-qlora-v2-calibrated,massive-test,massive-test-11911,intent,recommendation_events,recommendation_locations,0.695829118475747
qwen-qlora-v2-calibrated,massive-test,massive-test-11916,intent,recommendation_events,recommendation_locations,0.9073826359580588
qwen-qlora-v2-calibrated,massive-test,massive-test-11922,intent,recommendation_locations,takeaway_query,0.4696462506348193
qwen-qlora-v2-calibrated,massive-test,massive-test-11932,intent,recommendation_movies,calendar_query,0.46132316269565826
qwen-qlora-v2-calibrated,massive-test,massive-test-11954,intent,recommendation_locations,recommendation_movies,0.7309581086894957
qwen-qlora-v2-calibrated,massive-test,massive-test-11969,intent,recommendation_events,recommendation_locations,0.8574650049139415
qwen-qlora-v2-calibrated,massive-test,massive-test-12054,intent,recommendation_events,recommendation_locations,0.3078968836164823
qwen-qlora-v2-calibrated,massive-test,massive-test-12070,intent,recommendation_events,takeaway_query,0.6335171527600759
qwen-qlora-v2-calibrated,massive-test,massive-test-12073,intent,recommendation_events,calendar_query,0.6775130171173184
qwen-qlora-v2-calibrated,massive-test,massive-test-12098,intent,recommendation_events,play_music,0.3244175511638419
qwen-qlora-v2-calibrated,massive-test,massive-test-12160,intent,transport_taxi,transport_ticket,0.5171245378680168
qwen-qlora-v2-calibrated,massive-test,massive-test-12182,intent,transport_traffic,takeaway_order,0.3102712582082283
qwen-qlora-v2-calibrated,massive-test,massive-test-12240,intent,transport_query,transport_traffic,0.713396975850279
qwen-qlora-v2-calibrated,massive-test,massive-test-12245,intent,transport_query,transport_ticket,0.6972305805603162
qwen-qlora-v2-calibrated,massive-test,massive-test-12251,intent,transport_query,transport_ticket,0.6875774764204834
qwen-qlora-v2-calibrated,massive-test,massive-test-12252,intent,transport_query,transport_ticket,0.6777248316339438
qwen-qlora-v2-calibrated,massive-test,massive-test-12254,intent,transport_traffic,transport_query,0.7772381034695487
qwen-qlora-v2-calibrated,massive-test,massive-test-12256,intent,transport_traffic,recommendation_locations,0.8417648147021517
qwen-qlora-v2-calibrated,massive-test,massive-test-12261,intent,transport_query,transport_ticket,0.7615725515309404
qwen-qlora-v2-calibrated,massive-test,massive-test-12263,intent,transport_query,weather_query,0.18402463140362268
qwen-qlora-v2-calibrated,massive-test,massive-test-12264,intent,transport_query,calendar_query,0.3027234608886525
qwen-qlora-v2-calibrated,massive-test,massive-test-12289,intent,transport_traffic,music_dislikeness,0.40774920373825607
qwen-qlora-v2-calibrated,massive-test,massive-test-12294,intent,transport_query,transport_ticket,0.68986304279922
qwen-qlora-v2-calibrated,massive-test,massive-test-12310,intent,transport_query,transport_ticket,0.6944346141643205
qwen-qlora-v2-calibrated,massive-test,massive-test-12343,intent,transport_query,transport_ticket,0.5976242220303734
qwen-qlora-v2-calibrated,massive-test,massive-test-12354,intent,transport_query,transport_ticket,0.5577015201838218
qwen-qlora-v2-calibrated,massive-test,massive-test-12392,intent,transport_query,datetime_query,0.2273452706594589
qwen-qlora-v2-calibrated,massive-test,massive-test-12402,intent,transport_query,transport_ticket,0.6875117689141597
qwen-qlora-v2-calibrated,massive-test,massive-test-12430,intent,transport_query,transport_ticket,0.691359028912054
qwen-qlora-v2-calibrated,massive-test,massive-test-12446,intent,transport_query,transport_ticket,0.6088097766761783
qwen-qlora-v2-calibrated,massive-test,massive-test-12526,intent,transport_query,recommendation_locations,0.5106452020013015
qwen-qlora-v2-calibrated,massive-test,massive-test-12604,intent,transport_query,transport_ticket,0.7890876403160884
qwen-qlora-v2-calibrated,massive-test,massive-test-12618,intent,transport_query,transport_ticket,0.7339831219754394
qwen-qlora-v2-calibrated,massive-test,massive-test-12623,intent,transport_query,transport_ticket,0.4743378157043576
qwen-qlora-v2-calibrated,massive-test,massive-test-12629,intent,transport_query,qa_factoid,0.4343681090451481
qwen-qlora-v2-calibrated,massive-test,massive-test-12634,intent,transport_query,transport_ticket,0.6494267429087524
qwen-qlora-v2-calibrated,massive-test,massive-test-12675,intent,transport_traffic,transport_ticket,0.22339078744916954
qwen-qlora-v2-calibrated,massive-test,massive-test-12693,intent,transport_traffic,transport_query,0.9239445622675143
qwen-qlora-v2-calibrated,massive-test,massive-test-12759,intent,transport_query,transport_taxi,0.3853876807194909
qwen-qlora-v2-calibrated,massive-test,massive-test-12789,intent,transport_traffic,transport_query,0.4754169399902995
qwen-qlora-v2-calibrated,massive-test,massive-test-12800,intent,transport_query,recommendation_locations,0.9214114016412519
qwen-qlora-v2-calibrated,massive-test,massive-test-12813,intent,transport_ticket,transport_query,0.4558503389751356
qwen-qlora-v2-calibrated,massive-test,massive-test-12818,intent,transport_query,transport_ticket,0.7162196548182477
qwen-qlora-v2-calibrated,massive-test,massive-test-12824,intent,transport_query,transport_ticket,0.5875834123384832
qwen-qlora-v2-calibrated,massive-test,massive-test-12835,intent,transport_query,transport_ticket,0.5962981541541014
qwen-qlora-v2-calibrated,massive-test,massive-test-12839,intent,transport_query,recommendation_locations,0.9585374043559426
qwen-qlora-v2-calibrated,massive-test,massive-test-12930,intent,transport_query,recommendation_locations,0.9183279960283706
qwen-qlora-v2-calibrated,massive-test,massive-test-12932,intent,transport_query,recommendation_locations,0.8473550899572451
qwen-qlora-v2-calibrated,massive-test,massive-test-12987,intent,general_quirky,music_likeness,0.20605884008229663
qwen-qlora-v2-calibrated,massive-test,massive-test-12999,intent,qa_factoid,music_query,0.6486684290569824
qwen-qlora-v2-calibrated,massive-test,massive-test-13031,intent,recommendation_locations,takeaway_order,0.567619726630326
qwen-qlora-v2-calibrated,massive-test,massive-test-13043,intent,lists_createoradd,recommendation_locations,0.8931099266215969
qwen-qlora-v2-calibrated,massive-test,massive-test-13044,intent,general_quirky,music_query,0.4345038194173245
qwen-qlora-v2-calibrated,massive-test,massive-test-13064,intent,general_quirky,qa_definition,0.7362216242825728
qwen-qlora-v2-calibrated,massive-test,massive-test-13067,intent,general_quirky,music_settings,0.2517027162050712
qwen-qlora-v2-calibrated,massive-test,massive-test-13074,intent,qa_factoid,recommendation_movies,0.47630127795905447
qwen-qlora-v2-calibrated,massive-test,massive-test-13083,intent,general_quirky,transport_taxi,0.21525870536320627
qwen-qlora-v2-calibrated,massive-test,massive-test-13140,intent,qa_definition,weather_query,0.5239493627497633
qwen-qlora-v2-calibrated,massive-test,massive-test-13150,intent,general_quirky,qa_maths,0.08194711575312587
qwen-qlora-v2-calibrated,massive-test,massive-test-13175,intent,general_quirky,recommendation_locations,0.46046036449854166
qwen-qlora-v2-calibrated,massive-test,massive-test-13177,intent,calendar_set,lists_createoradd,0.09784968977898152
qwen-qlora-v2-calibrated,massive-test,massive-test-13178,intent,calendar_set,social_post,0.20212114233267212
qwen-qlora-v2-calibrated,massive-test,massive-test-13186,intent,general_quirky,general_greet,0.5276103079230857
qwen-qlora-v2-calibrated,massive-test,massive-test-13188,intent,news_query,qa_factoid,0.36798477745534336
qwen-qlora-v2-calibrated,massive-test,massive-test-13197,intent,general_quirky,lists_query,0.10811947270119071
qwen-qlora-v2-calibrated,massive-test,massive-test-13206,intent,qa_definition,calendar_query,0.11692640894661281
qwen-qlora-v2-calibrated,massive-test,massive-test-13221,intent,general_quirky,recommendation_movies,0.29914038920524944
qwen-qlora-v2-calibrated,massive-test,massive-test-13222,intent,general_quirky,takeaway_query,0.33600265862951656
qwen-qlora-v2-calibrated,massive-test,massive-test-13242,intent,general_quirky,cooking_recipe,0.8056580047943601
qwen-qlora-v2-calibrated,massive-test,massive-test-13283,intent,qa_factoid,qa_stock,0.5981993054771356
qwen-qlora-v2-calibrated,massive-test,massive-test-13298,intent,qa_factoid,music_settings,0.1161627427185864
qwen-qlora-v2-calibrated,massive-test,massive-test-13303,intent,general_quirky,cooking_query,0.4049336838632425
qwen-qlora-v2-calibrated,massive-test,massive-test-13312,intent,qa_maths,qa_currency,0.78771465647823
qwen-qlora-v2-calibrated,massive-test,massive-test-13340,intent,general_quirky,qa_maths,0.4544436983840079
qwen-qlora-v2-calibrated,massive-test,massive-test-13341,intent,general_quirky,music_settings,0.7875828158265301
qwen-qlora-v2-calibrated,massive-test,massive-test-13342,intent,general_quirky,lists_query,0.20252516024262246
qwen-qlora-v2-calibrated,massive-test,massive-test-13363,intent,general_quirky,datetime_query,0.1781364796549483
qwen-qlora-v2-calibrated,massive-test,massive-test-13372,intent,general_quirky,music_query,0.1748878850869518
qwen-qlora-v2-calibrated,massive-test,massive-test-13404,intent,general_quirky,recommendation_locations,0.4007810397063832
qwen-qlora-v2-calibrated,massive-test,massive-test-13407,intent,general_quirky,qa_factoid,0.7955224603378102
qwen-qlora-v2-calibrated,massive-test,massive-test-13451,intent,general_quirky,lists_createoradd,0.10270411109316217
qwen-qlora-v2-calibrated,massive-test,massive-test-13457,intent,calendar_set,alarm_set,0.5121147844296401
qwen-qlora-v2-calibrated,massive-test,massive-test-13464,intent,general_quirky,calendar_query,0.35455149998362423
qwen-qlora-v2-calibrated,massive-test,massive-test-13467,intent,general_quirky,general_greet,0.07025322296904793
qwen-qlora-v2-calibrated,massive-test,massive-test-13486,intent,general_quirky,lists_query,0.3807319013110251
qwen-qlora-v2-calibrated,massive-test,massive-test-13491,intent,general_quirky,takeaway_query,0.34025283621970454
qwen-qlora-v2-calibrated,massive-test,massive-test-13521,intent,general_quirky,qa_factoid,0.8377069915372942
qwen-qlora-v2-calibrated,massive-test,massive-test-13524,intent,general_quirky,lists_createoradd,0.2912958053864832
qwen-qlora-v2-calibrated,massive-test,massive-test-13536,intent,general_quirky,recommendation_movies,0.16388758470428244
qwen-qlora-v2-calibrated,massive-test,massive-test-13546,intent,qa_factoid,recommendation_movies,0.649816564037171
qwen-qlora-v2-calibrated,massive-test,massive-test-13547,intent,general_quirky,recommendation_locations,0.22214915669477406
qwen-qlora-v2-calibrated,massive-test,massive-test-13548,intent,iot_wemo_on,iot_hue_lighton,0.537068922098964
qwen-qlora-v2-calibrated,massive-test,massive-test-13554,intent,qa_factoid,recommendation_movies,0.6557522196882029
qwen-qlora-v2-calibrated,massive-test,massive-test-13575,intent,qa_factoid,recommendation_movies,0.6084475298746149
qwen-qlora-v2-calibrated,massive-test,massive-test-13616,intent,qa_factoid,recommendation_locations,0.8871657500223142
qwen-qlora-v2-calibrated,massive-test,massive-test-13618,intent,general_quirky,recommendation_events,0.6713347463953288
qwen-qlora-v2-calibrated,massive-test,massive-test-13625,intent,qa_definition,qa_factoid,0.7887253176172478
qwen-qlora-v2-calibrated,massive-test,massive-test-13679,intent,qa_factoid,general_quirky,0.20786173805060068
qwen-qlora-v2-calibrated,massive-test,massive-test-13681,intent,qa_factoid,music_query,0.5413319734164617
qwen-qlora-v2-calibrated,massive-test,massive-test-13690,intent,qa_factoid,iot_hue_lightchange,0.311034692714711
qwen-qlora-v2-calibrated,massive-test,massive-test-13694,intent,general_quirky,play_audiobook,0.12828387850581863
qwen-qlora-v2-calibrated,massive-test,massive-test-13706,intent,qa_definition,qa_stock,0.08850717321046936
qwen-qlora-v2-calibrated,massive-test,massive-test-13744,intent,general_quirky,qa_definition,0.38762463053485974
qwen-qlora-v2-calibrated,massive-test,massive-test-13761,intent,qa_factoid,qa_definition,0.7600674234810781
qwen-qlora-v2-calibrated,massive-test,massive-test-13762,intent,general_quirky,qa_factoid,0.21983849444325582
qwen-qlora-v2-calibrated,massive-test,massive-test-13777,intent,qa_definition,takeaway_query,0.10850633704809645
qwen-qlora-v2-calibrated,massive-test,massive-test-13823,intent,qa_factoid,weather_query,0.5101364679508416
qwen-qlora-v2-calibrated,massive-test,massive-test-13854,intent,qa_factoid,music_query,0.6888937322377644
qwen-qlora-v2-calibrated,massive-test,massive-test-13858,intent,qa_stock,takeaway_query,0.6775407863452682
qwen-qlora-v2-calibrated,massive-test,massive-test-13867,intent,qa_factoid,recommendation_locations,0.9162015292192165
qwen-qlora-v2-calibrated,massive-test,massive-test-13869,intent,qa_factoid,recommendation_locations,0.8447241557363352
qwen-qlora-v2-calibrated,massive-test,massive-test-13871,intent,qa_definition,general_greet,0.3494427610842386
qwen-qlora-v2-calibrated,massive-test,massive-test-13881,intent,qa_factoid,music_query,0.4381948536553773
qwen-qlora-v2-calibrated,massive-test,massive-test-13888,intent,qa_factoid,weather_query,0.8768494168523345
qwen-qlora-v2-calibrated,massive-test,massive-test-13907,intent,qa_definition,general_joke,0.07575760540712058
qwen-qlora-v2-calibrated,massive-test,massive-test-13927,intent,qa_factoid,qa_stock,0.40091524425726216
qwen-qlora-v2-calibrated,massive-test,massive-test-13929,intent,general_quirky,weather_query,0.7012161168604688
qwen-qlora-v2-calibrated,massive-test,massive-test-13983,intent,qa_definition,music_dislikeness,0.3059219101263384
qwen-qlora-v2-calibrated,massive-test,massive-test-13984,intent,qa_definition,calendar_query,0.10778799616608367
qwen-qlora-v2-calibrated,massive-test,massive-test-13986,intent,general_quirky,play_audiobook,0.08919096409092273
qwen-qlora-v2-calibrated,massive-test,massive-test-13997,intent,qa_factoid,takeaway_query,0.4559400382892646
qwen-qlora-v2-calibrated,massive-test,massive-test-14011,intent,qa_factoid,datetime_query,0.4515168160058183
qwen-qlora-v2-calibrated,massive-test,massive-test-14023,intent,qa_definition,calendar_query,0.18606511277025153
qwen-qlora-v2-calibrated,massive-test,massive-test-14071,intent,general_quirky,lists_query,0.21643107047029056
qwen-qlora-v2-calibrated,massive-test,massive-test-14101,intent,general_quirky,music_query,0.624405121014464
qwen-qlora-v2-calibrated,massive-test,massive-test-14115,intent,qa_definition,qa_factoid,0.13127919135520558
qwen-qlora-v2-calibrated,massive-test,massive-test-14117,intent,qa_factoid,recommendation_locations,0.6038352667293997
qwen-qlora-v2-calibrated,massive-test,massive-test-14118,intent,qa_factoid,recommendation_locations,0.41068826200618175
qwen-qlora-v2-calibrated,massive-test,massive-test-14126,intent,qa_factoid,music_query,0.6824942580971602
qwen-qlora-v2-calibrated,massive-test,massive-test-14151,intent,qa_factoid,lists_query,0.053988428715746085
qwen-qlora-v2-calibrated,massive-test,massive-test-14154,intent,qa_factoid,news_query,0.6144614773686615
qwen-qlora-v2-calibrated,massive-test,massive-test-14163,intent,qa_factoid,recommendation_locations,0.557895137642216
qwen-qlora-v2-calibrated,massive-test,massive-test-14169,intent,qa_factoid,recommendation_locations,0.3393251314219389
qwen-qlora-v2-calibrated,massive-test,massive-test-14170,intent,qa_factoid,music_likeness,0.16017089138080795
qwen-qlora-v2-calibrated,massive-test,massive-test-14179,intent,qa_factoid,transport_query,0.28759688690487367
qwen-qlora-v2-calibrated,massive-test,massive-test-14229,intent,qa_factoid,recommendation_movies,0.7565964042831526
qwen-qlora-v2-calibrated,massive-test,massive-test-14243,intent,qa_factoid,email_addcontact,0.27158059100058696
qwen-qlora-v2-calibrated,massive-test,massive-test-14246,intent,general_quirky,qa_factoid,0.3132930846707213
qwen-qlora-v2-calibrated,massive-test,massive-test-14272,intent,qa_definition,play_audiobook,0.7298708447602517
qwen-qlora-v2-calibrated,massive-test,massive-test-14283,intent,qa_factoid,recommendation_locations,0.4385510651309066
qwen-qlora-v2-calibrated,massive-test,massive-test-14308,intent,qa_factoid,recommendation_movies,0.3582611539432395
qwen-qlora-v2-calibrated,massive-test,massive-test-14315,intent,general_quirky,qa_factoid,0.48008347496404535
qwen-qlora-v2-calibrated,massive-test,massive-test-14323,intent,qa_factoid,qa_definition,0.36167974472291736
qwen-qlora-v2-calibrated,massive-test,massive-test-14339,intent,general_quirky,qa_factoid,0.5675954984760261
qwen-qlora-v2-calibrated,massive-test,massive-test-14348,intent,general_quirky,weather_query,0.08357106106022988
qwen-qlora-v2-calibrated,massive-test,massive-test-14356,intent,general_quirky,recommendation_locations,0.5813645826269355
qwen-qlora-v2-calibrated,massive-test,massive-test-14367,intent,general_quirky,general_joke,0.24297059960228645
qwen-qlora-v2-calibrated,massive-test,massive-test-14368,intent,general_quirky,qa_factoid,0.8783259830386517
qwen-qlora-v2-calibrated,massive-test,massive-test-14412,intent,general_quirky,play_audiobook,0.10010348011247014
qwen-qlora-v2-calibrated,massive-test,massive-test-14414,intent,qa_definition,transport_query,0.09004091574286692
qwen-qlora-v2-calibrated,massive-test,massive-test-14418,intent,general_quirky,qa_factoid,0.6133033114235035
qwen-qlora-v2-calibrated,massive-test,massive-test-14419,intent,qa_factoid,recommendation_movies,0.9469032409941396
qwen-qlora-v2-calibrated,massive-test,massive-test-14442,intent,qa_factoid,recommendation_locations,0.8237199373513512
qwen-qlora-v2-calibrated,massive-test,massive-test-14444,intent,qa_factoid,recommendation_movies,0.8563001679369903
qwen-qlora-v2-calibrated,massive-test,massive-test-14457,intent,qa_factoid,transport_query,0.9137847046917765
qwen-qlora-v2-calibrated,massive-test,massive-test-14461,intent,general_quirky,qa_definition,0.23264644050713099
qwen-qlora-v2-calibrated,massive-test,massive-test-14465,intent,transport_query,recommendation_locations,0.7208419437258184
qwen-qlora-v2-calibrated,massive-test,massive-test-14481,intent,general_quirky,weather_query,0.14693681532861147
qwen-qlora-v2-calibrated,massive-test,massive-test-14498,intent,qa_definition,qa_factoid,0.3753295842326325
qwen-qlora-v2-calibrated,massive-test,massive-test-14539,intent,qa_factoid,recommendation_locations,0.7438426285185311
qwen-qlora-v2-calibrated,massive-test,massive-test-14549,intent,lists_createoradd,music_query,0.562832246305212
qwen-qlora-v2-calibrated,massive-test,massive-test-14553,intent,general_quirky,qa_factoid,0.7997228708279945
qwen-qlora-v2-calibrated,massive-test,massive-test-14564,intent,general_quirky,qa_definition,0.4090412541758435
qwen-qlora-v2-calibrated,massive-test,massive-test-14585,intent,qa_factoid,transport_query,0.4778138990821378
qwen-qlora-v2-calibrated,massive-test,massive-test-14591,intent,qa_definition,qa_factoid,0.15096809597568578
qwen-qlora-v2-calibrated,massive-test,massive-test-14592,intent,qa_definition,lists_query,0.13444895564010262
qwen-qlora-v2-calibrated,massive-test,massive-test-14608,intent,qa_factoid,recommendation_movies,0.9323887910814078
qwen-qlora-v2-calibrated,massive-test,massive-test-14668,intent,qa_definition,iot_hue_lightchange,0.13158764364728648
qwen-qlora-v2-calibrated,massive-test,massive-test-14673,intent,general_quirky,qa_factoid,0.8865024449845859
qwen-qlora-v2-calibrated,massive-test,massive-test-14690,intent,qa_definition,qa_factoid,0.48431324506254136
qwen-qlora-v2-calibrated,massive-test,massive-test-14701,intent,qa_definition,play_game,0.876727612834454
qwen-qlora-v2-calibrated,massive-test,massive-test-14705,intent,qa_factoid,recommendation_locations,0.09340377230058157
qwen-qlora-v2-calibrated,massive-test,massive-test-14767,intent,qa_definition,lists_createoradd,0.08801721187760278
qwen-qlora-v2-calibrated,massive-test,massive-test-14791,intent,qa_factoid,qa_definition,0.7416648791501926
qwen-qlora-v2-calibrated,massive-test,massive-test-14794,intent,qa_factoid,music_query,0.45557509097529814
qwen-qlora-v2-calibrated,massive-test,massive-test-14817,intent,general_quirky,music_dislikeness,0.20007484996548358
qwen-qlora-v2-calibrated,massive-test,massive-test-14822,intent,qa_factoid,calendar_query,0.14065433309554073
qwen-qlora-v2-calibrated,massive-test,massive-test-14838,intent,qa_factoid,qa_definition,0.4984860573407527
qwen-qlora-v2-calibrated,massive-test,massive-test-14877,intent,qa_factoid,weather_query,0.9268040272636189
qwen-qlora-v2-calibrated,massive-test,massive-test-14889,intent,qa_definition,lists_query,0.10369931491899466
qwen-qlora-v2-calibrated,massive-test,massive-test-14891,intent,qa_factoid,music_settings,0.17758665177143526
qwen-qlora-v2-calibrated,massive-test,massive-test-14917,intent,qa_factoid,music_query,0.8017907362507481
qwen-qlora-v2-calibrated,massive-test,massive-test-14958,intent,general_quirky,calendar_query,0.08045200784596815
qwen-qlora-v2-calibrated,massive-test,massive-test-14963,intent,general_quirky,iot_hue_lighton,0.06505529196418698
qwen-qlora-v2-calibrated,massive-test,massive-test-14967,intent,general_quirky,qa_maths,0.1677890010202768
qwen-qlora-v2-calibrated,massive-test,massive-test-14981,intent,qa_definition,audio_volume_mute,0.05579601147753688
qwen-qlora-v2-calibrated,massive-test,massive-test-14994,intent,qa_factoid,recommendation_movies,0.9442134863139735
qwen-qlora-v2-calibrated,massive-test,massive-test-15020,intent,qa_factoid,recommendation_movies,0.4013594586551771
qwen-qlora-v2-calibrated,massive-test,massive-test-15062,intent,qa_factoid,calendar_query,0.37007992435297005
qwen-qlora-v2-calibrated,massive-test,massive-test-15092,intent,qa_definition,qa_factoid,0.4225093024150796
qwen-qlora-v2-calibrated,massive-test,massive-test-15113,intent,general_quirky,weather_query,0.5080420678559652
qwen-qlora-v2-calibrated,massive-test,massive-test-15137,intent,general_quirky,qa_stock,0.08820224536270808
qwen-qlora-v2-calibrated,massive-test,massive-test-15138,intent,social_query,social_post,0.6340516032463437
qwen-qlora-v2-calibrated,massive-test,massive-test-15181,intent,social_query,email_addcontact,0.3614100642947457
qwen-qlora-v2-calibrated,massive-test,massive-test-15185,intent,social_post,music_dislikeness,0.1122419205688153
qwen-qlora-v2-calibrated,massive-test,massive-test-15199,intent,social_query,music_dislikeness,0.11209997543622839
qwen-qlora-v2-calibrated,massive-test,massive-test-15203,intent,social_query,calendar_query,0.16208893046107278
qwen-qlora-v2-calibrated,massive-test,massive-test-15205,intent,social_query,social_post,0.6196561766862905
qwen-qlora-v2-calibrated,massive-test,massive-test-15213,intent,news_query,recommendation_events,0.19807299465615874
qwen-qlora-v2-calibrated,massive-test,massive-test-15225,intent,social_query,calendar_query,0.10869283482922246
qwen-qlora-v2-calibrated,massive-test,massive-test-15249,intent,social_query,social_post,0.8012931200833275
qwen-qlora-v2-calibrated,massive-test,massive-test-15274,intent,social_query,social_post,0.729051886385021
qwen-qlora-v2-calibrated,massive-test,massive-test-15280,intent,social_query,social_post,0.39995463839458856
qwen-qlora-v2-calibrated,massive-test,massive-test-15305,intent,calendar_query,social_query,0.6079648896805221
qwen-qlora-v2-calibrated,massive-test,massive-test-15333,intent,social_query,takeaway_query,0.6256069668431045
qwen-qlora-v2-calibrated,massive-test,massive-test-15350,intent,social_post,music_dislikeness,0.6598659196879813
qwen-qlora-v2-calibrated,massive-test,massive-test-15364,intent,social_post,music_dislikeness,0.3633301716920551
qwen-qlora-v2-calibrated,massive-test,massive-test-15382,intent,social_post,iot_cleaning,0.7120575663507407
qwen-qlora-v2-calibrated,massive-test,massive-test-15399,intent,social_post,social_query,0.07097686947109728
qwen-qlora-v2-calibrated,massive-test,massive-test-15413,intent,social_post,calendar_remove,0.12064143111507288
qwen-qlora-v2-calibrated,massive-test,massive-test-15444,intent,social_post,music_likeness,0.5824268861023174
qwen-qlora-v2-calibrated,massive-test,massive-test-15445,intent,social_query,music_dislikeness,0.07483431721081202
qwen-qlora-v2-calibrated,massive-test,massive-test-15467,intent,social_post,music_dislikeness,0.9038867761210667
qwen-qlora-v2-calibrated,massive-test,massive-test-15511,intent,social_query,social_post,0.5070991031554715
qwen-qlora-v2-calibrated,massive-test,massive-test-15553,intent,social_post,music_dislikeness,0.34955506992321844
qwen-qlora-v2-calibrated,massive-test,massive-test-15561,intent,general_quirky,calendar_query,0.3131584634217658
qwen-qlora-v2-calibrated,massive-test,massive-test-15563,intent,general_quirky,calendar_query,0.07174404078238078
qwen-qlora-v2-calibrated,massive-test,massive-test-15565,intent,social_post,music_dislikeness,0.7822533045347714
qwen-qlora-v2-calibrated,massive-test,massive-test-15598,intent,social_post,lists_query,0.05983559564077527
qwen-qlora-v2-calibrated,massive-test,massive-test-15651,intent,social_post,email_sendemail,0.18802212417042374
qwen-qlora-v2-calibrated,massive-test,massive-test-15652,intent,social_post,calendar_query,0.17243258235270795
qwen-qlora-v2-calibrated,massive-test,massive-test-15686,intent,social_post,general_greet,0.49754267882445385
qwen-qlora-v2-calibrated,massive-test,massive-test-15700,intent,social_post,qa_stock,0.3955744120546362
qwen-qlora-v2-calibrated,massive-test,massive-test-15708,intent,social_post,music_dislikeness,0.5083904502930853
qwen-qlora-v2-calibrated,massive-test,massive-test-15736,intent,social_post,music_dislikeness,0.5333593523411757
qwen-qlora-v2-calibrated,massive-test,massive-test-15765,intent,email_sendemail,email_query,0.3960950021323479
qwen-qlora-v2-calibrated,massive-test,massive-test-15794,intent,email_querycontact,recommendation_locations,0.7680394804587721
qwen-qlora-v2-calibrated,massive-test,massive-test-15815,intent,email_querycontact,email_addcontact,0.33393929313213705
qwen-qlora-v2-calibrated,massive-test,massive-test-15825,intent,email_sendemail,general_greet,0.07915409081821283
qwen-qlora-v2-calibrated,massive-test,massive-test-15828,intent,email_sendemail,email_addcontact,0.9752561789161065
qwen-qlora-v2-calibrated,massive-test,massive-test-15829,intent,email_sendemail,email_addcontact,0.9494442600237898
qwen-qlora-v2-calibrated,massive-test,massive-test-15839,intent,email_query,calendar_query,0.06476835505561017
qwen-qlora-v2-calibrated,massive-test,massive-test-15845,intent,email_sendemail,audio_volume_other,0.05055236655224932
qwen-qlora-v2-calibrated,massive-test,massive-test-15847,intent,email_sendemail,takeaway_query,0.11984182137024924
qwen-qlora-v2-calibrated,massive-test,massive-test-15906,intent,email_sendemail,general_greet,0.26595871268724697
qwen-qlora-v2-calibrated,massive-test,massive-test-15948,intent,email_querycontact,email_addcontact,0.43610101037031174
qwen-qlora-v2-calibrated,massive-test,massive-test-15950,intent,email_sendemail,email_query,0.6827045351613448
qwen-qlora-v2-calibrated,massive-test,massive-test-15966,intent,email_query,email_sendemail,0.8286522692356586
qwen-qlora-v2-calibrated,massive-test,massive-test-15982,intent,email_querycontact,email_addcontact,0.4141240530064336
qwen-qlora-v2-calibrated,massive-test,massive-test-15987,intent,email_addcontact,email_sendemail,0.9336260469448788
qwen-qlora-v2-calibrated,massive-test,massive-test-15998,intent,email_query,email_querycontact,0.4049074374581719
qwen-qlora-v2-calibrated,massive-test,massive-test-16050,intent,email_query,social_query,0.21168324987578718
qwen-qlora-v2-calibrated,massive-test,massive-test-16100,intent,email_query,lists_createoradd,0.5886715941365016
qwen-qlora-v2-calibrated,massive-test,massive-test-16131,intent,email_sendemail,email_addcontact,0.9555888489889008
qwen-qlora-v2-calibrated,massive-test,massive-test-16146,intent,news_query,calendar_query,0.4908542355434325
qwen-qlora-v2-calibrated,massive-test,massive-test-16151,intent,email_query,calendar_query,0.8995329475243403
qwen-qlora-v2-calibrated,massive-test,massive-test-16158,intent,email_addcontact,email_query,0.7848803896096028
qwen-qlora-v2-calibrated,massive-test,massive-test-16162,intent,email_sendemail,iot_hue_lighton,0.12489999946097399
qwen-qlora-v2-calibrated,massive-test,massive-test-16165,intent,email_query,music_dislikeness,0.07709055160304151
qwen-qlora-v2-calibrated,massive-test,massive-test-16166,intent,email_sendemail,calendar_query,0.7057496864430126
qwen-qlora-v2-calibrated,massive-test,massive-test-16222,intent,email_querycontact,qa_factoid,0.6882664237660588
qwen-qlora-v2-calibrated,massive-test,massive-test-16228,intent,email_querycontact,calendar_query,0.5158922448209601
qwen-qlora-v2-calibrated,massive-test,massive-test-16275,intent,email_query,email_sendemail,0.8427153945679059
qwen-qlora-v2-calibrated,massive-test,massive-test-16282,intent,email_sendemail,calendar_remove,0.770220119688121
qwen-qlora-v2-calibrated,massive-test,massive-test-16356,intent,email_query,email_sendemail,0.8678626167697392
qwen-qlora-v2-calibrated,massive-test,massive-test-16357,intent,email_query,email_sendemail,0.663166610914819
qwen-qlora-v2-calibrated,massive-test,massive-test-16406,intent,email_sendemail,email_query,0.36255382225819655
qwen-qlora-v2-calibrated,massive-test,massive-test-16455,intent,email_addcontact,email_sendemail,0.5890474095702579
qwen-qlora-v2-calibrated,massive-test,massive-test-16518,intent,email_sendemail,email_addcontact,0.9465739286813037
qwen-qlora-v2-calibrated,massive-test,massive-test-16519,intent,email_sendemail,email_addcontact,0.9642591059827073
qwen-qlora-v2-calibrated,massive-test,massive-test-16529,intent,email_querycontact,email_addcontact,0.5759818060646691
qwen-qlora-v2-calibrated,massive-test,massive-test-16583,intent,email_querycontact,qa_factoid,0.31675129511466954
qwen-qlora-v2-calibrated,massive-test,massive-test-16591,intent,email_sendemail,email_query,0.7667689001050322
qwen-qlora-v2-calibrated,massive-test,massive-test-16593,intent,email_sendemail,email_query,0.8450106707655695
qwen-qlora-v2-calibrated,massive-test,massive-test-16613,intent,email_sendemail,email_query,0.518328953450922
qwen-qlora-v2-calibrated,massive-test,massive-test-16630,intent,email_sendemail,email_query,0.854090437199784
qwen-qlora-v2-calibrated,massive-test,massive-test-16672,intent,email_query,email_querycontact,0.3130138757987688
qwen-qlora-v2-calibrated,massive-test,massive-test-16703,intent,email_sendemail,email_query,0.8333622504900366
qwen-qlora-v2-calibrated,massive-test,massive-test-16711,intent,email_querycontact,qa_factoid,0.24471820361793667
qwen-qlora-v2-calibrated,massive-test,massive-test-16754,intent,email_sendemail,email_query,0.465588876243179
qwen-qlora-v2-calibrated,massive-test,massive-test-16797,intent,email_querycontact,transport_taxi,0.7646762959901564
qwen-qlora-v2-calibrated,massive-test,massive-test-16846,intent,email_addcontact,email_sendemail,0.766985172386086
qwen-qlora-v2-calibrated,massive-test,massive-test-16851,intent,email_query,email_sendemail,0.9096797124377721
qwen-qlora-v2-calibrated,massive-test,massive-test-16859,intent,email_query,email_sendemail,0.8407149441129365
qwen-qlora-v2-calibrated,massive-test,massive-test-16874,intent,email_querycontact,email_addcontact,0.2779234447191322
qwen-qlora-v2-calibrated,massive-test,massive-test-16886,intent,email_sendemail,email_query,0.5587385916752741
qwen-qlora-v2-calibrated,massive-test,massive-test-16890,intent,email_query,email_sendemail,0.5437631957755433
qwen-qlora-v2-calibrated,massive-test,massive-test-16907,intent,email_querycontact,email_addcontact,0.6527184732069619
qwen-qlora-v2-calibrated,massive-test,massive-test-16916,intent,email_sendemail,email_query,0.8376434315368388
qwen-qlora-v2-calibrated,massive-test,massive-test-16961,intent,email_sendemail,iot_hue_lighton,0.10240142247363716
qwen-qlora-v2-calibrated,massive-test,massive-test-17015,intent,email_sendemail,iot_hue_lighton,0.09321499581190312
qwen-qlora-v2-calibrated,massive-test,massive-test-17019,intent,email_sendemail,email_query,0.6470492473558551
qwen-qlora-v2-calibrated,massive-test,massive-test-17020,intent,email_sendemail,email_query,0.8054009132842931
qwen-qlora-v2-calibrated,massive-test,massive-test-17023,intent,email_sendemail,weather_query,0.8910468126290646
qwen-qlora-v2-calibrated,massive-test,massive-test-17051,intent,email_query,email_sendemail,0.742270105540172
qwen-qlora-v2-calibrated,massive-test,massive-test-17052,intent,email_query,calendar_query,0.21355920781395116
qwen-qlora-v2-calibrated,massive-test,massive-test-17090,intent,email_querycontact,email_addcontact,0.7061680460284295
qwen-qlora-v2-calibrated,massive-test,massive-test-17095,intent,email_querycontact,email_query,0.5264076968617056
qwen-qlora-v2-calibrated,massive-test,massive-test-17111,intent,email_querycontact,email_addcontact,0.4533965784952536
qwen-qlora-v2-calibrated,massive-test,massive-test-17123,intent,email_sendemail,email_query,0.6456242888177245
qwen-qlora-v2-calibrated,massive-test,massive-test-17135,intent,email_query,news_query,0.36375803190171785
qwen-qlora-v2-calibrated,massive-test,massive-test-17138,intent,email_query,lists_query,0.10321624363220425
qwen-qlora-v2-calibrated,massive-test,massive-test-17147,intent,email_sendemail,general_greet,0.38402656485311537
qwen-qlora-v2-calibrated,massive-test,massive-test-17148,intent,email_sendemail,general_greet,0.6183931113776976
qwen-qlora-v2-calibrated,massive-test,massive-test-17151,intent,email_sendemail,email_query,0.14446140775481456
